-- MySQL dump 10.13  Distrib 5.7.17, for Win64 (x86_64)
--
-- Host: localhost    Database: archeronedb
-- ------------------------------------------------------
-- Server version	5.7.14

/*!40101 SET @OLD_CHARACTER_SET_CLIENT=@@CHARACTER_SET_CLIENT */;
/*!40101 SET @OLD_CHARACTER_SET_RESULTS=@@CHARACTER_SET_RESULTS */;
/*!40101 SET @OLD_COLLATION_CONNECTION=@@COLLATION_CONNECTION */;
/*!40101 SET NAMES utf8 */;
/*!40103 SET @OLD_TIME_ZONE=@@TIME_ZONE */;
/*!40103 SET TIME_ZONE='+00:00' */;
/*!40014 SET @OLD_UNIQUE_CHECKS=@@UNIQUE_CHECKS, UNIQUE_CHECKS=0 */;
/*!40014 SET @OLD_FOREIGN_KEY_CHECKS=@@FOREIGN_KEY_CHECKS, FOREIGN_KEY_CHECKS=0 */;
/*!40101 SET @OLD_SQL_MODE=@@SQL_MODE, SQL_MODE='NO_AUTO_VALUE_ON_ZERO' */;
/*!40111 SET @OLD_SQL_NOTES=@@SQL_NOTES, SQL_NOTES=0 */;

--
-- Table structure for table `alias`
--

DROP TABLE IF EXISTS `alias`;
/*!40101 SET @saved_cs_client     = @@character_set_client */;
/*!40101 SET character_set_client = utf8 */;
CREATE TABLE `alias` (
  `alias_id` int(11) NOT NULL AUTO_INCREMENT,
  `user_id` int(11) DEFAULT NULL,
  `alias_name` varchar(45) DEFAULT NULL,
  `time_stamp` timestamp NULL DEFAULT NULL,
  PRIMARY KEY (`alias_id`)
) ENGINE=MyISAM AUTO_INCREMENT=23 DEFAULT CHARSET=latin1;
/*!40101 SET character_set_client = @saved_cs_client */;

--
-- Dumping data for table `alias`
--

LOCK TABLES `alias` WRITE;
/*!40000 ALTER TABLE `alias` DISABLE KEYS */;
INSERT INTO `alias` VALUES (1,11323906,'Nikko',NULL),(2,11323906,'Borja',NULL),(3,11324783,'Ken',NULL),(4,11324783,'Hapon',NULL),(5,11316330,'Jed',NULL),(6,11316330,'Jared',NULL),(7,11319992,'Mervin',NULL),(8,11319992,'Uy',NULL),(9,11111111,'Rey',NULL),(10,22222222,'Kylo',NULL),(11,33333333,'Han',NULL),(12,14444444,'Wang',NULL),(13,24444444,'Syfu',NULL),(14,34444444,'Patrick',NULL),(15,15555555,'Courtney',NULL),(16,25555555,'Bulos',NULL),(17,25555555,'Remy',NULL),(18,25555555,'Rems',NULL),(19,35555555,'Ethel',NULL),(20,17777777,'Dany',NULL),(21,27777777,'Joffrey',NULL),(22,37777777,'Jon',NULL);
/*!40000 ALTER TABLE `alias` ENABLE KEYS */;
UNLOCK TABLES;

--
-- Table structure for table `area`
--

DROP TABLE IF EXISTS `area`;
/*!40101 SET @saved_cs_client     = @@character_set_client */;
/*!40101 SET character_set_client = utf8 */;
CREATE TABLE `area` (
  `area_id` int(11) NOT NULL AUTO_INCREMENT,
  `area_name` varchar(70) DEFAULT NULL,
  `time_stamp` timestamp NULL DEFAULT NULL,
  PRIMARY KEY (`area_id`)
) ENGINE=MyISAM AUTO_INCREMENT=2 DEFAULT CHARSET=latin1;
/*!40101 SET character_set_client = @saved_cs_client */;

--
-- Dumping data for table `area`
--

LOCK TABLES `area` WRITE;
/*!40000 ALTER TABLE `area` DISABLE KEYS */;
INSERT INTO `area` VALUES (1,'No Area',NULL);
/*!40000 ALTER TABLE `area` ENABLE KEYS */;
UNLOCK TABLES;

--
-- Table structure for table `college`
--

DROP TABLE IF EXISTS `college`;
/*!40101 SET @saved_cs_client     = @@character_set_client */;
/*!40101 SET character_set_client = utf8 */;
CREATE TABLE `college` (
  `college_id` int(11) NOT NULL AUTO_INCREMENT,
  `college_code` varchar(45) DEFAULT NULL,
  `college_name` varchar(100) DEFAULT NULL,
  `isObsolete` int(11) DEFAULT NULL,
  `time_stamp` timestamp NULL DEFAULT NULL,
  PRIMARY KEY (`college_id`)
) ENGINE=MyISAM AUTO_INCREMENT=10 DEFAULT CHARSET=latin1;
/*!40101 SET character_set_client = @saved_cs_client */;

--
-- Dumping data for table `college`
--

LOCK TABLES `college` WRITE;
/*!40000 ALTER TABLE `college` DISABLE KEYS */;
INSERT INTO `college` VALUES (1,'BAGCED','Br. Andrew Gonzalez College of Education',0,NULL),(2,'CCS','College of Computer Studies',0,NULL),(3,'COL','College of Law',0,NULL),(4,'CLA','College of Liberal Arts',0,NULL),(5,'COS','College of Science',0,NULL),(6,'GCOE','Gokongwei College of Engineering',0,NULL),(7,'RVRCOB','Ramon V. del Rosario College of Business',0,NULL),(8,'SOE','School of Economics',0,NULL),(9,'NC','No College',0,NULL);
/*!40000 ALTER TABLE `college` ENABLE KEYS */;
UNLOCK TABLES;

--
-- Table structure for table `constraints`
--

DROP TABLE IF EXISTS `constraints`;
/*!40101 SET @saved_cs_client     = @@character_set_client */;
/*!40101 SET character_set_client = utf8 */;
CREATE TABLE `constraints` (
  `constraint_id` int(11) NOT NULL AUTO_INCREMENT,
  `dept_id` int(11) DEFAULT NULL,
  `MAX_HOURS_PER_DAY` float DEFAULT NULL,
  `MAX_CONSECUTIVE_HOURS` float DEFAULT NULL,
  `MAX_PREPARATIONS` int(11) DEFAULT NULL,
  `MIN_PREPARATIONS` int(11) DEFAULT NULL,
  `MAX_LOAD_PARTTIME` float DEFAULT NULL,
  `MIN_LOAD_PARTTIME` float DEFAULT NULL,
  `MAX_LOAD_HALFTIME` float DEFAULT NULL,
  `MIN_LOAD_HALFTIME` float DEFAULT NULL,
  `MAX_LOAD_FULLTIME` float DEFAULT NULL,
  `MIN_LOAD_FULLTIME` float DEFAULT NULL,
  `time_stamp` timestamp NULL DEFAULT NULL,
  PRIMARY KEY (`constraint_id`)
) ENGINE=MyISAM AUTO_INCREMENT=5 DEFAULT CHARSET=latin1;
/*!40101 SET character_set_client = @saved_cs_client */;

--
-- Dumping data for table `constraints`
--

LOCK TABLES `constraints` WRITE;
/*!40000 ALTER TABLE `constraints` DISABLE KEYS */;
INSERT INTO `constraints` VALUES (1,1,6,4.5,4,3,6,3,9,3,12,6,NULL),(2,2,6,4.5,4,3,6,3,9,3,12,6,NULL),(3,3,6,4.5,4,3,6,3,9,3,12,6,NULL),(4,4,6,4.5,4,3,6,3,9,3,12,6,NULL);
/*!40000 ALTER TABLE `constraints` ENABLE KEYS */;
UNLOCK TABLES;

--
-- Table structure for table `course`
--

DROP TABLE IF EXISTS `course`;
/*!40101 SET @saved_cs_client     = @@character_set_client */;
/*!40101 SET character_set_client = utf8 */;
CREATE TABLE `course` (
  `course_id` int(11) NOT NULL AUTO_INCREMENT,
  `college_id` int(11) DEFAULT NULL,
  `dept_id` int(11) DEFAULT NULL,
  `area_id` int(11) DEFAULT NULL,
  `course_code` varchar(100) DEFAULT NULL,
  `course_name` varchar(150) DEFAULT NULL,
  `course_type` varchar(45) DEFAULT NULL,
  `units` float DEFAULT NULL,
  `description` varchar(100) DEFAULT NULL,
  `time_stamp` timestamp NULL DEFAULT NULL,
  PRIMARY KEY (`course_id`)
) ENGINE=MyISAM AUTO_INCREMENT=1490 DEFAULT CHARSET=latin1;
/*!40101 SET character_set_client = @saved_cs_client */;

--
-- Dumping data for table `course`
--

LOCK TABLES `course` WRITE;
/*!40000 ALTER TABLE `course` DISABLE KEYS */;
INSERT INTO `course` VALUES (1489,4,42,0,'LBYADV1','','TL',3,'',NULL),(1488,7,42,0,'LBYAPC1','','TL',3,'',NULL),(1487,2,12,0,'CSC792M-CLOUDCO','','TL',3,'',NULL),(1486,2,12,0,'INTPRG2','','TL',3,'',NULL),(1485,2,12,0,'WEBDIST','','TL',3,'',NULL),(1484,2,12,0,'CSC511C-OS','','TL',3,'',NULL),(1482,2,10,0,'CSC723D','','TL',3,'',NULL),(1483,2,12,0,'CSC502C-JAVA','','TL',3,'',NULL),(1481,2,10,0,'CSC713D','','TL',3,'',NULL),(1480,2,10,0,'STELEC4-MACLERN','','TL',3,'',NULL),(1479,2,10,0,'STELEC1-MACLERN','','TL',3,'',NULL),(1478,2,10,0,'NEELEC2-MAC-LRN','','TL',3,'',NULL),(1477,2,10,0,'STELEC4-IMAGPRO','','TL',3,'',NULL),(1475,2,10,0,'CSC612M-COMARC','','TL',3,'',NULL),(1476,2,10,0,'CSC512C-COMPORG','','TL',3,'',NULL),(1474,2,10,0,'EMTEC2','','TL',3,'',NULL),(1473,2,11,0,'CSC732M-BUS.INT.','','TL',3,'',NULL),(1472,2,10,0,'MODESTA','Modeling Simulation and Statistics','TL',3,'',NULL),(1471,2,12,0,'CSC615M-AUTOMATA','Automata Theory Formal Languages and Computational Complexity','TL',0,'',NULL),(1470,2,12,0,'CSC615M-AUTOMATA','Automata Theory Formal Languages and Computational Complexity','TL',3,'',NULL),(1469,2,12,0,'CSC745D','','TL',3,'',NULL),(1468,2,12,0,'CSC745M','','TL',3,'',NULL),(1467,2,12,0,'DIT571D','','TL',3,'',NULL),(1465,2,12,0,'CSC613M','','TL',3,'',NULL),(1466,2,12,0,'GRAD','','TL',3,'',NULL),(1464,2,12,0,'OPERSYS','Introduction to Operating Systems','TL',3,'',NULL),(1463,2,12,0,'INTESYS','Intelligent Systems','TL',3,'',NULL),(1462,2,12,0,'PRC-ST1','Practicum Course in ST','TL',1,'',NULL),(1460,2,12,0,'STELEC1-GRAPHIX','','TL',3,'',NULL),(1461,2,12,0,'STMETRE','Software Technology Research Methods','TL',3,'',NULL),(1459,2,12,0,'COMMAT1','','TL',3,'',NULL),(1458,2,12,0,'CSC741D','','TL',3,'',NULL),(1457,2,12,0,'STELEC4-MULTIRE','','TL',3,'',NULL),(1456,2,12,0,'GRADSCHOOL','','AL',3,'',NULL),(1454,2,12,0,'URCO-10 IR U 3TAY12','','RL',3,'',NULL),(1455,2,12,0,'CSC714M-MULTIRE','','TL',3,'',NULL),(1453,2,12,0,'THS-ST1','Thesis in Software Technology 1','TL',2,'',NULL),(1452,2,12,0,'URCO','','RL',6,'',NULL),(1451,2,12,0,'CSC755M-XDASALGO','','TL',3,'',NULL),(1450,2,12,0,'COMMAT2','','TL',3,'',NULL),(1448,2,12,0,'AVP-ES','','AL',12,'',NULL),(1449,2,12,0,'SOFENGG','Professional Software Development','TL',3,'',NULL),(1438,2,12,0,'DIT702D','','TL',3,'',NULL),(1439,2,12,0,'EA DIRECTOR','','AL',3,'',NULL),(1440,2,12,0,'DASTAPP','','TL',3,'',NULL),(1441,2,12,0,'LBYECON','','TL',3,'',NULL),(1442,2,12,0,'TSG','','AL',3,'',NULL),(1443,2,12,0,'NECOR04','','TL',3,'',NULL),(1444,2,12,0,'LBYNE04','','TL',2,'',NULL),(1445,9,42,0,'MICPRC2','','TL',3,'',NULL),(1446,2,12,0,'STADTEC','Development of Mobile Applications','TL',3,'',NULL),(1447,2,12,0,'INTROSE','Introduction to Software Engineering','TL',3,'',NULL),(1405,2,12,0,'RPW','RPW ','RL',3,'',NULL),(1406,2,12,0,'CSC505C - Dastruc','Data Structures and Algorithms','TL',3,'',NULL),(1407,2,12,0,'ST Vice Chair','Software Technology Vice Chair','AL',3,'',NULL),(1408,2,12,0,'IR: ECA','IR: ECA','RL',3,'',NULL),(1409,2,12,0,'Knowledge Sources','Knowledge Sources','RL',3,'',NULL),(1410,2,12,0,'CSC514C - DB App Dev','Database Application Development','TL',3,'',NULL),(1411,2,12,0,'ADVANSE','Advanced Software Engineering','TL',3,'',NULL),(1412,2,12,0,'MOBIDEV','Development Of Mobile Applications','TL',3,'',NULL),(1413,2,12,0,'3DMODEL','3D Modelling','TL',3,'',NULL),(1414,2,12,0,'CSC755M - Algocom','Algorithms and Complexity','TL',3,'',NULL),(1415,2,12,0,'CIS556M - ProgLan w/ Adv DaStruct','Programming Languages with Advanced Data Structures','TL',3,'',NULL),(1416,2,12,0,'URCO - w/COE','URCO w/ COE','RL',6,'',NULL),(1417,2,12,0,'DESPATT','Design Patterns','TL',3,'',NULL),(1418,2,12,0,'PAASCU','PAASCU','RL',3,'',NULL),(1419,2,12,0,'EMPATHY','Empathic Computing','TL',3,'',NULL),(1420,2,12,0,'solo','research','RL',3,'',NULL),(1421,2,12,0,'WEBDEVE','Web Development Development','TL',3,'',NULL),(1422,2,12,0,'WEBPROG','Web Programming','TL',3,'',NULL),(1423,2,12,0,'AN-MODE','SYSTEMS ANALYSIS AND DESIGN PROJECT','TL',1,'',NULL),(1424,2,12,0,'COMMAT4','Computer for Mathematics 4','TL',3,'',NULL),(1425,2,12,0,'CSC713M - Machine Learning','Machine Learning','TL',3,'',NULL),(1426,1,5,0,'PERSEF2','Personal Effectiveness 2','TL',2,'',NULL),(1427,2,12,0,'CSC511C','Operating Systems','TL',3,'',NULL),(1428,2,12,0,'DASTRAP','Applied Data Structures and Algorithms','TL',3,'',NULL),(1429,2,12,0,'TECHPRE','Techpreneurship','TL',3,'',NULL),(1430,2,12,0,'SOFTMAN','Software Management','TL',3,'',NULL),(1431,2,12,0,'COMLAB1','Computer Laboratory 1','TL',3,'',NULL),(1432,2,12,0,'COMPRG2','Computer Programming 2','TL',3,'',NULL),(1433,2,12,0,'ADVDISC','Advance Discrete Structures','TL',3,'',NULL),(1434,2,12,0,'ADVSTAT','Advance Statistics and Probability for ST','TL',3,'',NULL),(1435,2,12,0,'EMTEC2','','TL',0,'',NULL),(1436,2,12,0,'CSC514C-DB&SE','','TL',0,'',NULL),(1437,2,12,0,'CIS201M-ADVANDB','','TL',3,'',NULL),(1404,2,12,0,'IE4QA','IEQ4QA','RL',3,'',NULL),(1403,2,12,0,'ST Chair','Software Technology Chair','AL',6,'',NULL),(1402,2,12,0,'COMMAT3','Computer for Mathematics 3','TL',3,'',NULL),(1401,2,12,0,'Thesis Grant','Thesis Grant','AL',6,'',NULL),(1400,2,12,0,'INTRPRG','Introduction to Programming and Logic Formulation','TL',3,'',NULL),(1399,2,12,0,'INTRNLP','Introduction To Natural Language Processing','TL',3,'',NULL),(1398,2,12,0,'CSC714M - Intro NLP','Introduction To Natural Language Processing','TL',3,'',NULL),(1397,2,12,0,'Thesis Grant','Thesis Grant','AL',3,'',NULL),(1396,2,12,0,'CSC504C - ObjectP/Java','Object Oriented Programming with Java','TL',3,'',NULL),(1395,2,12,0,'ADVANDB','Advanced Database Systems','TL',3,'',NULL),(1394,2,12,0,'CSC615M - XAUTOMA','Automata Theory and Formal Languages and Computational Complexity','TL',3,'',NULL),(1393,2,12,0,'CIS201M','CIS201M','TL',3,'',NULL),(1392,2,12,0,'CIS559M - ADVANDB','Advanced Database Systems','TL',3,'',NULL),(1391,2,12,0,'THEOCOM','Automata Theory and Formal Languages and Computational Complexity','TL',3,'',NULL),(1378,2,12,0,'CSC105M','','TL',3,'',NULL),(1379,2,12,0,'ADVPROG','','TL',3,'',NULL),(1380,2,12,0,'OBJECTP','Introduction to Object Oriented Programming','TL',3,'',NULL),(1381,2,12,0,'JAPALA1','','TL',3,'',NULL),(1382,2,12,0,'PRJTMAN','','TL',3,'',NULL),(1383,2,12,0,'CSC104M','','TL',3,'',NULL),(1384,2,12,0,'CSC721M - Neural Nets','Neural Nets','TL',3,'',NULL),(1385,2,12,0,'VCR','Vice Chancellor Of Academic','AL',12,'',NULL),(1386,2,12,0,'CEC Director ','CEC Director','AL',6,'',NULL),(1387,2,12,0,'ALGOCOM','Algorithms and Complexity','TL',3,'',NULL),(1388,2,12,0,'CSC617M - ProgLan','Programming Languages','TL',3,'',NULL),(1389,2,12,0,'COMPILE','Compiler Theory','TL',3,'',NULL),(1390,2,12,0,'CSC506C - Disctru','Discrete Structures','TL',3,'',NULL),(1377,2,12,0,'CSC504C','','TL',3,'',NULL),(1376,2,11,0,'DASTAPP','','TL',3,'',NULL),(1375,2,12,0,'GAM-DEV','Game Development','TL',3,'',NULL),(1374,2,12,0,'DESIPAT','Design Patterns','TL',3,'',NULL),(1373,2,12,0,'WEB-PRG','','TL',3,'',NULL),(1372,2,12,0,'EMTEC2','','TL',3,'',NULL),(1371,2,12,0,'DEV-WEB','Web Applications Development','TL',3,'',NULL),(1370,2,12,0,'DIT704D','','TL',3,'',NULL),(1369,2,12,0,'Dean','','AL',12,'',NULL),(1368,2,12,0,'ROSEN','','RL',6,'',NULL),(1367,2,12,0,'PRC-ST1','Practicum Course in ST','TL',3,'',NULL),(1366,2,12,0,'CSC701M','','TL',3,'',NULL),(1365,2,12,0,'CSC731M','','TL',3,'',NULL),(1364,2,12,0,'URCO','','RL',5,'',NULL),(1363,2,12,0,'GRAD SCHOOL-MS','','AL',1,'',NULL),(1361,2,12,0,'ADRIC DIRECTOR','','AL',6,'',NULL),(1362,2,12,0,'CMPHOTO','','TL',3,'',NULL),(1360,2,12,0,'URCO','','RL',3,'',NULL),(1359,2,12,0,'THESST2','','TL',2,'',NULL),(1338,2,12,0,'INOVATE','','TL',3,'',NULL),(1339,2,12,0,'SWDESPA','Introduction to Software Design Patterns','TL',3,'',NULL),(1340,2,12,0,'CSC505C','','TL',3,'',NULL),(1341,2,12,0,'DATSTRU','','TL',3,'',NULL),(1342,2,12,0,'VICE CHAIR','','AL',3,'',NULL),(1343,2,12,0,'SW-ENGG','','TL',3,'',NULL),(1344,9,42,0,'EMPTEC2','','TL',3,'',NULL),(1345,2,12,0,'COMPRO1','Introduction to Computer Programming 1','TL',3,'',NULL),(1346,2,12,0,'LOGPROG','','TL',3,'',NULL),(1347,2,12,0,'FORMDEV','','TL',3,'',NULL),(1348,9,42,0,'AVP-ES','','AL',12,'',NULL),(1349,2,12,0,'INTRODB','Introduction to Database','TL',3,'',NULL),(1350,2,12,0,'PROGLAN','','TL',3,'',NULL),(1351,9,42,0,'URCO','','RL',3,'',NULL),(1352,9,42,0,'SERVICE LEAVE','','LL',12,'',NULL),(1353,2,12,0,'GRAD SCHOOL-PHD','','AL',2,'',NULL),(1354,2,12,0,'VICE DEAN','','AL',10,'',NULL),(1355,2,12,0,'MOBAPDE','Mobile Applications Development','TL',3,'',NULL),(1356,2,12,0,'THS-ST2','Thesis in Software Technology 2','TL',2,'',NULL),(1357,2,12,0,'THS-ST3','Thesis in Software Technology 3','TL',2,'',NULL),(1358,2,12,0,'THS-ST4','Thesis in Software Technology 4','TL',2,'',NULL),(1337,9,42,0,'INFOSCU','','RL',3,'',NULL),(1336,9,42,0,'What project?','','RL',1,'',NULL),(1335,2,12,0,'LBY-HCK','Laboratory for Ethical Hacking','TL',2,'',NULL),(1334,2,12,0,'HCK-LCT','Lecture on Ethical Hacking','TL',3,'',NULL),(1333,2,12,0,'CSC611M','','TL',3,'',NULL),(1332,9,42,0,'TSG','','AL',3,'',NULL),(1331,2,12,0,'EMTECH1','','RL',3,'',NULL),(1330,2,12,0,'CTTREND','','TL',3,'',NULL),(1329,2,12,0,'COMALGO','Complexity and Algorithm','TL',3,'',NULL),(1328,2,12,0,'JUBILEE','','RL',3,'',NULL),(1327,2,12,0,'DISCTRU','Introduction to Discrete Structures','TL',3,'',NULL),(1326,2,12,0,'PRAC. RESEARCH','','TL',3,'',NULL),(1325,9,42,0,'ROSEN','','RL',3,'',NULL),(1324,2,12,0,'CSC617M','','TL',3,'',NULL),(1323,9,42,0,'EA DIRECTOR','','AL',3,'',NULL),(1322,2,12,0,'CSETHIC','','TL',3,'',NULL),(1321,2,12,0,'CHAIR','','AL',6,'',NULL),(1320,2,12,0,'CSC742M','','TL',3,'',NULL),(1319,2,12,0,'INTROOS','Introduction to Operating Systems','TL',3,'',NULL),(1318,9,42,0,'SAB LEAVE','Sabbatical Leave','AL',12,'',NULL),(1317,2,12,0,'CSC755M','','TL',3,'',NULL),(1316,2,12,0,'STC Pioneer Faculty','','AL',9,'',NULL),(1315,2,12,0,'COMPRO2','Introduction to Computer Programming 2','TL',3,'',NULL),(1314,2,12,0,'WIR-TEC','Wireless Technology','TL',3,'',NULL),(1313,2,12,0,'MODESTA','Introduction to Statistics','TL',3,'',NULL),(1312,2,12,0,'ST-STAT','Introduction to Statistics','TL',3,'',NULL);
/*!40000 ALTER TABLE `course` ENABLE KEYS */;
UNLOCK TABLES;

--
-- Table structure for table `days`
--

DROP TABLE IF EXISTS `days`;
/*!40101 SET @saved_cs_client     = @@character_set_client */;
/*!40101 SET character_set_client = utf8 */;
CREATE TABLE `days` (
  `days_id` int(11) NOT NULL AUTO_INCREMENT,
  `offering_id` int(11) DEFAULT NULL,
  `start_year` int(11) DEFAULT NULL,
  `end_year` int(11) DEFAULT NULL,
  `term` int(11) DEFAULT NULL,
  `class_day` varchar(4) DEFAULT NULL,
  `begin_time` varchar(4) DEFAULT NULL,
  `end_time` varchar(4) DEFAULT NULL,
  `room` varchar(45) DEFAULT NULL,
  `time_stamp` timestamp NULL DEFAULT NULL,
  PRIMARY KEY (`days_id`)
) ENGINE=MyISAM AUTO_INCREMENT=834 DEFAULT CHARSET=latin1;
/*!40101 SET character_set_client = @saved_cs_client */;

--
-- Dumping data for table `days`
--

LOCK TABLES `days` WRITE;
/*!40000 ALTER TABLE `days` DISABLE KEYS */;
INSERT INTO `days` VALUES (539,442,2012,2013,2,'M','1440','1610','G207',NULL),(538,439,2012,2013,2,'T','1800','2100','M313',NULL),(537,438,2016,2017,2,'F','1800','2100','G204',NULL),(536,437,2016,2017,2,'W','915','1045','SJ212',NULL),(535,437,2016,2017,2,'M','915','1045','SJ212',NULL),(534,436,2016,2017,2,'W','915','1230','G304B',NULL),(533,435,2016,2017,2,'H','915','1045','MRW411',NULL),(532,435,2016,2017,2,'T','915','1045','MRW411',NULL),(531,433,2016,2017,2,'W','915','1045','G306B',NULL),(530,433,2016,2017,2,'M','915','1045','G306B',NULL),(529,432,2016,2017,2,'W','1100','1230','G304A',NULL),(528,432,2016,2017,2,'M','1100','1230','G304A',NULL),(527,431,2016,2017,2,'H','1100','1230','G306A',NULL),(526,431,2016,2017,2,'T','1100','1230','G306A',NULL),(525,430,2016,2017,2,'H','1800','2100','G211',NULL),(524,429,2016,2017,2,'H','1800','2100','G207',NULL),(523,428,2016,2017,2,'F','915','1230','G306A',NULL),(522,427,2016,2017,2,'W','730','900','SJ212',NULL),(520,426,2016,2017,2,'H','915','1045','MRW404',NULL),(521,427,2016,2017,2,'M','730','900','SJ212',NULL),(519,426,2016,2017,2,'T','915','1045','MRW404',NULL),(518,425,2016,2017,2,'H','915','1045','MRW404',NULL),(517,425,2016,2017,2,'T','915','1045','MRW404',NULL),(516,424,2016,2017,2,'M','1430','1745','MRW414',NULL),(515,423,2016,2017,2,'H','915','1045','G304B',NULL),(514,423,2016,2017,2,'T','915','1045','G304B',NULL),(513,422,2016,2017,2,'H','730','900','L229',NULL),(512,422,2016,2017,2,'T','730','900','L229',NULL),(511,421,2016,2017,2,'W','900','1030','L229',NULL),(510,421,2016,2017,2,'M','900','1030','L229',NULL),(509,420,2016,2017,2,'W','1100','1230','G306A',NULL),(508,420,2016,2017,2,'M','1100','1230','G306A',NULL),(507,419,2016,2017,2,'W','1245','1415','G304B',NULL),(506,419,2016,2017,2,'M','1245','1415','G304B',NULL),(505,418,2016,2017,2,'S','900','1200','G206',NULL),(504,414,2016,2017,2,'M','915','1230','MRW414',NULL),(503,409,2016,2017,2,'W','915','1045','G204',NULL),(502,409,2016,2017,2,'M','915','1045','G204',NULL),(501,408,2016,2017,2,'H','1800','2100','G206',NULL),(500,407,2016,2017,2,'H','1430','1600','G302A',NULL),(499,407,2016,2017,2,'T','1430','1600','G302A',NULL),(498,406,2016,2017,2,'W','1100','1230','G302A',NULL),(497,406,2016,2017,2,'M','1100','1230','G302A',NULL),(496,405,2016,2017,2,'W','915','1045','G302A',NULL),(495,405,2016,2017,2,'M','915','1045','G302A',NULL),(494,404,2016,2017,2,'W','1800','2100','G204',NULL),(493,401,2016,2017,2,'W','1430','1600','G304B',NULL),(492,401,2016,2017,2,'M','1430','1600','G304B',NULL),(491,400,2016,2017,2,'M','915','1230','G301',NULL),(490,399,2016,2017,2,'W','1430','1745','G212',NULL),(489,398,2016,2017,2,'H','1100','1230','G211',NULL),(488,398,2016,2017,2,'T','1100','1230','G211',NULL),(487,397,2016,2017,2,'H','915','1045','G212',NULL),(486,397,2016,2017,2,'T','915','1045','G212',NULL),(485,395,2016,2017,2,'W','730','900','L332',NULL),(484,395,2016,2017,2,'M','730','900','L332',NULL),(483,394,2016,2017,2,'H','1100','1230','G212',NULL),(482,394,2016,2017,2,'T','1100','1230','G212',NULL),(481,393,2016,2017,2,'H','915','1045','G211',NULL),(480,393,2016,2017,2,'T','915','1045','G211',NULL),(479,387,2016,2017,2,'W','1430','1745','G301',NULL),(478,386,2016,2017,2,'H','1100','1230','G301',NULL),(477,386,2016,2017,2,'T','1100','1230','G301',NULL),(476,385,2016,2017,2,'M','1430','1745','G301',NULL),(475,380,2016,2017,2,'W','1100','1230','G302B',NULL),(472,379,2016,2017,2,'M','915','1045','G302B',NULL),(473,379,2016,2017,2,'W','915','1045','G302B',NULL),(474,380,2016,2017,2,'M','1100','1230','G302B',NULL),(471,376,2016,2017,2,'W','1615','1745','G206',NULL),(470,376,2016,2017,2,'M','1615','1745','G206',NULL),(468,375,2016,2017,2,'M','1100','1230','G213',NULL),(469,375,2016,2017,2,'W','1100','1230','G213',NULL),(467,374,2016,2017,2,'W','1430','1600','G401',NULL),(466,374,2016,2017,2,'M','1430','1600','G401',NULL),(465,373,2016,2017,2,'H','1615','1745','MRE412',NULL),(464,373,2016,2017,2,'T','1615','1745','MRE412',NULL),(463,369,2016,2017,2,'H','915','1045','G306A',NULL),(462,369,2016,2017,2,'T','915','1045','G306A',NULL),(461,368,2016,2017,2,'H','730','900','L333',NULL),(460,368,2016,2017,2,'T','730','900','L333',NULL),(459,367,2016,2017,2,'W','1245','1415','G209',NULL),(458,367,2016,2017,2,'M','1245','1415','G209',NULL),(457,364,2016,2017,2,'T','1800','2100','G207',NULL),(456,363,2016,2017,2,'W','1100','1230','G205',NULL),(455,363,2016,2017,2,'M','1100','1230','G205',NULL),(454,362,2016,2017,2,'W','1430','1600','G205',NULL),(453,362,2016,2017,2,'M','1430','1600','G205',NULL),(452,361,2016,2017,2,'H','915','1045','MRW414',NULL),(450,360,2016,2017,2,'W','1300','1430','',NULL),(451,361,2016,2017,2,'T','915','1045','MRW414',NULL),(449,360,2016,2017,2,'M','1300','1430','',NULL),(448,358,2016,2017,2,'H','1100','1230','G405',NULL),(447,358,2016,2017,2,'T','1100','1230','G405',NULL),(446,357,2016,2017,2,'H','915','1045','G405',NULL),(445,357,2016,2017,2,'T','915','1045','G405',NULL),(444,356,2016,2017,2,'H','1800','2100','G210',NULL),(443,354,2016,2017,2,'H','1245','1415','G209',NULL),(442,354,2016,2017,2,'T','1245','1415','G209',NULL),(441,353,2016,2017,2,'H','1100','1230','L335',NULL),(440,353,2016,2017,2,'T','1100','1230','L335',NULL),(439,352,2016,2017,2,'W','915','1045','G203',NULL),(438,352,2016,2017,2,'M','915','1045','G203',NULL),(437,351,2016,2017,2,'W','1430','1600','G212',NULL),(436,351,2016,2017,2,'M','1430','1600','G212',NULL),(435,350,2016,2017,2,'T','735','915','',NULL),(434,350,2016,2017,2,'T','735','1015','',NULL),(433,349,2016,2017,2,'W','1100','1230','G207',NULL),(432,349,2016,2017,2,'M','1100','1230','G207',NULL),(431,348,2016,2017,2,'W','915','1045','G208',NULL),(430,348,2016,2017,2,'M','915','1045','G208',NULL),(429,347,2016,2017,2,'W','730','900','G205',NULL),(428,347,2016,2017,2,'M','730','900','G205',NULL),(427,346,2016,2017,2,'W','1530','1700','L310',NULL),(425,344,2016,2017,2,'M','1800','2100','G205',NULL),(426,346,2016,2017,2,'M','1530','1700','L310',NULL),(424,342,2016,2017,2,'M','1430','1745','G207',NULL),(423,341,2016,2017,2,'M','915','1230','G212',NULL),(422,339,2016,2017,2,'W','1100','1230','G206',NULL),(421,339,2016,2017,2,'M','1100','1230','G206',NULL),(420,338,2016,2017,2,'W','915','1045','G205',NULL),(419,338,2016,2017,2,'M','915','1045','G205',NULL),(418,337,2016,2017,2,'T','1800','2100','G209',NULL),(417,336,2016,2017,2,'H','1615','1745','G208',NULL),(416,336,2016,2017,2,'T','1615','1745','G208',NULL),(415,334,2016,2017,2,'T','1800','2100','G206',NULL),(414,332,2016,2017,2,'H','1100','1230','MRELAB',NULL),(413,332,2016,2017,2,'T','1100','1230','MRELAB',NULL),(412,331,2016,2017,2,'W','1245','1415','G302A',NULL),(411,331,2016,2017,2,'M','1245','1415','G302A',NULL),(410,330,2016,2017,2,'W','1430','1600','G206',NULL),(409,330,2016,2017,2,'M','1430','1600','G206',NULL),(408,329,2016,2017,2,'W','1430','1600','G206',NULL),(407,329,2016,2017,2,'M','1430','1600','G206',NULL),(540,442,2012,2013,2,'W','1440','1610','G207',NULL),(541,443,2012,2013,2,'M','1800','2100','M310',NULL),(542,445,2012,2013,2,'M','940','1110','G203',NULL),(543,445,2012,2013,2,'W','940','1110','G203',NULL),(544,446,2012,2013,2,'M','1300','1430','G203',NULL),(545,446,2012,2013,2,'W','1300','1430','G203',NULL),(546,447,2012,2013,2,'T','1440','1610','G201',NULL),(547,447,2012,2013,2,'H','1440','1610','G201',NULL),(548,448,2012,2013,2,'H','1800','2100','M310',NULL),(549,449,2012,2013,2,'T','940','1110','G208',NULL),(550,449,2012,2013,2,'H','940','1110','G208',NULL),(551,450,2012,2013,2,'T','1300','1430','G205',NULL),(552,450,2012,2013,2,'H','1300','1430','G205',NULL),(553,451,2012,2013,2,'T','1440','1610','G205',NULL),(554,451,2012,2013,2,'H','1440','1610','G205',NULL),(555,452,2012,2013,2,'M','1800','2100','',NULL),(556,456,2012,2013,2,'T','1120','1250','G302A',NULL),(557,456,2012,2013,2,'H','1120','1250','G302A',NULL),(558,457,2012,2013,2,'T','1300','1430','G302B',NULL),(559,457,2012,2013,2,'H','1300','1430','G302B',NULL),(560,458,2012,2013,2,'W','1800','2100','G302A',NULL),(561,460,2012,2013,2,'M','1300','1430','G205',NULL),(562,460,2012,2013,2,'W','1300','1430','G205',NULL),(563,461,2012,2013,2,'M','1440','1610','G203',NULL),(564,461,2012,2013,2,'W','1440','1610','G203',NULL),(565,462,2012,2013,2,'T','940','1110','G302B',NULL),(566,462,2012,2013,2,'H','940','1110','G302B',NULL),(567,463,2012,2013,2,'T','1300','1430','G203',NULL),(568,463,2012,2013,2,'H','1300','1430','G203',NULL),(569,464,2012,2013,2,'M','940','1110','G302B',NULL),(570,464,2012,2013,2,'W','940','1110','G302B',NULL),(571,465,2012,2013,2,'M','1120','1250','G302B',NULL),(572,465,2012,2013,2,'W','1120','1250','G302B',NULL),(573,466,2012,2013,2,'M','1800','2100','M308',NULL),(574,467,2012,2013,2,'T','940','1110','G302A',NULL),(575,467,2012,2013,2,'H','940','1110','G302A',NULL),(576,469,2012,2013,2,'T','1300','1430','G206',NULL),(577,469,2012,2013,2,'H','1300','1430','G206',NULL),(578,470,2012,2013,2,'M','940','1110','G207',NULL),(579,470,2012,2013,2,'W','940','1110','G207',NULL),(580,471,2012,2013,2,'M','1300','1430','G209',NULL),(581,471,2012,2013,2,'W','1300','1430','G209',NULL),(582,472,2012,2013,2,'T','1120','1250','G211',NULL),(583,472,2012,2013,2,'H','1120','1250','G211',NULL),(584,473,2012,2013,2,'T','1440','1610','G205',NULL),(585,473,2012,2013,2,'H','1440','1610','G205',NULL),(586,474,2012,2013,2,'M','1120','1250','V301',NULL),(587,474,2012,2013,2,'W','1120','1250','V301',NULL),(588,475,2012,2013,2,'T','1300','1430','G306A',NULL),(589,475,2012,2013,2,'H','1300','1430','G306A',NULL),(590,481,2012,2013,2,'M','800','930','G206',NULL),(591,481,2012,2013,2,'W','800','930','G206',NULL),(592,482,2012,2013,2,'M','940','1110','G212',NULL),(593,482,2012,2013,2,'W','940','1110','G212',NULL),(594,483,2012,2013,2,'M','1300','1430','G208',NULL),(595,483,2012,2013,2,'W','1300','1430','G208',NULL),(596,484,2012,2013,2,'T','1800','2100','M314',NULL),(597,485,2012,2013,2,'M','940','1110','G206',NULL),(598,485,2012,2013,2,'W','940','1110','G206',NULL),(599,491,2012,2013,2,'T','940','1110','G301',NULL),(600,491,2012,2013,2,'H','940','1110','G301',NULL),(601,492,2012,2013,2,'T','1120','1250','G301',NULL),(602,492,2012,2013,2,'H','1120','1250','G301',NULL),(603,495,2012,2013,2,'M','1120','1250','G302A',NULL),(604,495,2012,2013,2,'W','1120','1250','G302A',NULL),(605,496,2012,2013,2,'M','1300','1430','G302A',NULL),(606,496,2012,2013,2,'W','1300','1430','G302A',NULL),(607,497,2012,2013,2,'T','1300','1430','G302A',NULL),(608,497,2012,2013,2,'H','1300','1430','G302A',NULL),(609,498,2012,2013,2,'T','1440','1610','G304B',NULL),(610,498,2012,2013,2,'H','1440','1610','G304B',NULL),(611,499,2012,2013,2,'T','1800','2100','M312',NULL),(612,500,2012,2013,2,'H','1800','2100','M311',NULL),(613,503,2012,2013,2,'M','1300','1430','G306A',NULL),(614,503,2012,2013,2,'W','1300','1430','G306A',NULL),(615,504,2012,2013,2,'M','1120','1250','G302A',NULL),(616,504,2012,2013,2,'W','1120','1250','G302A',NULL),(617,505,2012,2013,2,'M','1620','1750','G302A',NULL),(618,505,2012,2013,2,'W','1620','1750','G302A',NULL),(619,507,2012,2013,2,'M','940','1110','G211',NULL),(620,507,2012,2013,2,'W','940','1110','G211',NULL),(621,510,2012,2013,2,'M','940','1110','G304B',NULL),(622,510,2012,2013,2,'W','940','1110','G304B',NULL),(623,511,2012,2013,2,'M','1120','1250','G304B',NULL),(624,511,2012,2013,2,'W','1120','1250','G304B',NULL),(625,512,2012,2013,2,'M','1440','1610','G301',NULL),(626,512,2012,2013,2,'W','1440','1610','G301',NULL),(627,513,2012,2013,2,'M','1620','1750','G301',NULL),(628,513,2012,2013,2,'W','1620','1750','G301',NULL),(629,514,2012,2013,2,'T','1120','1220','G204',NULL),(630,516,2012,2013,2,'M','1300','1430','G207',NULL),(631,516,2012,2013,2,'W','1300','1430','G207',NULL),(632,517,2012,2013,2,'M','1440','1610','G208',NULL),(633,517,2012,2013,2,'W','1440','1610','G208',NULL),(634,518,2012,2013,2,'W','1800','2100','M310',NULL),(635,519,2012,2013,2,'F','1120','1320','',NULL),(636,521,2012,2013,2,'T','940','1110','G304B',NULL),(637,521,2012,2013,2,'H','940','1110','G304B',NULL),(638,522,2012,2013,2,'T','1120','1250','G304B',NULL),(639,522,2012,2013,2,'H','1120','1250','G304B',NULL),(640,523,2012,2013,2,'M','940','1110','G306A',NULL),(641,523,2012,2013,2,'W','940','1110','G306A',NULL),(642,524,2012,2013,2,'M','1300','1430','G304B',NULL),(643,524,2012,2013,2,'W','1300','1430','G304B',NULL),(644,525,2012,2013,2,'T','1120','1250','G209',NULL),(645,525,2012,2013,2,'H','1120','1250','G209',NULL),(646,526,2012,2013,2,'T','1440','1610','G206',NULL),(647,526,2012,2013,2,'H','1440','1610','G206',NULL),(648,527,2012,2013,2,'T','1620','1750','G204',NULL),(649,527,2012,2013,2,'H','1620','1750','G204',NULL),(650,528,2012,2013,2,'M','1120','1250','G207',NULL),(651,528,2012,2013,2,'W','1120','1250','G207',NULL),(652,529,2012,2013,2,'T','800','930','G208',NULL),(653,529,2012,2013,2,'H','800','930','G208',NULL),(654,530,2012,2013,2,'T','1120','1250','G208',NULL),(655,530,2012,2013,2,'H','1120','1250','G208',NULL),(656,531,2012,2013,2,'T','800','930','G204',NULL),(657,531,2012,2013,2,'H','800','930','G204',NULL),(658,532,2012,2013,2,'T','940','1110','G203',NULL),(659,532,2012,2013,2,'H','940','1110','G203',NULL),(660,533,2012,2013,2,'T','1300','1430','G203',NULL),(661,533,2012,2013,2,'H','1300','1430','G203',NULL),(662,534,2012,2013,2,'T','1440','1610','',NULL),(663,534,2012,2013,2,'H','1440','1610','',NULL),(664,535,2012,2013,2,'M','1120','1250','',NULL),(665,535,2012,2013,2,'W','1120','1250','',NULL),(666,536,2012,2013,2,'T','800','930','',NULL),(667,536,2012,2013,2,'H','800','930','',NULL),(668,537,2012,2013,2,'T','940','1110','',NULL),(669,537,2012,2013,2,'H','940','1110','',NULL),(670,539,2012,2013,2,'F','800','1110','',NULL),(671,540,2012,2013,2,'M','800','930','',NULL),(672,540,2012,2013,2,'W','800','930','',NULL),(673,541,2012,2013,2,'M','940','1110','',NULL),(674,541,2012,2013,2,'W','940','1110','',NULL),(675,542,2016,2017,1,'M','915','1045','MRW403',NULL),(676,542,2016,2017,1,'W','915','1045','MRW403',NULL),(677,543,2016,2017,1,'M','1100','1230','MRE014',NULL),(678,543,2016,2017,1,'W','1100','1230','MRE014',NULL),(679,544,2016,2017,1,'T','1000','1300','L302',NULL),(680,544,2016,2017,1,'H','1000','1300','L302',NULL),(681,545,2016,2017,1,'T','1300','1430','L308',NULL),(682,545,2016,2017,1,'H','1300','1430','L308',NULL),(683,547,2016,2017,1,'T','1615','1900','G212',NULL),(684,550,2016,2017,1,'M','915','1045','G206',NULL),(685,550,2016,2017,1,'W','915','1045','G206',NULL),(686,551,2016,2017,1,'M','1100','1230','G205',NULL),(687,551,2016,2017,1,'W','1100','1230','G205',NULL),(688,552,2016,2017,1,'H','1800','2100','G302A',NULL),(689,553,2016,2017,1,'T','1800','2100','G206',NULL),(690,554,2016,2017,1,'W','1800','2100','G302A',NULL),(691,555,2016,2017,1,'T','1430','1600','G304A',NULL),(692,555,2016,2017,1,'H','1430','1600','G304A',NULL),(693,556,2016,2017,1,'T','1615','1745','G304A',NULL),(694,556,2016,2017,1,'H','1615','1745','G304A',NULL),(695,559,2016,2017,1,'T','1615','1745','G202',NULL),(696,559,2016,2017,1,'H','1615','1745','G202',NULL),(697,560,2016,2017,1,'T','1300','1430','L229',NULL),(698,560,2016,2017,1,'H','1300','1430','L229',NULL),(699,561,2016,2017,1,'T','915','1045','G302A',NULL),(700,561,2016,2017,1,'H','915','1045','G302A',NULL),(701,562,2016,2017,1,'T','1100','1230','G302A',NULL),(702,562,2016,2017,1,'H','1100','1230','G302A',NULL),(703,563,2016,2017,1,'M','915','1045','L320',NULL),(704,563,2016,2017,1,'W','915','1045','L320',NULL),(705,564,2016,2017,1,'M','730','900','L320',NULL),(706,564,2016,2017,1,'W','730','900','L320',NULL),(707,566,2016,2017,1,'M','915','1045','G403',NULL),(708,566,2016,2017,1,'W','915','1045','G403',NULL),(709,567,2016,2017,1,'M','1100','1230','G403',NULL),(710,567,2016,2017,1,'W','1100','1230','G403',NULL),(711,570,2016,2017,1,'T','915','1045','G210',NULL),(712,570,2016,2017,1,'H','915','1045','G210',NULL),(713,571,2016,2017,1,'T','1100','1230','G211',NULL),(714,571,2016,2017,1,'H','1100','1230','G211',NULL),(715,572,2016,2017,1,'M','1300','1430','L229',NULL),(716,572,2016,2017,1,'W','1300','1430','L229',NULL),(717,573,2016,2017,1,'M','1000','1130','L320',NULL),(718,573,2016,2017,1,'W','1000','1130','L320',NULL),(719,574,2016,2017,1,'M','1430','1600','G302B',NULL),(720,574,2016,2017,1,'W','1430','1600','G302B',NULL),(721,576,2016,2017,1,'M','1430','1600','MRW403',NULL),(722,576,2016,2017,1,'W','1430','1600','MRW403',NULL),(723,577,2016,2017,1,'T','915','1045','MRW414',NULL),(724,577,2016,2017,1,'H','915','1045','MRW414',NULL),(725,578,2016,2017,1,'M','1100','1230','MRW411',NULL),(726,578,2016,2017,1,'W','1100','1230','MRW411',NULL),(727,579,2016,2017,1,'T','730','900','MRE313',NULL),(728,579,2016,2017,1,'H','730','900','MRE313',NULL),(729,580,2016,2017,1,'T','1100','1230','G306A',NULL),(730,580,2016,2017,1,'H','1100','1230','G306A',NULL),(731,581,2016,2017,1,'T','1245','1415','G306A',NULL),(732,581,2016,2017,1,'H','1245','1415','G306A',NULL),(733,582,2016,2017,1,'M','1300','1430','L303',NULL),(734,582,2016,2017,1,'W','1300','1430','L303',NULL),(735,583,2016,2017,1,'M','1000','1130','L304',NULL),(736,583,2016,2017,1,'W','1000','1130','L304',NULL),(737,584,2016,2017,1,'M','1100','1230','G302A',NULL),(738,584,2016,2017,1,'W','1100','1230','G302A',NULL),(739,585,2016,2017,1,'M','915','1045','G302A',NULL),(740,585,2016,2017,1,'W','915','1045','G302A',NULL),(741,586,2016,2017,1,'T','915','1045','G304A',NULL),(742,586,2016,2017,1,'H','915','1045','G304A',NULL),(743,587,2016,2017,1,'T','730','900','ST314',NULL),(744,587,2016,2017,1,'H','730','900','ST314',NULL),(745,588,2016,2017,1,'W','1800','2100','G202',NULL),(746,592,2016,2017,1,'M','1245','1415','G301',NULL),(747,592,2016,2017,1,'W','1245','1415','G301',NULL),(748,593,2016,2017,1,'M','1430','1600','G301',NULL),(749,593,2016,2017,1,'W','1430','1600','G301',NULL),(750,599,2016,2017,1,'M','1245','1415','G202',NULL),(751,599,2016,2017,1,'W','1245','1415','G202',NULL),(752,602,2016,2017,1,'W','1800','2100','G208',NULL),(753,605,2016,2017,1,'T','1430','1600','G302',NULL),(754,605,2016,2017,1,'H','1430','1600','G302',NULL),(755,607,2016,2017,1,'M','1430','1600','A1706',NULL),(756,607,2016,2017,1,'W','1430','1600','A1706',NULL),(757,608,2016,2017,1,'T','1615','1745','G304B',NULL),(758,608,2016,2017,1,'H','1615','1745','G304B',NULL),(759,609,2016,2017,1,'T','1430','1530','A1205',NULL),(760,609,2016,2017,1,'H','1430','1530','A1205',NULL),(761,610,2016,2017,1,'M','1100','1230','G302B',NULL),(762,610,2016,2017,1,'W','1100','1230','G302B',NULL),(763,611,2016,2017,1,'M','915','1045','G302B',NULL),(764,611,2016,2017,1,'W','915','1045','G302B',NULL),(765,612,2016,2017,1,'T','1100','1230','G210',NULL),(766,612,2016,2017,1,'H','1100','1230','G210',NULL),(767,613,2016,2017,1,'T','915','1045','G211',NULL),(768,613,2016,2017,1,'H','915','1045','G211',NULL),(769,614,2016,2017,1,'T','1430','1600','G211',NULL),(770,614,2016,2017,1,'H','1430','1600','G211',NULL),(771,620,2016,2017,1,'M','1100','1230','G206',NULL),(772,620,2016,2017,1,'W','1100','1230','G206',NULL),(773,621,2016,2017,1,'M','915','1045','G205',NULL),(774,621,2016,2017,1,'W','915','1045','G205',NULL),(775,622,2016,2017,1,'T','1430','1600','G202',NULL),(776,622,2016,2017,1,'H','1430','1600','G202',NULL),(777,625,2016,2017,1,'T','1800','2100','G201',NULL),(778,627,2016,2017,1,'T','1430','1600','MRW411',NULL),(779,627,2016,2017,1,'H','1430','1600','MRW411',NULL),(780,634,2016,2017,1,'T','915','1045','G205',NULL),(781,634,2016,2017,1,'H','915','1045','G205',NULL),(782,635,2016,2017,1,'T','1100','1230','G201',NULL),(783,635,2016,2017,1,'H','1100','1230','G201',NULL),(784,638,2016,2017,1,'T','915','1045','G302B',NULL),(785,638,2016,2017,1,'H','915','1045','G302B',NULL),(786,639,2016,2017,1,'T','1100','1230','G302B',NULL),(787,639,2016,2017,1,'H','1100','1230','G302B',NULL),(788,640,2016,2017,1,'M','1100','1230','L310',NULL),(789,640,2016,2017,1,'W','1100','1230','L310',NULL),(790,641,2016,2017,1,'M','900','1030','L316',NULL),(791,641,2016,2017,1,'W','900','1030','L316',NULL),(792,642,2016,2017,1,'F','1800','2100','G2016',NULL),(793,643,2016,2017,1,'M','900','1030','L229',NULL),(794,643,2016,2017,1,'W','900','1030','L229',NULL),(795,644,2016,2017,1,'H','1800','2100','',NULL),(796,645,2016,2017,1,'T','1800','2100','',NULL),(797,646,2016,2017,1,'M','1245','1415','MRW403',NULL),(798,646,2016,2017,1,'W','1245','1415','MRW403',NULL),(799,647,2016,2017,1,'M','1245','1415','G205',NULL),(800,647,2016,2017,1,'W','1245','1415','G205',NULL),(801,648,2016,2017,1,'M','1430','1600','G209',NULL),(802,648,2016,2017,1,'W','1430','1600','G209',NULL),(803,649,2016,2017,1,'M','9115','1045','G212',NULL),(804,649,2016,2017,1,'W','9115','1045','G212',NULL),(805,650,2016,2017,1,'T','1430','1600','MRW204',NULL),(806,650,2016,2017,1,'H','1430','1600','MRW204',NULL),(807,653,2016,2017,1,'M','1100','1230','MRE313',NULL),(808,653,2016,2017,1,'W','1100','1230','MRE313',NULL),(809,654,2016,2017,1,'M','1800','2100','G202',NULL),(810,655,2016,2017,1,'W','1800','2100','G201',NULL),(811,656,2016,2017,1,'T','915','1045','G209',NULL),(812,656,2016,2017,1,'H','915','1045','G209',NULL),(813,657,2016,2017,1,'T','1100','1230','G209',NULL),(814,657,2016,2017,1,'H','1100','1230','G209',NULL),(815,659,2016,2017,1,'M','730','900','G301',NULL),(816,659,2016,2017,1,'W','730','900','G301',NULL),(817,660,2016,2017,1,'M','915','1045','G304A',NULL),(818,660,2016,2017,1,'W','915','1045','G304A',NULL),(819,661,2016,2017,1,'T','1800','2100','G301',NULL),(820,662,2016,2017,1,'M','1430','1600','G206',NULL),(821,662,2016,2017,1,'W','1430','1600','G206',NULL),(822,663,2016,2017,1,'M','1245','1415','G209',NULL),(823,663,2016,2017,1,'W','1245','1415','G209',NULL),(824,664,2016,2017,1,'M','1430','1600','G202',NULL),(825,664,2016,2017,1,'W','1430','1600','G202',NULL),(826,665,2016,2017,1,'T','1100','1230','L228',NULL),(827,665,2016,2017,1,'H','1100','1230','L228',NULL),(828,666,2016,2017,1,'T','915','1045','M312',NULL),(829,666,2016,2017,1,'H','915','1045','M312',NULL),(830,667,2016,2017,1,'M','1100','1230','G304A',NULL),(831,667,2016,2017,1,'W','1100','1230','G304A',NULL),(832,668,2016,2017,1,'M','1615','1745','G02A',NULL),(833,668,2016,2017,1,'W','1615','1745','G02A',NULL);
/*!40000 ALTER TABLE `days` ENABLE KEYS */;
UNLOCK TABLES;

--
-- Table structure for table `department`
--

DROP TABLE IF EXISTS `department`;
/*!40101 SET @saved_cs_client     = @@character_set_client */;
/*!40101 SET character_set_client = utf8 */;
CREATE TABLE `department` (
  `dept_id` int(11) NOT NULL AUTO_INCREMENT,
  `college_id` int(11) DEFAULT NULL,
  `dept_name` varchar(150) DEFAULT NULL,
  `dept_code` varchar(20) DEFAULT NULL,
  `dept_size` int(11) DEFAULT NULL,
  `isObsolete` int(11) DEFAULT NULL,
  `time_stamp` timestamp NULL DEFAULT NULL,
  PRIMARY KEY (`dept_id`)
) ENGINE=MyISAM AUTO_INCREMENT=43 DEFAULT CHARSET=latin1;
/*!40101 SET character_set_client = @saved_cs_client */;

--
-- Dumping data for table `department`
--

LOCK TABLES `department` WRITE;
/*!40000 ALTER TABLE `department` DISABLE KEYS */;
INSERT INTO `department` VALUES (5,1,'Counseling and Educational Psychology Department ','CEPD',50,0,NULL),(6,1,'Department of English and Applied Linguistics','DEAL',50,0,NULL),(7,1,'Educational Leadership and Management Department','ELMD',50,0,NULL),(8,1,'Physical Education Department','PED',50,0,NULL),(9,1,'Science Education Department','SED',50,0,NULL),(10,2,'Computer Technology','CT',50,0,NULL),(11,2,'Information Technology','IT',50,0,NULL),(12,2,'Software Technology','ST',50,0,NULL),(13,3,'College of Law (Department)','COL',50,0,NULL),(14,4,'Behavioral Sciences Department','BSD',50,0,NULL),(15,4,'Communication Department','COMM',50,0,NULL),(16,4,'Departamento ng Filipino','FIL',50,0,NULL),(17,4,'History Department','HIST',50,0,NULL),(18,4,'International Studies Department','IS',50,0,NULL),(19,4,'Department of Literature','LIT',50,0,NULL),(20,4,'Philosophy Department','PHILO',50,0,NULL),(21,4,'Political Science Department','POLSCI',50,0,NULL),(22,4,'Psychology Department','PSYC',50,0,NULL),(23,4,'Theology and Religous Education Department','TRED',50,0,NULL),(24,5,'Biology Department','BIO',50,0,NULL),(25,5,'Chemistry Department','CHEM',50,0,NULL),(26,5,'Mathematics Deparrtment','MATH',50,0,NULL),(27,5,'Physics Department','PHY',50,0,NULL),(28,6,'Chemical Engineering Department','CHE',50,0,NULL),(29,6,'Civil Engineering Department','CE',50,0,NULL),(30,6,'Electronics and Communications Engineering Department','ECE',50,0,NULL),(31,6,'Industrial Engineering','IE',50,0,NULL),(32,6,'Manufacturing Engineering and Management','MEM',50,0,NULL),(33,6,'Mechanical Engineering','ME',50,0,NULL),(34,7,'Accountancy','ACCTY',50,0,NULL),(35,7,'Center for Professional Development in Business','CPDB',50,0,NULL),(36,7,'Commercial Law','COMM LAW',50,0,NULL),(37,7,'Decision Sciences and Innovation Department','DSI',50,0,NULL),(38,7,'Financial Management Department','FMD',50,0,NULL),(39,7,'Management and Organization Department','MOD',50,0,NULL),(40,7,'Marketing Management','MKTG',50,0,NULL),(41,8,'Economics Department','ECON',50,0,NULL),(42,9,'No Department','ND',50,0,NULL);
/*!40000 ALTER TABLE `department` ENABLE KEYS */;
UNLOCK TABLES;

--
-- Table structure for table `faculty`
--

DROP TABLE IF EXISTS `faculty`;
/*!40101 SET @saved_cs_client     = @@character_set_client */;
/*!40101 SET character_set_client = utf8 */;
CREATE TABLE `faculty` (
  `faculty_id` int(11) NOT NULL AUTO_INCREMENT,
  `user_id` int(11) DEFAULT NULL,
  `years_of_service` int(11) DEFAULT NULL,
  `faculty_type` varchar(5) DEFAULT NULL COMMENT 'FT - Full Time, HT - Half Time, PT- Part Time',
  `time_stamp` timestamp NULL DEFAULT NULL,
  PRIMARY KEY (`faculty_id`)
) ENGINE=MyISAM AUTO_INCREMENT=99 DEFAULT CHARSET=latin1;
/*!40101 SET character_set_client = @saved_cs_client */;

--
-- Dumping data for table `faculty`
--

LOCK TABLES `faculty` WRITE;
/*!40000 ALTER TABLE `faculty` DISABLE KEYS */;
INSERT INTO `faculty` VALUES (71,22098909,1,'FT',NULL),(70,22567683,1,'FT',NULL),(69,22833990,1,'PT',NULL),(68,22155322,1,'PT',NULL),(67,22039001,1,'PT',NULL),(66,22344564,1,'PT',NULL),(65,22832111,1,'PT',NULL),(64,22098177,1,'FT',NULL),(63,22177932,1,'FT',NULL),(62,22234115,1,'FT',NULL),(61,22637450,1,'FT',NULL),(60,22683488,1,'FT',NULL),(59,22711414,1,'FT',NULL),(58,22374777,1,'FT',NULL),(57,22611389,1,'FT',NULL),(56,22784944,1,'FT',NULL),(55,22764530,1,'FT',NULL),(54,22647488,1,'FT',NULL),(53,22879890,1,'FT',NULL),(52,22778155,1,'FT',NULL),(51,22165677,1,'FT',NULL),(50,22675888,1,'FT',NULL),(49,22176192,1,'FT',NULL),(48,22090001,1,'FT',NULL),(47,22526611,1,'FT',NULL),(46,22718119,1,'FT',NULL),(45,22778675,1,'FT',NULL),(44,22317443,1,'FT',NULL),(43,22590997,1,'FT',NULL),(72,99999999,1,'FT',NULL),(73,22742131,1,'FT',NULL),(74,22414157,1,'FT',NULL),(75,22314156,1,'FT',NULL),(76,22648495,1,'FT',NULL),(77,22734526,1,'FT',NULL),(78,22523467,1,'FT',NULL),(79,22576895,1,'FT',NULL),(80,22241516,1,'FT',NULL),(81,22543787,1,'FT',NULL),(82,22425252,1,'FT',NULL),(83,22456783,1,'FT',NULL),(84,22546752,1,'FT',NULL),(85,22842352,1,'PT',NULL),(86,22597519,1,'PT',NULL),(87,22563468,1,'PT',NULL),(88,22854322,1,'PT',NULL),(89,22725425,1,'FT',NULL),(90,22425263,1,'FT',NULL),(91,22672356,1,'FT',NULL),(92,22457287,1,'FT',NULL),(93,22723489,1,'FT',NULL),(94,22124479,1,'FT',NULL),(95,22373844,1,'FT',NULL),(96,22453891,1,'FT',NULL),(97,22738947,1,'PT',NULL),(98,22784497,1,'PT',NULL);
/*!40000 ALTER TABLE `faculty` ENABLE KEYS */;
UNLOCK TABLES;

--
-- Table structure for table `loads`
--

DROP TABLE IF EXISTS `loads`;
/*!40101 SET @saved_cs_client     = @@character_set_client */;
/*!40101 SET character_set_client = utf8 */;
CREATE TABLE `loads` (
  `loads_id` int(11) NOT NULL AUTO_INCREMENT,
  `faculty_id` int(11) DEFAULT NULL,
  `college_id` int(11) DEFAULT NULL,
  `dept_id` int(11) DEFAULT NULL,
  `start_year` int(11) DEFAULT NULL,
  `end_year` int(11) DEFAULT NULL,
  `term` int(11) DEFAULT NULL,
  `admin_load` float DEFAULT NULL,
  `research_load` float DEFAULT NULL,
  `teaching_load` float DEFAULT NULL,
  `non_acad_load` float DEFAULT NULL,
  `deloading` float DEFAULT NULL,
  `total_load` float DEFAULT NULL,
  `preparations` int(11) DEFAULT NULL,
  `hasResearchLoad` int(11) DEFAULT NULL,
  `isAdmin` int(11) DEFAULT NULL,
  `isOnLeave` int(11) DEFAULT NULL,
  `leave_type` varchar(45) DEFAULT NULL,
  `time_stamp` timestamp NULL DEFAULT NULL,
  PRIMARY KEY (`loads_id`)
) ENGINE=MyISAM AUTO_INCREMENT=288 DEFAULT CHARSET=latin1;
/*!40101 SET character_set_client = @saved_cs_client */;

--
-- Dumping data for table `loads`
--

LOCK TABLES `loads` WRITE;
/*!40000 ALTER TABLE `loads` DISABLE KEYS */;
INSERT INTO `loads` VALUES (177,88,2,12,2016,2017,2,0,0,15,0,0,15,0,0,0,NULL,NULL,NULL),(175,86,2,12,2016,2017,2,0,0,9,0,0,9,0,0,0,NULL,NULL,NULL),(176,87,2,12,2016,2017,2,0,0,6,0,0,6,0,0,0,NULL,NULL,NULL),(173,84,2,12,2016,2017,2,0,0,12,0,0,12,0,0,0,NULL,NULL,NULL),(174,85,2,12,2016,2017,2,0,0,3,0,0,3,0,0,0,NULL,NULL,NULL),(171,82,2,12,2016,2017,2,1,3,6,0,4,10,0,1,1,NULL,NULL,NULL),(172,83,2,12,2016,2017,2,0,6,9,0,6,15,0,1,0,NULL,NULL,NULL),(170,81,2,12,2016,2017,2,0,3,17,0,3,20,0,1,0,NULL,NULL,NULL),(168,79,2,12,2016,2017,2,0,0,18,0,0,18,0,0,0,NULL,NULL,NULL),(169,80,2,12,2016,2017,2,12,0,0,0,12,12,0,0,1,NULL,NULL,NULL),(165,76,2,12,2016,2017,2,3,4,8,0,7,15,0,1,1,NULL,NULL,NULL),(166,77,2,12,2016,2017,2,0,0,15,0,0,15,0,0,0,NULL,NULL,NULL),(167,78,2,12,2016,2017,2,3,0,15,0,3,18,0,0,1,NULL,NULL,NULL),(163,74,2,12,2016,2017,2,0,3,9,0,3,12,0,1,0,NULL,NULL,NULL),(164,75,2,10,2016,2017,2,0,3,9,0,3,12,0,1,0,NULL,NULL,NULL),(161,72,9,42,2016,2017,2,0,0,3,0,0,3,0,0,0,NULL,NULL,NULL),(162,73,2,12,2016,2017,2,6,0,6,0,6,12,0,0,1,NULL,NULL,NULL),(160,43,2,12,2016,2017,2,9,0,3,0,9,12,0,0,1,NULL,NULL,NULL),(159,44,2,12,2016,2017,2,12,0,0,0,12,12,0,0,1,NULL,NULL,NULL),(158,45,2,12,2016,2017,2,0,0,0,0,0,0,0,0,0,NULL,NULL,NULL),(157,46,2,12,2016,2017,2,0,0,12,0,0,12,0,0,0,NULL,NULL,NULL),(155,48,2,12,2016,2017,2,0,0,0,0,0,0,0,0,0,NULL,NULL,NULL),(156,47,2,12,2016,2017,2,0,0,0,0,0,0,0,0,0,NULL,NULL,NULL),(154,49,2,12,2016,2017,2,3,3,6,0,6,12,0,1,1,NULL,NULL,NULL),(153,50,2,12,2016,2017,2,12,0,0,0,12,12,0,0,1,NULL,NULL,NULL),(152,51,2,12,2016,2017,2,0,0,0,0,0,0,0,0,0,NULL,NULL,NULL),(151,52,2,12,2016,2017,2,0,0,0,0,0,0,0,0,0,NULL,NULL,NULL),(150,53,2,12,2016,2017,2,0,3,6,0,3,9,0,1,0,NULL,NULL,NULL),(149,54,2,12,2016,2017,2,0,0,0,0,0,0,0,0,0,NULL,NULL,NULL),(148,55,2,12,2016,2017,2,6,0,9,0,6,15,0,0,1,NULL,NULL,NULL),(147,56,2,12,2016,2017,2,0,0,12,0,0,12,0,0,0,NULL,NULL,NULL),(146,57,2,12,2016,2017,2,0,0,0,0,0,0,0,0,0,NULL,NULL,NULL),(145,58,2,12,2016,2017,2,0,0,12,0,0,12,0,0,0,NULL,NULL,NULL),(144,59,2,12,2016,2017,2,0,0,0,0,0,0,0,0,0,NULL,NULL,NULL),(143,60,2,12,2016,2017,2,9,0,3,0,9,12,0,0,1,NULL,NULL,NULL),(142,61,2,12,2016,2017,2,21,0,3,0,21,24,0,0,1,NULL,NULL,NULL),(141,62,2,12,2016,2017,2,0,0,0,0,0,0,0,0,0,NULL,NULL,NULL),(140,63,2,12,2016,2017,2,0,0,0,0,0,0,0,0,0,NULL,NULL,NULL),(139,64,2,12,2016,2017,2,0,0,0,0,0,0,0,0,0,NULL,NULL,NULL),(138,65,2,12,2016,2017,2,0,0,0,0,0,0,0,0,0,NULL,NULL,NULL),(137,66,2,12,2016,2017,2,0,0,0,0,0,0,0,0,0,NULL,NULL,NULL),(136,67,2,12,2016,2017,2,0,0,0,0,0,0,0,0,0,NULL,NULL,NULL),(135,68,2,12,2016,2017,2,0,0,0,0,0,0,0,0,0,NULL,NULL,NULL),(134,69,2,12,2016,2017,2,0,0,0,0,0,0,0,0,0,NULL,NULL,NULL),(133,70,2,12,2016,2017,2,0,0,12,0,0,12,0,0,0,NULL,NULL,NULL),(132,71,2,12,2016,2017,2,0,0,0,0,0,0,0,0,0,NULL,NULL,NULL),(178,89,2,11,2016,2017,2,0,0,3,0,0,3,0,0,0,NULL,NULL,NULL),(179,90,2,11,2016,2017,2,0,0,3,0,0,3,0,0,0,NULL,NULL,NULL),(180,91,7,40,2016,2017,2,0,0,3,0,0,3,0,0,0,NULL,NULL,NULL),(181,92,2,10,2016,2017,2,0,0,3,0,0,3,0,0,0,NULL,NULL,NULL),(182,71,2,12,2012,2013,2,0,0,9,0,0,9,0,0,0,NULL,NULL,NULL),(183,70,2,12,2012,2013,2,0,0,12,0,0,12,0,0,0,NULL,NULL,NULL),(184,69,2,12,2012,2013,2,0,0,3,0,0,3,0,0,0,NULL,NULL,NULL),(185,68,2,12,2012,2013,2,0,0,9,0,0,9,0,0,0,NULL,NULL,NULL),(186,67,2,12,2012,2013,2,0,0,6,0,0,6,0,0,0,NULL,NULL,NULL),(187,66,2,12,2012,2013,2,0,0,3,0,0,3,0,0,0,NULL,NULL,NULL),(188,65,2,12,2012,2013,2,0,0,9,0,0,9,0,0,0,NULL,NULL,NULL),(189,64,2,12,2012,2013,2,0,0,12,0,0,12,0,0,0,NULL,NULL,NULL),(190,63,2,12,2012,2013,2,0,0,14,2,0,14,0,0,0,NULL,NULL,NULL),(191,62,2,12,2012,2013,2,0,0,16,0,0,16,0,0,0,NULL,NULL,NULL),(192,61,2,12,2012,2013,2,0,6,3,0,6,9,0,1,0,NULL,NULL,NULL),(193,60,2,12,2012,2013,2,0,3,9,0,3,12,0,1,0,NULL,NULL,NULL),(194,59,2,12,2012,2013,2,0,6,9,0,6,15,0,1,0,NULL,NULL,NULL),(195,58,2,12,2012,2013,2,0,0,12,0,0,12,0,0,0,NULL,NULL,NULL),(196,57,2,12,2012,2013,2,12,0,0,0,12,12,0,0,1,NULL,NULL,NULL),(197,56,2,12,2012,2013,2,3,0,6,0,3,9,0,0,1,NULL,NULL,NULL),(198,55,2,12,2012,2013,2,3,6,9,0,9,18,0,1,1,NULL,NULL,NULL),(199,54,2,12,2012,2013,2,0,0,12,0,0,12,0,0,0,NULL,NULL,NULL),(200,53,2,12,2012,2013,2,6,6,0,0,12,12,0,1,1,NULL,NULL,NULL),(201,52,2,12,2012,2013,2,3,0,9,0,3,12,0,0,1,NULL,NULL,NULL),(202,51,2,12,2012,2013,2,0,0,12,0,0,12,0,0,0,NULL,NULL,NULL),(203,50,2,12,2012,2013,2,10,0,3,0,10,13,0,0,1,NULL,NULL,NULL),(204,49,2,12,2012,2013,2,0,0,12,0,0,12,0,0,0,NULL,NULL,NULL),(205,48,2,12,2012,2013,2,0,0,12,0,0,12,0,0,0,NULL,NULL,NULL),(206,47,2,12,2012,2013,2,3,0,9,0,3,12,0,0,1,NULL,NULL,NULL),(207,46,2,12,2012,2013,2,0,0,21,0,0,21,0,0,0,NULL,NULL,NULL),(208,45,2,12,2012,2013,2,0,0,12,0,0,12,0,0,0,NULL,NULL,NULL),(209,44,2,12,2012,2013,2,6,0,9,0,6,15,0,0,1,NULL,NULL,NULL),(210,43,2,12,2012,2013,2,12,0,3,0,12,15,0,0,1,NULL,NULL,NULL),(211,72,9,42,2012,2013,2,0,0,0,0,0,0,0,0,0,NULL,NULL,NULL),(212,73,2,12,2012,2013,2,0,0,0,0,0,0,0,0,0,NULL,NULL,NULL),(213,74,2,12,2012,2013,2,0,0,0,0,0,0,0,0,0,NULL,NULL,NULL),(214,75,2,10,2012,2013,2,0,0,0,0,0,0,0,0,0,NULL,NULL,NULL),(215,76,2,12,2012,2013,2,0,0,0,0,0,0,0,0,0,NULL,NULL,NULL),(216,77,2,12,2012,2013,2,0,0,0,0,0,0,0,0,0,NULL,NULL,NULL),(217,78,2,12,2012,2013,2,0,0,0,0,0,0,0,0,0,NULL,NULL,NULL),(218,79,2,12,2012,2013,2,0,0,0,0,0,0,0,0,0,NULL,NULL,NULL),(219,80,2,12,2012,2013,2,0,0,0,0,0,0,0,0,0,NULL,NULL,NULL),(220,81,2,12,2012,2013,2,0,0,0,0,0,0,0,0,0,NULL,NULL,NULL),(221,82,2,12,2012,2013,2,0,0,0,0,0,0,0,0,0,NULL,NULL,NULL),(222,83,2,12,2012,2013,2,0,0,0,0,0,0,0,0,0,NULL,NULL,NULL),(223,84,2,12,2012,2013,2,0,0,0,0,0,0,0,0,0,NULL,NULL,NULL),(224,85,2,12,2012,2013,2,0,0,0,0,0,0,0,0,0,NULL,NULL,NULL),(225,86,2,12,2012,2013,2,0,0,0,0,0,0,0,0,0,NULL,NULL,NULL),(226,87,2,12,2012,2013,2,0,0,0,0,0,0,0,0,0,NULL,NULL,NULL),(227,88,2,12,2012,2013,2,0,0,0,0,0,0,0,0,0,NULL,NULL,NULL),(228,89,2,11,2012,2013,2,0,0,0,0,0,0,0,0,0,NULL,NULL,NULL),(229,90,2,11,2012,2013,2,0,0,0,0,0,0,0,0,0,NULL,NULL,NULL),(230,91,7,40,2012,2013,2,0,0,0,0,0,0,0,0,0,NULL,NULL,NULL),(231,92,2,10,2012,2013,2,0,0,0,0,0,0,0,0,0,NULL,NULL,NULL),(232,71,2,12,2016,2017,1,0,0,0,0,0,0,0,0,0,NULL,NULL,NULL),(233,70,2,12,2016,2017,1,0,0,12,0,0,12,0,0,0,NULL,NULL,NULL),(234,69,2,12,2016,2017,1,0,0,0,0,0,0,0,0,0,NULL,NULL,NULL),(235,68,2,12,2016,2017,1,0,0,0,0,0,0,0,0,0,NULL,NULL,NULL),(236,67,2,12,2016,2017,1,0,0,0,0,0,0,0,0,0,NULL,NULL,NULL),(237,66,2,12,2016,2017,1,0,0,0,0,0,0,0,0,0,NULL,NULL,NULL),(238,65,2,12,2016,2017,1,0,0,0,0,0,0,0,0,0,NULL,NULL,NULL),(239,64,2,12,2016,2017,1,0,0,0,0,0,0,0,0,0,NULL,NULL,NULL),(240,63,2,12,2016,2017,1,0,0,0,0,0,0,0,0,0,NULL,NULL,NULL),(241,62,2,12,2016,2017,1,0,0,0,0,0,0,0,0,0,NULL,NULL,NULL),(242,61,2,12,2016,2017,1,21,0,6,0,21,27,0,0,1,NULL,NULL,NULL),(243,60,2,12,2016,2017,1,9,0,6,0,9,15,0,0,1,NULL,NULL,NULL),(244,59,2,12,2016,2017,1,0,0,18,0,0,18,0,0,0,NULL,NULL,NULL),(245,58,2,12,2016,2017,1,0,0,15,0,0,15,0,0,0,NULL,NULL,NULL),(246,57,2,12,2016,2017,1,0,0,0,0,0,0,0,0,0,NULL,NULL,NULL),(247,56,2,12,2016,2017,1,0,0,0,0,0,0,0,0,0,NULL,NULL,NULL),(248,55,2,12,2016,2017,1,6,3,3,0,9,12,0,1,1,NULL,NULL,NULL),(249,54,2,12,2016,2017,1,0,0,12,0,0,12,0,0,0,NULL,NULL,NULL),(250,53,2,12,2016,2017,1,0,0,12,0,0,12,0,0,0,NULL,NULL,NULL),(251,52,2,12,2016,2017,1,0,0,0,0,0,0,0,0,0,NULL,NULL,NULL),(252,51,2,12,2016,2017,1,0,0,0,0,0,0,0,0,0,NULL,NULL,NULL),(253,50,2,12,2016,2017,1,12,0,0,0,12,12,0,0,1,NULL,NULL,NULL),(254,49,2,12,2016,2017,1,3,0,6,0,3,9,0,0,1,NULL,NULL,NULL),(255,48,2,12,2016,2017,1,0,0,0,0,0,0,0,0,0,NULL,NULL,NULL),(256,47,2,12,2016,2017,1,0,0,0,0,0,0,0,0,0,NULL,NULL,NULL),(257,46,2,12,2016,2017,1,0,0,12,0,0,12,0,0,0,NULL,NULL,NULL),(258,45,2,12,2016,2017,1,0,0,0,0,0,0,0,0,0,NULL,NULL,NULL),(259,44,2,12,2016,2017,1,12,0,0,0,12,12,0,0,1,NULL,NULL,NULL),(260,43,2,12,2016,2017,1,9,0,6,0,9,15,0,0,1,NULL,NULL,NULL),(261,72,9,42,2016,2017,1,0,0,3,0,0,3,0,0,0,NULL,NULL,NULL),(262,73,2,12,2016,2017,1,6,0,6,0,6,12,0,0,1,NULL,NULL,NULL),(263,74,2,12,2016,2017,1,0,0,12,0,0,12,0,0,0,NULL,NULL,NULL),(264,75,2,10,2016,2017,1,0,0,18,0,0,18,0,0,0,NULL,NULL,NULL),(265,76,2,12,2016,2017,1,3,0,11,0,3,14,0,0,1,NULL,NULL,NULL),(266,77,2,12,2016,2017,1,0,0,15,0,0,15,0,0,0,NULL,NULL,NULL),(267,78,2,12,2016,2017,1,0,0,15,0,0,15,0,0,0,NULL,NULL,NULL),(268,79,2,12,2016,2017,1,0,0,12,0,0,12,0,0,0,NULL,NULL,NULL),(269,80,2,12,2016,2017,1,10,0,9,0,10,19,0,0,1,NULL,NULL,NULL),(270,81,2,12,2016,2017,1,0,3,15,0,3,18,0,1,0,NULL,NULL,NULL),(271,82,2,12,2016,2017,1,6,0,9,0,6,15,0,0,1,NULL,NULL,NULL),(272,83,2,12,2016,2017,1,0,3,21,0,3,24,0,1,0,NULL,NULL,NULL),(273,84,2,12,2016,2017,1,0,0,12,0,0,12,0,0,0,NULL,NULL,NULL),(274,85,2,12,2016,2017,1,0,0,0,0,0,0,0,0,0,NULL,NULL,NULL),(275,86,2,12,2016,2017,1,0,0,3,0,0,3,0,0,0,NULL,NULL,NULL),(276,87,2,12,2016,2017,1,0,0,6,0,0,6,0,0,0,NULL,NULL,NULL),(277,88,2,12,2016,2017,1,0,0,15,0,0,15,0,0,0,NULL,NULL,NULL),(278,89,2,11,2016,2017,1,0,0,0,0,0,0,0,0,0,NULL,NULL,NULL),(279,90,2,11,2016,2017,1,0,0,0,0,0,0,0,0,0,NULL,NULL,NULL),(280,91,7,40,2016,2017,1,0,0,0,0,0,0,0,0,0,NULL,NULL,NULL),(281,92,2,10,2016,2017,1,0,0,0,0,0,0,0,0,0,NULL,NULL,NULL),(282,93,2,12,2016,2017,1,0,3,12,0,3,15,0,1,0,NULL,NULL,NULL),(283,94,2,10,2016,2017,1,0,0,3,0,0,3,0,0,0,NULL,NULL,NULL),(284,95,2,10,2016,2017,1,0,0,6,0,0,6,0,0,0,NULL,NULL,NULL),(285,96,2,10,2016,2017,1,0,0,3,0,0,3,0,0,0,NULL,NULL,NULL),(286,97,2,12,2016,2017,1,0,0,6,0,0,6,0,0,0,NULL,NULL,NULL),(287,98,2,12,2016,2017,1,0,0,6,0,0,6,0,0,0,NULL,NULL,NULL);
/*!40000 ALTER TABLE `loads` ENABLE KEYS */;
UNLOCK TABLES;

--
-- Table structure for table `offering`
--

DROP TABLE IF EXISTS `offering`;
/*!40101 SET @saved_cs_client     = @@character_set_client */;
/*!40101 SET character_set_client = utf8 */;
CREATE TABLE `offering` (
  `offering_id` int(11) NOT NULL AUTO_INCREMENT,
  `course_id` int(11) DEFAULT NULL,
  `faculty_id` int(11) DEFAULT NULL,
  `degree_program` varchar(45) DEFAULT NULL,
  `section` varchar(4) DEFAULT NULL,
  `batch` int(11) DEFAULT NULL,
  `term` int(11) DEFAULT NULL,
  `start_year` int(11) DEFAULT NULL,
  `end_year` int(11) DEFAULT NULL,
  `max_students_enrolled` int(11) DEFAULT NULL,
  `curr_students_enrolled` int(11) DEFAULT NULL,
  `isNonAcad` int(11) DEFAULT NULL,
  `isSHS` int(11) DEFAULT NULL,
  `isServiceCourse` int(11) DEFAULT NULL,
  `servicedept_id` int(11) DEFAULT NULL,
  `isMasters` int(11) DEFAULT NULL,
  `isElective` int(11) DEFAULT NULL,
  `elective_type` varchar(7) DEFAULT NULL,
  `description` varchar(100) DEFAULT NULL,
  `status` varchar(45) DEFAULT NULL,
  `location` varchar(45) DEFAULT NULL,
  `iteo_eval` float DEFAULT NULL,
  `time_stamp` timestamp NULL DEFAULT NULL,
  PRIMARY KEY (`offering_id`)
) ENGINE=MyISAM AUTO_INCREMENT=670 DEFAULT CHARSET=latin1;
/*!40101 SET character_set_client = @saved_cs_client */;

--
-- Dumping data for table `offering`
--

LOCK TABLES `offering` WRITE;
/*!40000 ALTER TABLE `offering` DISABLE KEYS */;
INSERT INTO `offering` VALUES (443,1388,44,'MSCS','G01',113,2,2012,2013,14,14,0,0,0,0,0,0,'','','Regular','Main',5,NULL),(442,1387,44,'3-ST','S18',113,2,2012,2013,33,33,0,0,0,0,0,0,'','','Regular','Main',5,NULL),(440,1385,43,'-ADM','',113,2,2012,2013,0,0,0,0,0,0,0,0,'','','Regular','Main',5,NULL),(441,1386,44,'-ADM ','',113,2,2012,2013,0,0,0,0,0,0,0,0,'','','Regular','Main',5,NULL),(439,1384,43,'MSCS','G01',113,2,2012,2013,4,4,0,0,0,0,0,0,'','','Regular','Main',5,NULL),(438,1383,92,'GRAD','',113,2,2016,2017,5,5,0,0,1,10,0,0,'','','Regular','Main',5,NULL),(437,1375,91,'ST-4','S18',113,2,2016,2017,20,20,0,0,1,40,0,1,'SPELEC2','','Regular','Main',5,NULL),(436,1322,90,'ST-3','S16',113,2,2016,2017,19,19,0,0,1,11,0,0,'','','Regular','Main',5,NULL),(435,1382,89,'CSS4','X22',113,2,2016,2017,10,10,0,0,1,11,0,1,'SPELEC2','','Regular','STC',5,NULL),(434,1381,72,'ST-4','S17',113,2,2016,2017,0,0,0,0,1,0,0,1,'SPELEC2','','Regular','Main',5,NULL),(431,1345,88,'1-IRR','S18',113,2,2016,2017,21,21,0,0,0,0,0,0,'','','Regular','Main',5,NULL),(432,1379,88,'IRR','S14',113,2,2016,2017,17,17,0,0,0,0,0,0,'','','Regular','Main',5,NULL),(433,1380,88,'IRR','S11',113,2,2016,2017,20,20,0,0,0,0,0,0,'','','Regular','Main',5,NULL),(430,1378,88,'MSIT','G1',113,2,2016,2017,16,16,0,0,0,0,0,0,'','','Regular','Main',5,NULL),(427,1375,87,'ST-4','S20',113,2,2016,2017,20,20,0,0,0,0,0,1,'SPELEC2','','Regular','Main',5,NULL),(428,1376,87,'IRR','S14',113,2,2016,2017,22,22,0,0,0,0,0,0,'','','Regular','Main',5,NULL),(429,1377,88,'GRAD','G1',113,2,2016,2017,5,5,0,0,0,0,0,0,'','','Regular','Main',5,NULL),(426,1374,86,'CSS2','X22',113,2,2016,2017,31,31,0,0,0,0,0,0,'','','Regular','STC',5,NULL),(425,1339,86,'CSS2','X22',113,2,2016,2017,31,31,0,0,0,0,0,0,'','','Regular','STC',5,NULL),(424,1355,86,'CSS3','X22',113,2,2016,2017,16,16,0,0,0,0,0,0,'','','Regular','STC',5,NULL),(423,1373,85,'CSE-3','S11',113,2,2016,2017,31,31,0,0,0,0,0,0,'','','Regular','Main',5,NULL),(422,1372,84,'SHS','11-Q',113,2,2016,2017,0,0,0,1,0,0,0,0,'','','Regular','Main',5,NULL),(421,1372,84,'SHS','11-S',113,2,2016,2017,0,0,0,1,0,0,0,0,'','','Regular','Main',5,NULL),(420,1371,84,'IS-2','S14',113,2,2016,2017,11,11,0,0,0,0,0,0,'','','Regular','Main',5,NULL),(419,1371,84,'IS-2','S15',113,2,2016,2017,26,26,0,0,0,0,0,0,'','','Regular','Main',5,NULL),(418,1370,61,'DIT','G1',113,2,2016,2017,12,12,0,0,0,0,0,0,'','','Regular','Main',5,NULL),(417,1316,61,'ADMIN','',113,2,2016,2017,0,0,0,0,0,0,0,0,'','','Regular','Main',5,NULL),(416,1369,61,'ADMIN','',113,2,2016,2017,0,0,0,0,0,0,0,0,'','','Regular','Main',5,NULL),(415,1316,60,'ADMIN','',113,2,2016,2017,0,0,0,0,0,0,0,0,'','','Regular','Main',5,NULL),(413,1325,83,'EA','',113,2,2016,2017,0,0,0,0,0,0,0,0,'','','Regular','Main',5,NULL),(414,1322,60,'CSS3 CS','X22',113,2,2016,2017,23,23,0,0,0,0,0,0,'','','Regular','STC',5,NULL),(412,1351,83,'','',113,2,2016,2017,0,0,0,0,0,0,0,0,'','','Regular','Main',5,NULL),(411,1367,83,'ST-3','S18',113,2,2016,2017,0,0,0,0,0,0,0,0,'','','Regular','Main',5,NULL),(410,1367,83,'ST-3','S17',113,2,2016,2017,0,0,0,0,0,0,0,0,'','','Regular','Main',5,NULL),(408,1366,58,'GRAD','G1',113,2,2016,2017,9,9,0,0,0,0,0,0,'','','Regular','Main',5,NULL),(409,1339,83,'ST-2','S18',113,2,2016,2017,33,33,0,0,0,0,0,0,'','','Regular','Main',5,NULL),(407,1315,58,'2-IRR','S19',113,2,2016,2017,20,20,0,0,0,0,0,0,'','','Regular','Main',5,NULL),(406,1315,58,'1-CS','S18A',113,2,2016,2017,22,22,0,0,0,0,0,0,'','','Regular','Main',5,NULL),(405,1315,58,'1-CS','S17B',113,2,2016,2017,22,22,0,0,0,0,0,0,'','','Regular','Main',5,NULL),(404,1365,82,'GRAD','G1',113,2,2016,2017,15,15,0,0,0,0,0,0,'','','Regular','Main',5,NULL),(403,1351,82,'URCO','',113,2,2016,2017,0,0,0,0,0,0,0,0,'','','Regular','Main',5,NULL),(402,1363,82,'ADMIN','',113,2,2016,2017,0,0,0,0,0,0,0,0,'','','Regular','Main',5,NULL),(401,1362,82,'ST-4','S19',113,2,2016,2017,16,16,0,0,0,0,0,1,'SPELEC2','','Regular','Main',5,NULL),(400,1355,56,'ST-3','S19',113,2,2016,2017,17,17,0,0,0,0,0,0,'','','Regular','Main',5,NULL),(399,1338,56,'ST-4','S17',113,2,2016,2017,42,42,0,0,0,0,0,0,'','','Regular','Main',5,NULL),(398,1338,56,'ST-4','S18',113,2,2016,2017,44,44,0,0,0,0,0,0,'','','Regular','Main',5,NULL),(397,1338,56,'ST-4','S19',113,2,2016,2017,7,7,0,0,0,0,0,0,'','','Regular','Main',5,NULL),(396,1361,55,'ADMIN','',113,2,2016,2017,0,0,0,0,0,0,0,0,'','','Regular','Main',5,NULL),(395,1326,55,'SHS','11-C',113,2,2016,2017,43,43,0,0,0,0,0,0,'','','Regular','Main',5,NULL),(394,1322,55,'ST-4','S19',113,2,2016,2017,35,35,0,0,0,0,0,0,'','','Regular','Main',5,NULL),(393,1322,55,'ST-4','S18',113,2,2016,2017,37,37,0,0,0,0,0,0,'','','Regular','Main',5,NULL),(392,1351,81,'URCO','',113,2,2016,2017,0,0,0,0,0,0,0,0,'','','Regular','Main',5,NULL),(391,1359,81,'CSS4','X22',113,2,2016,2017,0,0,0,0,0,0,0,0,'','','Regular','STC',5,NULL),(390,1358,81,'ST-4','S19',113,2,2016,2017,0,0,0,0,0,0,0,0,'','','Regular','Main',5,NULL),(388,1356,81,'ST-4','S17',113,2,2016,2017,0,0,0,0,0,0,0,0,'','','Regular','Main',5,NULL),(389,1357,81,'ST-4','S18',113,2,2016,2017,0,0,0,0,0,0,0,0,'','','Regular','Main',5,NULL),(386,1314,81,'IT-3','S15',113,2,2016,2017,24,24,0,0,0,0,0,0,'','','Regular','Main',5,NULL),(387,1355,81,'ST-3','S18',113,2,2016,2017,20,20,0,0,0,0,0,0,'','','Regular','Main',5,NULL),(385,1355,81,'ST-3','S17',113,2,2016,2017,28,28,0,0,0,0,0,0,'','','Regular','Main',5,NULL),(383,1353,80,'ADMIN','',113,2,2016,2017,0,0,0,0,0,0,0,0,'','','Regular','Main',5,NULL),(384,1354,80,'ADMIN','',113,2,2016,2017,0,0,0,0,0,0,0,0,'','','Regular','Main',5,NULL),(381,1351,53,'URCO','',113,2,2016,2017,0,0,0,0,0,0,0,0,'','','Regular','Main',5,NULL),(382,1352,54,'ADMIN','',113,2,2016,2017,0,0,0,0,0,0,0,0,'','','Regular','Main',5,NULL),(380,1315,53,'1-CS','S18B',113,2,2016,2017,18,18,0,0,0,0,0,0,'','','Regular','Main',5,NULL),(379,1315,53,'1-CS','S17A',113,2,2016,2017,19,19,0,0,0,0,0,0,'','','Regular','Main',5,NULL),(378,1324,79,'GRAD','',113,2,2016,2017,3,3,0,0,0,0,0,0,'','','Special','STC',5,NULL),(377,1350,79,'','',113,2,2016,2017,0,0,0,0,0,0,0,0,'','','Special','Main',5,NULL),(376,1349,79,'CSE-2','S11',113,2,2016,2017,44,44,0,0,0,0,0,0,'','','Regular','Main',5,NULL),(375,1349,79,'NE-2','S13',113,2,2016,2017,26,26,0,0,0,0,0,0,'','','Regular','Main',5,NULL),(374,1349,79,'NE-2','S12',113,2,2016,2017,16,16,0,0,0,0,0,0,'','','Regular','Main',5,NULL),(373,1327,79,'CSS2-IR','X22',113,2,2016,2017,14,14,0,0,0,0,0,0,'','','Regular','STC',5,NULL),(372,1348,50,'ADMIN','',113,2,2016,2017,0,0,0,0,0,0,0,0,'','','Regular','Main',5,NULL),(371,1347,78,'','',113,2,2016,2017,1,1,0,0,0,0,0,0,'','','Special','Main',5,NULL),(369,1345,78,'1-IRR','S19',113,2,2016,2017,14,14,0,0,0,0,0,0,'','','Regular','Main',5,NULL),(370,1346,78,'','',113,2,2016,2017,6,6,0,0,0,0,0,0,'','','Special','Main',5,NULL),(368,1344,78,'SHS','11-R',113,2,2016,2017,0,0,0,1,0,0,0,0,'','','Regular','Main',5,NULL),(367,1343,78,'IRR','S15',113,2,2016,2017,29,29,0,0,0,0,0,0,'','','Regular','Main',5,NULL),(366,1342,78,'ADMIN','',113,2,2016,2017,0,0,0,0,0,0,0,0,'','','Regular','Main',5,NULL),(365,1341,77,'','',113,2,2016,2017,0,0,0,0,0,0,0,0,'','','Special','Main',5,NULL),(364,1340,77,'GRAD','G1',113,2,2016,2017,6,6,0,0,0,0,0,0,'','','Regular','Main',5,NULL),(363,1339,77,'ST-2','S19',113,2,2016,2017,44,44,0,0,0,0,0,0,'','','Regular','Main',5,NULL),(362,1339,77,'ST-2','S17',113,2,2016,2017,15,15,0,0,0,0,0,0,'','','Regular','Main',5,NULL),(361,1338,77,'CSS4','X22',113,2,2016,2017,12,12,0,0,0,0,0,0,'','','Regular','STC',5,NULL),(360,1337,76,'','',113,2,2016,2017,2,2,0,0,0,0,0,0,'','','Special','Main',5,NULL),(359,1336,76,'URCO','',113,2,2016,2017,0,0,0,0,0,0,0,0,'','','Regular','Main',5,NULL),(356,1333,76,'GRAD','G1',113,2,2016,2017,15,15,0,0,0,0,0,0,'','','Regular','Main',5,NULL),(358,1335,76,'NE-2','S12B',113,2,2016,2017,22,22,0,0,0,0,0,0,'','','Regular','Main',5,NULL),(357,1334,76,'NE-2','S12B',113,2,2016,2017,22,22,0,0,0,0,0,0,'','','Regular','Main',5,NULL),(354,1329,75,'NE-2','S13',113,2,2016,2017,30,30,0,0,0,0,0,0,'','','Regular','Main',5,NULL),(355,1332,76,'ADMIN','',113,2,2016,2017,0,0,0,0,0,0,0,0,'','','Regular','Main',5,NULL),(353,1331,75,'SHS','11-P',113,2,2016,2017,0,0,0,1,0,0,0,0,'','','Regular','Main',5,NULL),(352,1330,75,'CSE-4','S11',113,2,2016,2017,24,24,0,0,0,0,0,1,'SPELEC2','','Regular','Main',5,NULL),(351,1329,75,'CSE-2','S11',113,2,2016,2017,26,26,0,0,0,0,0,0,'','','Regular','Main',5,NULL),(350,1328,74,'SHS','',113,2,2016,2017,0,0,0,1,0,0,0,0,'','','Regular','Main',5,NULL),(349,1327,74,'1-CS','S17',113,2,2016,2017,45,45,0,0,0,0,0,0,'','','Regular','Main',5,NULL),(347,1327,74,'IRR','S19',113,2,2016,2017,45,45,0,0,0,0,0,0,'','','Regular','Main',5,NULL),(348,1327,74,'1-CS','S18',113,2,2016,2017,40,40,0,0,0,0,0,0,'','','Regular','Main',5,NULL),(346,1326,49,'SHS','11-F',113,2,2016,2017,0,0,0,1,0,0,0,0,'','','Regular','Main',5,NULL),(345,1325,49,'','',113,2,2016,2017,0,0,0,0,0,0,0,0,'','','Regular','Main',5,NULL),(343,1323,49,'ADMIN','',113,2,2016,2017,0,0,0,0,0,0,0,0,'','','Regular','Main',5,NULL),(344,1324,49,'GRAD','G1',113,2,2016,2017,15,15,0,0,0,0,0,0,'','','Regular','Main',5,NULL),(342,1322,73,'ST-4','S17',113,2,2016,2017,44,44,0,0,0,0,0,0,'','','Regular','Main',5,NULL),(341,1322,73,'ST-3','S15',113,2,2016,2017,30,30,0,0,0,0,0,0,'','','Regular','Main',5,NULL),(340,1321,73,'ADMIN','',113,2,2016,2017,0,0,0,0,0,0,0,0,'','','Regular','Main',5,NULL),(339,1312,46,'ST-2','S18',113,2,2016,2017,34,34,0,0,0,0,0,0,'','','Regular','Main',5,NULL),(338,1312,46,'ST-2','S17',113,2,2016,2017,17,17,0,0,0,0,0,0,'','','Regular','Main',5,NULL),(337,1320,46,'GRAD','G1',113,2,2016,2017,14,14,0,0,0,0,0,0,'','','Regular','Main',5,NULL),(336,1319,46,'NE-3','S12',113,2,2016,2017,19,19,0,0,0,0,0,0,'','','Regular','Main',5,NULL),(335,1318,44,'ADMIN','',113,2,2016,2017,0,0,0,0,0,0,0,0,'','','Regular','Main',5,NULL),(334,1317,43,'GRAD','G1',113,2,2016,2017,11,11,0,0,0,0,0,0,'','','Regular','Main',5,NULL),(333,1316,43,'ADMIN','',113,2,2016,2017,0,0,0,0,0,0,0,0,'','','Regular','Main',5,NULL),(332,1315,70,'CSS-IRR','X22',113,2,2016,2017,7,7,0,0,0,0,0,0,'','','Regular','STC',5,NULL),(331,1314,70,'IT-3','S14',113,2,2016,2017,15,15,0,0,0,0,0,0,'','','Regular','Main',5,NULL),(330,1313,70,'IS-2','S21',113,2,2016,2017,22,22,0,0,0,0,0,0,'','','Regular','Main',5,NULL),(329,1312,70,'ST-2','S19',113,2,2016,2017,22,22,0,0,0,0,0,0,'','','Regular','Main',5,NULL),(444,1389,44,'SC','SS1',113,2,2012,2013,2,2,0,0,0,0,0,0,'','','Regular','Main',5,NULL),(445,1327,45,'1-CS','S14',113,2,2012,2013,43,43,0,0,0,0,0,0,'','','Regular','Main',5,NULL),(446,1327,45,'1-CS','S17',113,2,2012,2013,43,43,0,0,0,0,0,0,'','','Regular','Main',5,NULL),(447,1327,45,'1-CSE','S12',113,2,2012,2013,38,38,0,0,0,0,0,0,'','','Regular','Main',5,NULL),(448,1390,45,'DipCS','G01',113,2,2012,2013,12,12,0,0,0,0,0,0,'','','Regular','Main',5,NULL),(449,1391,46,'2-ST','S19',113,2,2012,2013,43,43,0,0,0,0,0,0,'','','Regular','Main',5,NULL),(450,1391,46,'2-ST','S17',113,2,2012,2013,28,28,0,0,0,0,0,0,'','','Regular','Main',5,NULL),(451,1391,46,'2-ST','S18',113,2,2012,2013,34,34,0,0,0,0,0,0,'','','Regular','Main',5,NULL),(452,1392,46,'SC','G01',113,2,2012,2013,7,7,0,0,0,0,0,0,'','','Regular','Main',5,NULL),(453,1393,46,'SC','GS1',113,2,2012,2013,0,0,0,0,0,0,0,0,'','','Regular','Main',5,NULL),(454,1394,46,'SC','GS1',113,2,2012,2013,0,0,0,0,0,0,0,0,'','','Regular','Main',5,NULL),(455,1395,46,'SC','SS1',113,2,2012,2013,0,0,0,0,0,0,0,0,'','','Regular','Main',5,NULL),(456,1315,47,'1-CS','S14A',113,2,2012,2013,20,20,0,0,0,0,0,0,'','','Regular','Main',5,NULL),(457,1315,47,'1-CS','S12B',113,2,2012,2013,20,20,0,0,0,0,0,0,'','','Regular','Main',5,NULL),(458,1396,47,'DipCS','G01',113,2,2012,2013,19,19,0,0,0,0,0,0,'','','Regular','Main',5,NULL),(459,1397,47,'-VCA','',113,2,2012,2013,0,0,0,0,0,0,0,0,'','','Regular','Main',5,NULL),(460,1349,48,'2-NE','S22',113,2,2012,2013,43,43,0,0,0,0,0,0,'','','Regular','Main',5,NULL),(461,1349,48,'2-IST','S20',113,2,2012,2013,24,24,0,0,0,0,0,0,'','','Regular','Main',5,NULL),(462,1379,48,'IRR','S13A',113,2,2012,2013,0,0,0,0,0,0,0,0,'','','Regular','Main',5,NULL),(463,1349,48,'2-NE','S23',113,2,2012,2013,31,31,0,0,0,0,0,0,'','','Regular','Main',5,NULL),(464,1315,49,'1-CSE','S11B',113,2,2012,2013,20,20,0,0,0,0,0,0,'','','Regular','Main',5,NULL),(465,1315,49,'1-CS','S17B',113,2,2012,2013,20,20,0,0,0,0,0,0,'','','Regular','Main',5,NULL),(466,1398,49,'MSCS','M',113,2,2012,2013,13,13,0,0,0,0,0,0,'','','Regular','Main',5,NULL),(467,1315,49,'1-CS','S16A',113,2,2012,2013,21,21,0,0,0,0,0,0,'','','Regular','Main',5,NULL),(468,1354,50,'-ADM','',113,2,2012,2013,0,0,0,0,0,0,0,0,'','','Regular','Main',5,NULL),(469,1319,50,'3-CSE','S11 ',113,2,2012,2013,25,25,0,0,0,0,0,0,'','','Regular','Main',5,NULL),(470,1329,51,'2-CSE','S12',113,2,2012,2013,43,43,0,0,0,0,0,0,'','','Regular','Main',5,NULL),(471,1399,51,'3-ST','S19',113,2,2012,2013,28,28,0,0,0,0,0,0,'','','Regular','Main',5,NULL),(472,1338,51,'3-ST','S19',113,2,2012,2013,45,45,0,0,0,0,0,0,'','','Regular','Main',5,NULL),(473,1329,51,'2-NE','S23',113,2,2012,2013,15,15,0,0,0,0,0,0,'','','Regular','Main',5,NULL),(474,1380,52,'IRR','S11',113,2,2012,2013,15,15,0,0,0,0,0,0,'','','Regular','Main',5,NULL),(475,1400,52,'IRR','S13 ',113,2,2012,2013,22,22,0,0,0,0,0,0,'','','Regular','Main',5,NULL),(476,1397,52,'VCA','',113,2,2012,2013,0,0,0,0,0,0,0,0,'','','Regular','Main',5,NULL),(477,1402,52,'SC','NS1',113,2,2012,2013,5,5,0,0,0,0,0,0,'','','Regular','Main',5,NULL),(478,1403,53,'-ADM','',113,2,2012,2013,0,0,0,0,0,0,0,0,'','','Regular','Main',5,NULL),(479,1404,53,'-URCO','',113,2,2012,2013,0,0,0,0,0,0,0,0,'','','Regular','Main',5,NULL),(480,1405,53,'-URCO','',113,2,2012,2013,0,0,0,0,0,0,0,0,'','','Regular','Main',5,NULL),(481,1329,54,'2-CSE','S11',113,2,2012,2013,15,15,0,0,0,0,0,0,'','','Regular','Main',5,NULL),(482,1387,54,'3-ST','S19',113,2,2012,2013,30,30,0,0,0,0,0,0,'','','Regular','Main',5,NULL),(483,1387,54,'3-ST','S17',113,2,2012,2013,42,42,0,0,0,0,0,0,'','','Regular','Main',5,NULL),(484,1406,54,'DipCS','G01',113,2,2012,2013,9,9,0,0,0,0,0,0,'','','Regular','Main',5,NULL),(485,1349,55,'2-CSE','S11',113,2,2012,2013,0,0,0,0,0,0,0,0,'','','Regular','Main',5,NULL),(486,1407,55,'-ADM','',113,2,2012,2013,0,0,0,0,0,0,0,0,'','','Regular','Main',5,NULL),(487,1408,55,'-URCO','',113,2,2012,2013,0,0,0,0,0,0,0,0,'','','Regular','Main',5,NULL),(488,1409,55,'-URCO','',113,2,2012,2013,0,0,0,0,0,0,0,0,'','','Regular','Main',5,NULL),(489,1410,55,'SC','GS1',113,2,2012,2013,1,1,0,0,0,0,0,0,'','','Regular','Main',5,NULL),(490,1411,55,'SC','SS1',113,2,2012,2013,2,2,0,0,0,0,0,0,'','','Regular','Main',5,NULL),(491,1412,56,'NEW','S13',113,2,2012,2013,26,26,0,0,0,0,0,0,'','','Regular','Main',5,NULL),(492,1412,56,'NEW','S14',113,2,2012,2013,25,25,0,0,0,0,0,0,'','','Regular','Main',5,NULL),(493,1397,56,'-VCA','',113,2,2012,2013,0,0,0,0,0,0,0,0,'','','Regular','Main',5,NULL),(494,1369,57,'-ADM','',113,2,2012,2013,0,0,0,0,0,0,0,0,'','','Regular','Main',5,NULL),(495,1315,58,'1-CS','S17A',113,2,2012,2013,20,20,0,0,0,0,0,0,'','','Regular','Main',5,NULL),(496,1315,58,'1-CS','S15A',113,2,2012,2013,20,20,0,0,0,0,0,0,'','','Regular','Main',5,NULL),(497,1315,58,'1-CS','S12A',113,2,2012,2013,20,20,0,0,0,0,0,0,'','','Regular','Main',5,NULL),(498,1413,58,'3-ST','S17',113,2,2012,2013,43,43,0,0,0,0,0,0,'','','Regular','Main',5,NULL),(499,1414,59,'MSCS','G01',113,2,2012,2013,9,9,0,0,0,0,0,0,'','','Regular','Main',5,NULL),(500,1415,59,'MSIT','G01',113,2,2012,2013,16,16,0,0,0,0,0,0,'','','Regular','Main',5,NULL),(501,1416,59,'-URCO','',113,2,2012,2013,0,0,0,0,0,0,0,0,'','','Regular','Main',5,NULL),(502,1417,59,'SC','NS1',113,2,2012,2013,2,2,0,0,0,0,0,0,'','','Regular','Main',5,NULL),(503,1345,60,'IRR','S11',113,2,2012,2013,17,17,0,0,0,0,0,0,'','','Regular','Main',5,NULL),(504,1345,60,'IRR','S17',113,2,2012,2013,17,17,0,0,0,0,0,0,'','','Regular','Main',5,NULL),(505,1345,60,'IRR','S16 ',113,2,2012,2013,17,17,0,0,0,0,0,0,'','','Regular','Main',5,NULL),(506,1418,60,'-ADM','',113,2,2012,2013,0,0,0,0,0,0,0,0,'','','Regular','Main',5,NULL),(507,1419,61,'3-ST','S18',113,2,2012,2013,35,35,0,0,0,0,0,0,'','','Regular','Main',5,NULL),(508,1420,61,'-URCO','',113,2,2012,2013,0,0,0,0,0,0,0,0,'','','Regular','Main',5,NULL),(509,1408,61,'-URCO','',113,2,2012,2013,0,0,0,0,0,0,0,0,'','','Regular','Main',5,NULL),(510,1421,62,'4-CSE','S11',113,2,2012,2013,28,28,0,0,0,0,0,0,'','','Regular','Main',5,NULL),(511,1422,62,'NEW','S11',113,2,2012,2013,25,25,0,0,0,0,0,0,'','','Regular','Main',5,NULL),(512,1371,62,'2-IS ','S15 ',113,2,2012,2013,28,28,0,0,0,0,0,0,'','','Regular','Main',5,NULL),(513,1371,62,'2-IS','S16',113,2,2012,2013,28,28,0,0,0,0,0,0,'','','Regular','Main',5,NULL),(514,1423,62,'2-IS','S13',113,2,2012,2013,28,28,0,0,0,0,0,0,'','','Regular','Main',5,NULL),(515,1424,62,'SC','NS1',113,2,2012,2013,1,1,0,0,0,0,0,0,'','','Regular','Main',5,NULL),(516,1319,63,'3-NE','S12',113,2,2012,2013,23,23,0,0,0,0,0,0,'','','Regular','Main',5,NULL),(517,1319,63,'3-NE','S23',113,2,2012,2013,37,37,0,0,0,0,0,0,'','','Regular','Main',5,NULL),(518,1425,63,'MSCS','G01',113,2,2012,2013,20,20,0,0,0,0,0,0,'','','Regular','Main',5,NULL),(519,1426,63,'','NO4',113,2,2012,2013,0,0,1,0,0,0,0,0,'','','Regular','Main',5,NULL),(520,1427,63,'','SS1',113,2,2012,2013,1,1,0,0,0,0,0,0,'','','Regular','Main',5,NULL),(521,1428,64,'1-IS','S13',113,2,2012,2013,38,38,0,0,0,0,0,0,'','','Regular','Main',5,NULL),(522,1428,64,'1-IS','S18',113,2,2012,2013,34,34,0,0,0,0,0,0,'','','Regular','Main',5,NULL),(523,1428,64,'1-IS','S19',113,2,2012,2013,41,41,0,0,0,0,0,0,'','','Regular','Main',5,NULL),(524,1428,64,'NEW','S14',113,2,2012,2013,22,22,0,0,0,0,0,0,'','','Regular','Main',5,NULL),(525,1338,65,'3-ST','S18',113,2,2012,2013,44,44,0,0,0,0,0,0,'','','Regular','Main',5,NULL),(526,1429,65,'3-CSE','S11',113,2,2012,2013,35,35,0,0,0,0,0,0,'','','Regular','Main',5,NULL),(527,1338,65,'3-ST','S17',113,2,2012,2013,19,19,0,0,0,0,0,0,'','','Regular','Main',5,NULL),(528,1313,66,'3-ST','S18',113,2,2012,2013,43,43,0,0,0,0,0,0,'','','Regular','Main',5,NULL),(529,1313,67,'3-ST','S19',113,2,2012,2013,35,35,0,0,0,0,0,0,'','','Regular','Main',5,NULL),(530,1313,67,'3-ST','S17',113,2,2012,2013,42,42,0,0,0,0,0,0,'','','Regular','Main',5,NULL),(531,1327,68,'1-CSE','S11',113,2,2012,2013,40,40,0,0,0,0,0,0,'','','Regular','Main',5,NULL),(532,1327,68,'1-CS','S15',113,2,2012,2013,43,43,0,0,0,0,0,0,'','','Regular','Main',5,NULL),(533,1327,68,'1-CS','S16',113,2,2012,2013,43,43,0,0,0,0,0,0,'','','Regular','Main',5,NULL),(534,1315,69,'IRR','S12',113,2,2012,2013,0,0,0,0,0,0,0,0,'','','Regular','Main',5,NULL),(535,1327,70,'1-CS','STC',113,2,2012,2013,0,0,0,0,0,0,0,0,'','','Regular','STC',5,NULL),(536,1428,70,'1-IS','STC',113,2,2012,2013,0,0,0,0,0,0,0,0,'','','Regular','STC',5,NULL),(537,1391,70,'2-ST','STC',113,2,2012,2013,0,0,0,0,0,0,0,0,'','','Regular','STC',5,NULL),(538,1430,70,'','STC',113,2,2012,2013,0,0,0,0,0,0,0,0,'','','Regular','STC',5,NULL),(539,1431,71,'IRR','STC',113,2,2012,2013,0,0,0,0,0,0,0,0,'','','Regular','STC',5,NULL),(540,1432,71,'1-CS','STC',113,2,2012,2013,0,0,0,0,0,0,0,0,'','','Regular','STC',5,NULL),(541,1345,71,'IRR','STC',113,2,2012,2013,0,0,0,0,0,0,0,0,'','','Regular','STC',5,NULL),(542,1433,70,'CSS-3','X22',113,1,2016,2017,14,14,0,0,0,0,0,0,'','','Regular','STC',5,NULL),(543,1434,70,'CSS-4','X22',113,1,2016,2017,7,7,0,0,0,0,0,0,'','','Regular','STC',5,NULL),(544,1372,70,'SHS','11-A',113,1,2016,2017,0,0,0,1,0,0,0,0,'','','Regular','Main',5,NULL),(545,1372,70,'SHS','11-D',113,1,2016,2017,0,0,0,1,0,0,0,0,'','','Regular','Main',5,NULL),(546,1316,43,'ADMIN','',113,1,2016,2017,0,0,0,0,0,0,0,0,'','','Regular','',5,NULL),(547,1470,43,'GRAD','G2',113,1,2016,2017,13,13,0,0,0,0,0,0,'','','Regular','Main',5,NULL),(548,1470,43,'STC-MS','',113,1,2016,2017,0,0,0,0,0,0,0,0,'','','Special','STC',5,NULL),(549,1318,44,'ADMIN','',113,1,2016,2017,0,0,0,0,0,0,0,0,'','','Regular','',5,NULL),(550,1395,46,'ST-3','S17',113,1,2016,2017,17,17,0,0,0,0,0,0,'','','Regular','Main',5,NULL),(551,1395,46,'ST-3','S18',113,1,2016,2017,42,42,0,0,0,0,0,0,'','','Regular','Main',5,NULL),(552,1436,46,'GRAD','',113,1,2016,2017,5,5,0,0,0,0,0,0,'','','Special','Main',5,NULL),(553,1437,46,'GRAD','G1',113,1,2016,2017,11,11,0,0,0,0,0,0,'','','Regular','Main',5,NULL),(554,1438,46,'','',113,1,2016,2017,12,12,0,0,0,0,0,0,'','','Regular','Main',5,NULL),(555,1380,73,'IRR','S18',113,1,2016,2017,7,7,0,0,0,0,0,0,'','','Regular','Main',5,NULL),(556,1380,73,'IRR','S19',113,1,2016,2017,22,22,0,0,0,0,0,0,'','','Regular','Main',5,NULL),(557,1321,73,'ADMIN','',113,1,2016,2017,0,0,0,0,0,0,0,0,'','','Regular','Main',5,NULL),(558,1323,49,'ADMIN','',113,1,2016,2017,0,0,0,0,0,0,0,0,'','','Regular','',5,NULL),(559,1349,49,'ST-2','S19',113,1,2016,2017,26,26,0,0,0,0,0,0,'','','Regular','Main',5,NULL),(560,1372,49,'SHS','11-D',113,1,2016,2017,0,0,0,0,0,0,0,0,'','','Regular','Main',5,NULL),(561,1376,74,'IT-2','S15A',113,1,2016,2017,10,10,0,0,0,0,0,0,'','','Regular','Main',5,NULL),(562,1376,74,'IT-2','S16A',113,1,2016,2017,22,22,0,0,0,0,0,0,'','','Regular','Main',5,NULL),(563,1441,74,'SOE','V24',113,1,2016,2017,33,33,0,0,0,0,0,0,'','','Regular','Main',5,NULL),(564,1441,74,'SOE','V25',113,1,2016,2017,30,30,0,0,0,0,0,0,'','','Regular','Main',5,NULL),(565,1332,76,'ADMIN','',113,1,2016,2017,0,0,0,0,0,0,0,0,'','','Regular','',5,NULL),(566,1443,76,'CT','S12A',113,1,2016,2017,21,21,0,0,0,0,0,0,'','','Regular','Main',5,NULL),(567,1444,76,'CT','S12A',113,1,2016,2017,21,21,0,0,0,0,0,0,'','','Regular','Main',5,NULL),(568,1445,76,'','',113,1,2016,2017,0,0,0,0,0,0,0,0,'','','Special','',5,NULL),(569,1446,76,'IRR','',113,1,2016,2017,0,0,0,0,0,0,0,0,'','','Special','',5,NULL),(570,1447,78,'CSE-3','S11',113,1,2016,2017,14,14,0,0,0,0,0,0,'','','Regular','Main',5,NULL),(571,1447,78,'NE-3','S12',113,1,2016,2017,19,19,0,0,0,0,0,0,'','','Regular','Main',5,NULL),(572,1372,78,'SHS','11-G',113,1,2016,2017,0,0,0,1,0,0,0,0,'','','Regular','Main',5,NULL),(573,1372,78,'SHS','11-H',113,1,2016,2017,0,0,0,1,0,0,0,0,'','','Regular','Main',5,NULL),(574,1428,78,'IRR','S15',113,1,2016,2017,21,21,0,0,0,0,0,0,'','','Regular','Main',5,NULL),(575,1348,50,'ADMIN','',113,1,2016,2017,0,0,0,0,0,0,0,0,'','','Regular','',5,NULL),(576,1349,79,'CSS-2','X22',113,1,2016,2017,32,32,0,0,0,0,0,0,'','','Regular','STC',5,NULL),(577,1395,79,'CSS-3','X22',113,1,2016,2017,11,11,0,0,0,0,0,0,'','','Regular','STC',5,NULL),(578,1449,79,'CSS-3','X22',113,1,2016,2017,12,12,0,0,0,0,0,0,'','','Regular','STC',5,NULL),(579,1380,79,'CSS-IRR','X22',113,1,2016,2017,9,9,0,0,0,0,0,0,'','','Regular','STC',5,NULL),(580,1345,53,'IRR','S19',113,1,2016,2017,22,22,0,0,0,0,0,0,'','','Regular','Main',5,NULL),(581,1345,53,'IRR','S20',113,1,2016,2017,22,22,0,0,0,0,0,0,'','','Regular','Main',5,NULL),(582,1372,53,'SHS','11-B',113,1,2016,2017,0,0,0,1,0,0,0,0,'','','Regular','Main',5,NULL),(583,1372,53,'SHS','11-C',113,1,2016,2017,0,0,0,1,0,0,0,0,'','','Regular','Main',5,NULL),(584,1345,54,'CS-1','S17A',113,1,2016,2017,21,21,0,0,0,0,0,0,'','','Regular','Main',5,NULL),(585,1345,54,'CS-1','S18A',113,1,2016,2017,20,20,0,0,0,0,0,0,'','','Regular','Main',5,NULL),(586,1315,54,'IRR','S',113,1,2016,2017,18,18,0,0,0,0,0,0,'','','Regular','Main',5,NULL),(587,1450,54,'COS','N1',113,1,2016,2017,11,11,0,0,0,0,0,0,'','','Regular','Main',5,NULL),(588,1451,80,'GRAD','G1',113,1,2016,2017,7,7,0,0,0,0,0,0,'','','Regular','Main',5,NULL),(589,1354,80,'ADMIN','',113,1,2016,2017,0,0,0,0,0,0,0,0,'','','Regular','Main',5,NULL),(590,1366,80,'GRAD','',113,1,2016,2017,0,0,0,0,0,0,0,0,'','','Special','Main',5,NULL),(591,1387,80,'IRR','',113,1,2016,2017,0,0,0,0,0,0,0,0,'','','Special','Main',5,NULL),(592,1412,81,'IS-3','S14A',113,1,2016,2017,27,27,0,0,0,0,0,0,'','','Regular','Main',5,NULL),(593,1412,81,'IS-3','S14B',113,1,2016,2017,23,23,0,0,0,0,0,0,'','','Regular','Main',5,NULL),(594,1355,81,'IRR','',113,1,2016,2017,0,0,0,0,0,0,0,0,'','','Special','Main',5,NULL),(595,1351,81,'URCO','',113,1,2016,2017,0,0,0,0,0,0,0,0,'','','Regular','Main',5,NULL),(596,1453,81,'ST-4','S17',113,1,2016,2017,0,0,0,0,0,0,0,0,'','','Regular','Main',5,NULL),(597,1453,81,'ST-4','S18',113,1,2016,2017,0,0,0,0,0,0,0,0,'','','Regular','Main',5,NULL),(598,1453,81,'ST-4','S19',113,1,2016,2017,0,0,0,0,0,0,0,0,'','','Regular','Main',5,NULL),(599,1349,55,'ST-2','S17',113,1,2016,2017,0,0,0,0,0,0,0,0,'','','Regular','Main',5,NULL),(600,1454,55,'URCO','',113,1,2016,2017,0,0,0,0,0,0,0,0,'','','Regular','Main',5,NULL),(601,1361,55,'ADMIN','',113,1,2016,2017,0,0,0,0,0,0,0,0,'','','Regular','Main',5,NULL),(602,1455,82,'GRAD','G1',113,1,2016,2017,9,9,0,0,0,0,0,0,'','','Regular','Main',5,NULL),(603,1456,82,'ADMIN','',113,1,2016,2017,0,0,0,0,0,0,0,0,'','','Regular','Main',5,NULL),(604,1342,82,'ADMIN','',113,1,2016,2017,0,0,0,0,0,0,0,0,'','','Regular','Main',5,NULL),(605,1457,82,'ST-4','S17',113,1,2016,2017,0,0,0,0,0,0,0,1,'STELEC','','Regular','Main',5,NULL),(606,1458,82,'GRAD','',113,1,2016,2017,0,0,0,0,0,0,0,0,'','','Special','Main',5,NULL),(607,1459,58,'COS','',113,1,2016,2017,5,5,0,0,0,0,0,0,'','','Special','Main',5,NULL),(608,1460,58,'ST-3','S18',113,1,2016,2017,40,40,0,0,0,0,0,1,'STELEC','','Regular','Main',5,NULL),(609,1461,58,'IRR','S17',113,1,2016,2017,24,24,0,0,0,0,0,0,'','','Regular','Main',5,NULL),(610,1345,58,'CS-1','S17B',113,1,2016,2017,20,20,0,0,0,0,0,0,'','','Regular','Main',5,NULL),(611,1345,58,'CS-1','S18B',113,1,2016,2017,20,20,0,0,0,0,0,0,'','','Regular','Main',5,NULL),(612,1449,83,'ST-3','S17',113,1,2016,2017,20,20,0,0,0,0,0,0,'','','Regular','Main',5,NULL),(613,1449,83,'ST-3','S18A',113,1,2016,2017,18,18,0,0,0,0,0,0,'','','Regular','Main',5,NULL),(614,1449,83,'ST-3','S18B',113,1,2016,2017,20,20,0,0,0,0,0,0,'','','Regular','Main',5,NULL),(615,1351,83,'URCO','',113,1,2016,2017,0,0,0,0,0,0,0,0,'','','Regular','Main',5,NULL),(616,1417,83,'COS','',113,1,2016,2017,0,0,0,0,0,0,0,0,'','','Special','Main',5,NULL),(617,1367,83,'ST-4','S17',113,1,2016,2017,0,0,0,0,0,0,0,0,'','','Regular','Main',5,NULL),(618,1367,83,'ST-4','S18',113,1,2016,2017,0,0,0,0,0,0,0,0,'','','Regular','Main',5,NULL),(619,1367,83,'ST-4','S19',113,1,2016,2017,0,0,0,0,0,0,0,0,'','','Regular','Main',5,NULL),(620,1463,59,'ST-2','S17',113,1,2016,2017,32,32,0,0,0,0,0,0,'','','Regular','Main',5,NULL),(621,1463,59,'ST-2','S18',113,1,2016,2017,22,22,0,0,0,0,0,0,'','','Regular','Main',5,NULL),(622,1463,59,'ST-2','S19',113,1,2016,2017,41,41,0,0,0,0,0,0,'','','Regular','Main',5,NULL),(623,1464,59,'IRR','',113,1,2016,2017,0,0,0,0,0,0,0,0,'','','Special','Main',5,NULL),(624,1465,59,'GRAD','',113,1,2016,2017,0,0,0,0,0,0,0,0,'','','Special','Main',5,NULL),(625,1466,59,'GRAD','G1',113,1,2016,2017,12,12,0,0,0,0,0,0,'','','Regular','Main',5,NULL),(626,1316,60,'ADMIN','',113,1,2016,2017,0,0,0,0,0,0,0,0,'','','Regular','STC',5,NULL),(627,1463,60,'CSS-2','X22',113,1,2016,2017,20,20,0,0,0,0,0,0,'','','Regular','STC',5,NULL),(628,1467,60,'DIT','G1',113,1,2016,2017,12,12,0,0,0,0,0,0,'','','Regular','STC',5,NULL),(629,1369,61,'ADMIN','',113,1,2016,2017,0,0,0,0,0,0,0,0,'','','Regular','Main',5,NULL),(630,1316,61,'ADMIN','',113,1,2016,2017,0,0,0,0,0,0,0,0,'','','Regular','Main',5,NULL),(631,1468,61,'GRAD','',113,1,2016,2017,0,0,0,0,0,0,0,0,'','','Special','Main',5,NULL),(632,1469,61,'GRAD','',113,1,2016,2017,0,0,0,0,0,0,0,0,'','','Special','Main',5,NULL),(633,1351,93,'URCO','',113,1,2016,2017,0,0,0,0,0,0,0,0,'','','Regular','Main',5,NULL),(634,1434,93,'ST-4','S17',113,1,2016,2017,32,32,0,0,0,0,0,0,'','','Regular','Main',5,NULL),(635,1434,93,'ST-4','S18',113,1,2016,2017,45,45,0,0,0,0,0,0,'','','Regular','Main',5,NULL),(636,1313,93,'','',113,1,2016,2017,2,2,0,0,0,0,0,0,'','','Regular','Main',5,NULL),(637,1312,93,'','',113,1,2016,2017,2,2,0,0,0,0,0,0,'','','Regular','Main',5,NULL),(638,1376,84,'IT-2','S15B',113,1,2016,2017,16,16,0,0,0,0,0,0,'','','Regular','Main',5,NULL),(639,1376,84,'IT-2','S16B',113,1,2016,2017,22,22,0,0,0,0,0,0,'','','Regular','Main',5,NULL),(640,1372,84,'SHS','11-F',113,1,2016,2017,0,0,0,1,0,0,0,0,'','','Regular','Main',5,NULL),(641,1372,84,'SHS','11-J',113,1,2016,2017,0,0,0,1,0,0,0,0,'','','Regular','Main',5,NULL),(642,1473,72,'GRAD','G1',113,1,2016,2017,1,1,0,0,0,0,0,0,'','','Regular','Main',5,NULL),(643,1372,94,'SHS','11-E',113,1,2016,2017,0,0,0,1,0,0,0,0,'','','Regular','Main',5,NULL),(644,1475,95,'GRAD','G1',113,1,2016,2017,21,21,0,0,0,0,0,0,'','','Regular','Main',5,NULL),(645,1476,95,'GRAD','G1',113,1,2016,2017,6,6,0,0,0,0,0,0,'','','Regular','Main',5,NULL),(646,1477,96,'CSS-4','X22',113,1,2016,2017,6,6,0,0,0,0,0,1,'STELEC','','Regular','STC',5,NULL),(647,1478,75,'NE-4','S12',113,1,2016,2017,20,20,0,0,0,0,0,1,'NEELEC','','Regular','Main',5,NULL),(648,1479,75,'ST-3','S17',113,1,2016,2017,33,33,0,0,0,0,0,1,'STELEC','','Regular','Main',5,NULL),(649,1480,75,'ST-4','S19',113,1,2016,2017,23,23,0,0,0,0,0,1,'STELEC','','Regular','Main',5,NULL),(650,1479,75,'CSS-3','X22',113,1,2016,2017,14,14,0,0,0,0,0,1,'STELEC','','Regular','STC',5,NULL),(651,1481,75,'GRAD','',113,1,2016,2017,0,0,0,0,0,0,0,0,'','','Special','Main',5,NULL),(652,1482,75,'GRAD','',113,1,2016,2017,0,0,0,0,0,0,0,0,'','','Special','Main',5,NULL),(653,1412,86,'IS-3','X22',113,1,2016,2017,6,6,0,0,0,0,0,0,'','','Regular','STC',5,NULL),(654,1483,77,'GRAD','G1',113,1,2016,2017,4,4,0,0,0,0,0,0,'','','Regular','Main',5,NULL),(655,1484,77,'GRAD','G1',113,1,2016,2017,9,9,0,0,0,0,0,0,'','','Regular','Main',5,NULL),(656,1343,77,'IT','S15A',113,1,2016,2017,0,0,0,0,0,0,0,0,'','','Regular','Main',5,NULL),(657,1343,77,'IT','S15B',113,1,2016,2017,0,0,0,0,0,0,0,0,'','','Regular','Main',5,NULL),(658,1379,77,'','XS2',113,1,2016,2017,0,0,0,0,0,0,0,0,'','','Regular','Main',5,NULL),(659,1485,87,'IT','S21',113,1,2016,2017,24,24,0,0,0,0,0,0,'','','Regular','Main',5,NULL),(660,1486,87,'IRR','S15',113,1,2016,2017,23,23,0,0,0,0,0,0,'','','Regular','Main',5,NULL),(661,1487,97,'GRAD','',113,1,2016,2017,6,6,0,0,0,0,0,0,'','','Special','Main',5,NULL),(662,1349,97,'ST-2','S18',113,1,2016,2017,39,39,0,0,0,0,0,0,'','','Regular','Main',5,NULL),(663,1433,98,'ST-3','S17',113,1,2016,2017,35,35,0,0,0,0,0,0,'','','Regular','Main',5,NULL),(664,1433,98,'ST-3','S18',113,1,2016,2017,43,43,0,0,0,0,0,0,'','','Regular','Main',5,NULL),(665,1488,88,'RCOB','C31',113,1,2016,2017,20,20,0,0,0,0,0,0,'','','Regular','Main',5,NULL),(666,1489,88,'RCOB','A51',113,1,2016,2017,24,24,0,0,0,0,0,0,'','','Regular','Main',5,NULL),(667,1380,88,'IRR','S17',113,1,2016,2017,22,22,0,0,0,0,0,0,'','','Regular','Main',5,NULL),(668,1380,88,'IRR','S20',113,1,2016,2017,22,22,0,0,0,0,0,0,'','','Regular','Main',5,NULL),(669,1379,88,'','',113,1,2016,2017,0,0,0,0,0,0,0,0,'','','Special','Main',5,NULL);
/*!40000 ALTER TABLE `offering` ENABLE KEYS */;
UNLOCK TABLES;

--
-- Table structure for table `preference`
--

DROP TABLE IF EXISTS `preference`;
/*!40101 SET @saved_cs_client     = @@character_set_client */;
/*!40101 SET character_set_client = utf8 */;
CREATE TABLE `preference` (
  `pref_id` int(11) NOT NULL AUTO_INCREMENT,
  `faculty_id` int(11) DEFAULT NULL,
  `hours_to_teach` varchar(100) DEFAULT NULL,
  `days_to_teach` varchar(5) DEFAULT NULL,
  `courses_to_teach` varchar(100) DEFAULT NULL,
  `other_remark` varchar(100) DEFAULT NULL,
  `time_stamp` timestamp NULL DEFAULT NULL,
  PRIMARY KEY (`pref_id`)
) ENGINE=MyISAM DEFAULT CHARSET=latin1;
/*!40101 SET character_set_client = @saved_cs_client */;

--
-- Dumping data for table `preference`
--

LOCK TABLES `preference` WRITE;
/*!40000 ALTER TABLE `preference` DISABLE KEYS */;
/*!40000 ALTER TABLE `preference` ENABLE KEYS */;
UNLOCK TABLES;

--
-- Table structure for table `requisite`
--

DROP TABLE IF EXISTS `requisite`;
/*!40101 SET @saved_cs_client     = @@character_set_client */;
/*!40101 SET character_set_client = utf8 */;
CREATE TABLE `requisite` (
  `requisite_id` int(11) NOT NULL AUTO_INCREMENT,
  `course_id` int(11) DEFAULT NULL,
  `req_course_id` int(11) DEFAULT NULL,
  `req_type` int(11) DEFAULT NULL COMMENT '1 - prerequisite, 2 - soft prerequisite, 3 - co requisite',
  `time_stamp` timestamp NULL DEFAULT NULL,
  PRIMARY KEY (`requisite_id`)
) ENGINE=MyISAM DEFAULT CHARSET=latin1;
/*!40101 SET character_set_client = @saved_cs_client */;

--
-- Dumping data for table `requisite`
--

LOCK TABLES `requisite` WRITE;
/*!40000 ALTER TABLE `requisite` DISABLE KEYS */;
/*!40000 ALTER TABLE `requisite` ENABLE KEYS */;
UNLOCK TABLES;

--
-- Table structure for table `specialization`
--

DROP TABLE IF EXISTS `specialization`;
/*!40101 SET @saved_cs_client     = @@character_set_client */;
/*!40101 SET character_set_client = utf8 */;
CREATE TABLE `specialization` (
  `spec_id` int(11) NOT NULL AUTO_INCREMENT,
  `faculty_id` int(11) DEFAULT NULL,
  `area_id` int(11) DEFAULT NULL,
  `time_stamp` timestamp NULL DEFAULT NULL,
  PRIMARY KEY (`spec_id`)
) ENGINE=MyISAM DEFAULT CHARSET=latin1;
/*!40101 SET character_set_client = @saved_cs_client */;

--
-- Dumping data for table `specialization`
--

LOCK TABLES `specialization` WRITE;
/*!40000 ALTER TABLE `specialization` DISABLE KEYS */;
/*!40000 ALTER TABLE `specialization` ENABLE KEYS */;
UNLOCK TABLES;

--
-- Table structure for table `users`
--

DROP TABLE IF EXISTS `users`;
/*!40101 SET @saved_cs_client     = @@character_set_client */;
/*!40101 SET character_set_client = utf8 */;
CREATE TABLE `users` (
  `user_id` int(11) NOT NULL,
  `college_id` int(11) DEFAULT NULL,
  `dept_id` int(11) DEFAULT NULL,
  `first_name` varchar(70) DEFAULT NULL,
  `middle_name` varchar(70) DEFAULT NULL,
  `last_name` varchar(70) DEFAULT NULL,
  `user_type` varchar(70) DEFAULT NULL,
  `user_password` varchar(200) DEFAULT NULL,
  `time_stamp` timestamp NULL DEFAULT NULL,
  PRIMARY KEY (`user_id`)
) ENGINE=MyISAM DEFAULT CHARSET=latin1;
/*!40101 SET character_set_client = @saved_cs_client */;

--
-- Dumping data for table `users`
--

LOCK TABLES `users` WRITE;
/*!40000 ALTER TABLE `users` DISABLE KEYS */;
INSERT INTO `users` VALUES (22590997,2,12,'Arnulfo','','Azcarraga','Faculty','iLoveCCS',NULL),(22317443,2,12,'Allan','','Borra','Faculty','iLoveCCS',NULL),(22778675,2,12,'Neil','','Bretana','Faculty','iLoveCCS',NULL),(22718119,2,12,'Remedios','','Bulos','Faculty','iLoveCCS',NULL),(22526611,2,12,'Miguel','','Cabral','Faculty','iLoveCCS',NULL),(22090001,2,12,'Chelsea','','Celestino','Faculty','iLoveCCS',NULL),(22176192,2,12,'Charibeth','','Cheng','Faculty','iLoveCCS',NULL),(22675888,2,12,'Kai Shan','','Fernandez','Faculty','iLoveCCS',NULL),(22165677,2,12,'Gian','','Fontanilla','Faculty','iLoveCCS',NULL),(22778155,2,12,'Juan Lorenzo','','Hagad','Faculty','iLoveCCS',NULL),(22879890,2,12,'Nathalie','','Lim-Cheng','Faculty','iLoveCCS',NULL),(22647488,2,12,'Teresita','','Limoanco','Faculty','iLoveCCS',NULL),(22764530,2,12,'Ethel','','Ong','Faculty','iLoveCCS',NULL),(22784944,2,12,'Ralph','','Regalado','Faculty','iLoveCCS',NULL),(22611389,2,12,'Rachel','','Roxas','Faculty','iLoveCCS',NULL),(22374777,2,12,'Florante','','Salvador','Faculty','iLoveCCS',NULL),(22711414,2,12,'See','','Solomon','Faculty','iLoveCCS',NULL),(22683488,2,12,'Raymund','','Sison','Faculty','iLoveCCS',NULL),(22637450,2,12,'Merlin','','Suarez','Faculty','iLoveCCS',NULL),(22234115,2,12,'Leif','','Syliongka','Faculty','iLoveCCS',NULL),(22177932,2,12,'Rhia','','Trogo','Faculty','iLoveCCS',NULL),(22098177,2,12,'Marjorie','','Chuacokiong','Faculty','iLoveCCS',NULL),(22832111,2,12,'Federico','','Gonzales','Faculty','iLoveCCS',NULL),(22344564,2,12,'Keone','','Medina','Faculty','iLoveCCS',NULL),(22039001,2,12,'Rose Ann','','Sale','Faculty','iLoveCCS',NULL),(22155322,2,12,'Joanne','','Vilda','Faculty','iLoveCCS',NULL),(22833990,2,12,'Jason','','Wong','Faculty','iLoveCCS',NULL),(22567683,2,12,'Emerico','','Aguilar','Faculty','iLoveCCS',NULL),(22098909,2,12,'Eric','','Navarro','Faculty','iLoveCCS',NULL),(99999999,9,42,'NO',NULL,'PROFESSOR','Faculty','iLoveCCS',NULL),(22742131,2,12,'Rafael','','Cabredo','Faculty','iLoveCCS',NULL),(22414157,2,12,'Shirley','','Chu','Faculty','iLoveCCS',NULL),(22314156,2,10,'Judith','','Azcarraga','Faculty','iLoveCCS',NULL),(22648495,2,12,'Gregory','','Cu','Faculty','iLoveCCS',NULL),(22734526,2,12,'Jordan','','Deja','Faculty','iLoveCCS',NULL),(22523467,2,12,'Ryan','','Dimaunahan','Faculty','iLoveCCS',NULL),(22576895,2,12,'Christine','','Gendrano','Faculty','iLoveCCS',NULL),(22241516,2,12,'Nelson','','Marcos','Faculty','iLoveCCS',NULL),(22543787,2,12,'Courtney','','Ngo','Faculty','iLoveCCS',NULL),(22425252,2,12,'Conrado','','Ruiz','Faculty','iLoveCCS',NULL),(22456783,2,12,'Briane','','Samson','Faculty','iLoveCCS',NULL),(22546752,2,12,'Thomas','','Tiam-Lee','Faculty','iLoveCCS',NULL),(22842352,2,12,'Jolo','','Balbin','Faculty','iLoveCCS',NULL),(22597519,2,12,'Arturo','','Caronogan','Faculty','iLoveCCS',NULL),(22563468,2,12,'Pat','','Lu','Faculty','iLoveCCS',NULL),(22854322,2,12,'John','','Santillana','Faculty','iLoveCCS',NULL),(22725425,2,11,'Geneva','','Timonera','Faculty','iLoveCCS',NULL),(22425263,2,11,'Christine Diane','','Lim','Faculty','iLoveCCS',NULL),(22457287,2,10,'Fritz Kevin','','Flores','Faculty','iLoveCCS',NULL),(22672356,7,40,'Joie','','Sales','Faculty','iLoveCCS',NULL),(22723489,2,12,'Stanley','','Tan','Faculty','iLoveCCS',NULL),(22124479,2,10,'Geanne','','Franco','Faculty','iLoveCCS',NULL),(22373844,2,10,'Roger','','Uy','Faculty','iLoveCCS',NULL),(22453891,2,10,'Francesca','','Laguna','Faculty','iLoveCCS',NULL),(22738947,2,12,'Emilio','','Moghareh','Faculty','iLoveCCS',NULL),(22784497,2,12,'Jemie','','Que','Faculty','iLoveCCS',NULL);
/*!40000 ALTER TABLE `users` ENABLE KEYS */;
UNLOCK TABLES;
/*!40103 SET TIME_ZONE=@OLD_TIME_ZONE */;

/*!40101 SET SQL_MODE=@OLD_SQL_MODE */;
/*!40014 SET FOREIGN_KEY_CHECKS=@OLD_FOREIGN_KEY_CHECKS */;
/*!40014 SET UNIQUE_CHECKS=@OLD_UNIQUE_CHECKS */;
/*!40101 SET CHARACTER_SET_CLIENT=@OLD_CHARACTER_SET_CLIENT */;
/*!40101 SET CHARACTER_SET_RESULTS=@OLD_CHARACTER_SET_RESULTS */;
/*!40101 SET COLLATION_CONNECTION=@OLD_COLLATION_CONNECTION */;
/*!40111 SET SQL_NOTES=@OLD_SQL_NOTES */;

-- Dump completed on 2017-06-25 19:25:45
