-- MySQL dump 10.13  Distrib 5.7.17, for Win64 (x86_64)
--
-- Host: localhost    Database: arrowsmith_medusa
-- ------------------------------------------------------
-- Server version	5.7.14

/*!40101 SET @OLD_CHARACTER_SET_CLIENT=@@CHARACTER_SET_CLIENT */;
/*!40101 SET @OLD_CHARACTER_SET_RESULTS=@@CHARACTER_SET_RESULTS */;
/*!40101 SET @OLD_COLLATION_CONNECTION=@@COLLATION_CONNECTION */;
/*!40101 SET NAMES utf8 */;
/*!40103 SET @OLD_TIME_ZONE=@@TIME_ZONE */;
/*!40103 SET TIME_ZONE='+00:00' */;
/*!40014 SET @OLD_UNIQUE_CHECKS=@@UNIQUE_CHECKS, UNIQUE_CHECKS=0 */;
/*!40014 SET @OLD_FOREIGN_KEY_CHECKS=@@FOREIGN_KEY_CHECKS, FOREIGN_KEY_CHECKS=0 */;
/*!40101 SET @OLD_SQL_MODE=@@SQL_MODE, SQL_MODE='NO_AUTO_VALUE_ON_ZERO' */;
/*!40111 SET @OLD_SQL_NOTES=@@SQL_NOTES, SQL_NOTES=0 */;

--
-- Table structure for table `alias`
--

DROP TABLE IF EXISTS `alias`;
/*!40101 SET @saved_cs_client     = @@character_set_client */;
/*!40101 SET character_set_client = utf8 */;
CREATE TABLE `alias` (
  `alias_id` int(11) NOT NULL AUTO_INCREMENT,
  `user_id` int(11) DEFAULT NULL,
  `alias_name` varchar(45) DEFAULT NULL,
  `time_stamp` timestamp NOT NULL DEFAULT CURRENT_TIMESTAMP ON UPDATE CURRENT_TIMESTAMP,
  PRIMARY KEY (`alias_id`)
) ENGINE=MyISAM AUTO_INCREMENT=23 DEFAULT CHARSET=latin1;
/*!40101 SET character_set_client = @saved_cs_client */;

--
-- Dumping data for table `alias`
--

LOCK TABLES `alias` WRITE;
/*!40000 ALTER TABLE `alias` DISABLE KEYS */;
INSERT INTO `alias` VALUES (1,11323906,'Nikko','2017-07-13 03:01:27'),(2,11323906,'Borja','2017-07-13 03:01:27'),(3,11324783,'Ken','2017-07-13 03:01:27'),(4,11324783,'Hapon','2017-07-13 03:01:27'),(5,11316330,'Jed','2017-07-13 03:01:27'),(6,11316330,'Jared','2017-07-13 03:01:27'),(7,11319992,'Mervin','2017-07-13 03:01:27'),(8,11319992,'Uy','2017-07-13 03:01:27'),(9,11111111,'Rey','2017-07-13 03:01:27'),(10,22222222,'Kylo','2017-07-13 03:01:27'),(11,33333333,'Han','2017-07-13 03:01:27'),(12,14444444,'Wang','2017-07-13 03:01:27'),(13,24444444,'Syfu','2017-07-13 03:01:27'),(14,34444444,'Patrick','2017-07-13 03:01:27'),(15,15555555,'Courtney','2017-07-13 03:01:27'),(16,25555555,'Bulos','2017-07-13 03:01:27'),(17,25555555,'Remy','2017-07-13 03:01:27'),(18,25555555,'Rems','2017-07-13 03:01:27'),(19,35555555,'Ethel','2017-07-13 03:01:27'),(20,17777777,'Dany','2017-07-13 03:01:27'),(21,27777777,'Joffrey','2017-07-13 03:01:27'),(22,37777777,'Jon','2017-07-13 03:01:27');
/*!40000 ALTER TABLE `alias` ENABLE KEYS */;
UNLOCK TABLES;

--
-- Table structure for table `area`
--

DROP TABLE IF EXISTS `area`;
/*!40101 SET @saved_cs_client     = @@character_set_client */;
/*!40101 SET character_set_client = utf8 */;
CREATE TABLE `area` (
  `area_id` int(11) NOT NULL AUTO_INCREMENT,
  `area_name` varchar(70) DEFAULT NULL,
  `time_stamp` timestamp NOT NULL DEFAULT CURRENT_TIMESTAMP ON UPDATE CURRENT_TIMESTAMP,
  PRIMARY KEY (`area_id`)
) ENGINE=MyISAM AUTO_INCREMENT=2 DEFAULT CHARSET=latin1;
/*!40101 SET character_set_client = @saved_cs_client */;

--
-- Dumping data for table `area`
--

LOCK TABLES `area` WRITE;
/*!40000 ALTER TABLE `area` DISABLE KEYS */;
INSERT INTO `area` VALUES (1,'No Area','2017-07-13 03:01:27');
/*!40000 ALTER TABLE `area` ENABLE KEYS */;
UNLOCK TABLES;

--
-- Table structure for table `college`
--

DROP TABLE IF EXISTS `college`;
/*!40101 SET @saved_cs_client     = @@character_set_client */;
/*!40101 SET character_set_client = utf8 */;
CREATE TABLE `college` (
  `college_id` int(11) NOT NULL AUTO_INCREMENT,
  `college_code` varchar(45) DEFAULT NULL,
  `college_name` varchar(100) DEFAULT NULL,
  `is_obsolete` int(11) DEFAULT NULL,
  `time_stamp` timestamp NOT NULL DEFAULT CURRENT_TIMESTAMP ON UPDATE CURRENT_TIMESTAMP,
  PRIMARY KEY (`college_id`)
) ENGINE=MyISAM AUTO_INCREMENT=10 DEFAULT CHARSET=latin1;
/*!40101 SET character_set_client = @saved_cs_client */;

--
-- Dumping data for table `college`
--

LOCK TABLES `college` WRITE;
/*!40000 ALTER TABLE `college` DISABLE KEYS */;
INSERT INTO `college` VALUES (1,'BAGCED','Br. Andrew Gonzalez College of Education',0,'2017-07-13 03:01:27'),(2,'CCS','College of Computer Studies',0,'2017-07-13 03:01:27'),(3,'COL','College of Law',0,'2017-07-13 03:01:27'),(4,'CLA','College of Liberal Arts',0,'2017-07-13 03:01:27'),(5,'COS','College of Science',0,'2017-07-13 03:01:27'),(6,'GCOE','Gokongwei College of Engineering',0,'2017-07-13 03:01:27'),(7,'RVRCOB','Ramon V. del Rosario College of Business',0,'2017-07-13 03:01:27'),(8,'SOE','School of Economics',0,'2017-07-13 03:01:27'),(9,'NC','No College',0,'2017-07-13 03:01:27');
/*!40000 ALTER TABLE `college` ENABLE KEYS */;
UNLOCK TABLES;

--
-- Table structure for table `constraints`
--

DROP TABLE IF EXISTS `constraints`;
/*!40101 SET @saved_cs_client     = @@character_set_client */;
/*!40101 SET character_set_client = utf8 */;
CREATE TABLE `constraints` (
  `constraint_id` int(11) NOT NULL AUTO_INCREMENT,
  `dept_id` int(11) DEFAULT NULL,
  `MAX_HOURS_PER_DAY` float DEFAULT NULL,
  `MAX_CONSECUTIVE_HOURS` float DEFAULT NULL,
  `MAX_PREPARATIONS` int(11) DEFAULT NULL,
  `MIN_PREPARATIONS` int(11) DEFAULT NULL,
  `MAX_LOAD_PARTTIME` float DEFAULT NULL,
  `MIN_LOAD_PARTTIME` float DEFAULT NULL,
  `MAX_LOAD_HALFTIME` float DEFAULT NULL,
  `MIN_LOAD_HALFTIME` float DEFAULT NULL,
  `MAX_LOAD_FULLTIME` float DEFAULT NULL,
  `MIN_LOAD_FULLTIME` float DEFAULT NULL,
  `time_stamp` timestamp NOT NULL DEFAULT CURRENT_TIMESTAMP ON UPDATE CURRENT_TIMESTAMP,
  PRIMARY KEY (`constraint_id`)
) ENGINE=MyISAM AUTO_INCREMENT=5 DEFAULT CHARSET=latin1;
/*!40101 SET character_set_client = @saved_cs_client */;

--
-- Dumping data for table `constraints`
--

LOCK TABLES `constraints` WRITE;
/*!40000 ALTER TABLE `constraints` DISABLE KEYS */;
INSERT INTO `constraints` VALUES (1,1,6,4.5,4,3,6,3,9,3,12,6,'2017-07-13 03:01:27'),(2,2,6,4.5,4,3,6,3,9,3,12,6,'2017-07-13 03:01:27'),(3,3,6,4.5,4,3,6,3,9,3,12,6,'2017-07-13 03:01:27'),(4,4,6,4.5,4,3,6,3,9,3,12,6,'2017-07-13 03:01:27');
/*!40000 ALTER TABLE `constraints` ENABLE KEYS */;
UNLOCK TABLES;

--
-- Table structure for table `course`
--

DROP TABLE IF EXISTS `course`;
/*!40101 SET @saved_cs_client     = @@character_set_client */;
/*!40101 SET character_set_client = utf8 */;
CREATE TABLE `course` (
  `course_id` int(11) NOT NULL AUTO_INCREMENT,
  `college_id` int(11) DEFAULT NULL,
  `dept_id` int(11) DEFAULT NULL,
  `area_id` int(11) DEFAULT NULL,
  `course_code` varchar(100) DEFAULT NULL,
  `course_name` varchar(150) DEFAULT NULL,
  `course_type` varchar(45) DEFAULT NULL,
  `units` float DEFAULT NULL,
  `description` varchar(100) DEFAULT NULL,
  `time_stamp` timestamp NOT NULL DEFAULT CURRENT_TIMESTAMP ON UPDATE CURRENT_TIMESTAMP,
  PRIMARY KEY (`course_id`)
) ENGINE=MyISAM AUTO_INCREMENT=1490 DEFAULT CHARSET=latin1;
/*!40101 SET character_set_client = @saved_cs_client */;

--
-- Dumping data for table `course`
--

LOCK TABLES `course` WRITE;
/*!40000 ALTER TABLE `course` DISABLE KEYS */;
INSERT INTO `course` VALUES (1489,4,42,0,'LBYADV1','','TL',3,'','2017-07-13 03:01:27'),(1488,7,42,0,'LBYAPC1','','TL',3,'','2017-07-13 03:01:27'),(1487,2,12,0,'CSC792M-CLOUDCO','','TL',3,'','2017-07-13 03:01:27'),(1486,2,12,0,'INTPRG2','','TL',3,'','2017-07-13 03:01:27'),(1485,2,12,0,'WEBDIST','','TL',3,'','2017-07-13 03:01:27'),(1484,2,12,0,'CSC511C-OS','','TL',3,'','2017-07-13 03:01:27'),(1482,2,10,0,'CSC723D','','TL',3,'','2017-07-13 03:01:27'),(1483,2,12,0,'CSC502C-JAVA','','TL',3,'','2017-07-13 03:01:27'),(1481,2,10,0,'CSC713D','','TL',3,'','2017-07-13 03:01:27'),(1480,2,10,0,'STELEC4-MACLERN','','TL',3,'','2017-07-13 03:01:27'),(1479,2,10,0,'STELEC1-MACLERN','','TL',3,'','2017-07-13 03:01:27'),(1478,2,10,0,'NEELEC2-MAC-LRN','','TL',3,'','2017-07-13 03:01:27'),(1477,2,10,0,'STELEC4-IMAGPRO','','TL',3,'','2017-07-13 03:01:27'),(1475,2,10,0,'CSC612M-COMARC','','TL',3,'','2017-07-13 03:01:27'),(1476,2,10,0,'CSC512C-COMPORG','','TL',3,'','2017-07-13 03:01:27'),(1474,2,10,0,'EMTEC2','','TL',3,'','2017-07-13 03:01:27'),(1473,2,11,0,'CSC732M-BUS.INT.','','TL',3,'','2017-07-13 03:01:27'),(1472,2,10,0,'MODESTA','Modeling Simulation and Statistics','TL',3,'','2017-07-13 03:01:27'),(1471,2,12,0,'CSC615M-AUTOMATA','Automata Theory Formal Languages and Computational Complexity','TL',0,'','2017-07-13 03:01:27'),(1470,2,12,0,'CSC615M-AUTOMATA','Automata Theory Formal Languages and Computational Complexity','TL',3,'','2017-07-13 03:01:27'),(1469,2,12,0,'CSC745D','','TL',3,'','2017-07-13 03:01:27'),(1468,2,12,0,'CSC745M','','TL',3,'','2017-07-13 03:01:27'),(1467,2,12,0,'DIT571D','','TL',3,'','2017-07-13 03:01:27'),(1465,2,12,0,'CSC613M','','TL',3,'','2017-07-13 03:01:27'),(1466,2,12,0,'GRAD','','TL',3,'','2017-07-13 03:01:27'),(1464,2,12,0,'OPERSYS','Introduction to Operating Systems','TL',3,'','2017-07-13 03:01:27'),(1463,2,12,0,'INTESYS','Intelligent Systems','TL',3,'','2017-07-13 03:01:27'),(1462,2,12,0,'PRC-ST1','Practicum Course in ST','TL',1,'','2017-07-13 03:01:27'),(1460,2,12,0,'STELEC1-GRAPHIX','','TL',3,'','2017-07-13 03:01:27'),(1461,2,12,0,'STMETRE','Software Technology Research Methods','TL',3,'','2017-07-13 03:01:27'),(1459,2,12,0,'COMMAT1','','TL',3,'','2017-07-13 03:01:27'),(1458,2,12,0,'CSC741D','','TL',3,'','2017-07-13 03:01:27'),(1457,2,12,0,'STELEC4-MULTIRE','','TL',3,'','2017-07-13 03:01:27'),(1456,2,12,0,'GRADSCHOOL','','AL',3,'','2017-07-13 03:01:27'),(1454,2,12,0,'URCO-10 IR U 3TAY12','','RL',3,'','2017-07-13 03:01:27'),(1455,2,12,0,'CSC714M-MULTIRE','','TL',3,'','2017-07-13 03:01:27'),(1453,2,12,0,'THS-ST1','Thesis in Software Technology 1','TL',2,'','2017-07-13 03:01:27'),(1452,2,12,0,'URCO','','RL',6,'','2017-07-13 03:01:27'),(1451,2,12,0,'CSC755M-XDASALGO','','TL',3,'','2017-07-13 03:01:27'),(1450,2,12,0,'COMMAT2','','TL',3,'','2017-07-13 03:01:27'),(1448,2,12,0,'AVP-ES','','AL',12,'','2017-07-13 03:01:27'),(1449,2,12,0,'SOFENGG','Professional Software Development','TL',3,'','2017-07-13 03:01:27'),(1438,2,12,0,'DIT702D','','TL',3,'','2017-07-13 03:01:27'),(1439,2,12,0,'EA DIRECTOR','','AL',3,'','2017-07-13 03:01:27'),(1440,2,12,0,'DASTAPP','','TL',3,'','2017-07-13 03:01:27'),(1441,2,12,0,'LBYECON','','TL',3,'','2017-07-13 03:01:27'),(1442,2,12,0,'TSG','','AL',3,'','2017-07-13 03:01:27'),(1443,2,12,0,'NECOR04','','TL',3,'','2017-07-13 03:01:27'),(1444,2,12,0,'LBYNE04','','TL',2,'','2017-07-13 03:01:27'),(1445,9,42,0,'MICPRC2','','TL',3,'','2017-07-13 03:01:27'),(1446,2,12,0,'STADTEC','Development of Mobile Applications','TL',3,'','2017-07-13 03:01:27'),(1447,2,12,0,'INTROSE','Introduction to Software Engineering','TL',3,'','2017-07-13 03:01:27'),(1405,2,12,0,'RPW','RPW ','RL',3,'','2017-07-13 03:01:27'),(1406,2,12,0,'CSC505C - Dastruc','Data Structures and Algorithms','TL',3,'','2017-07-13 03:01:27'),(1407,2,12,0,'ST Vice Chair','Software Technology Vice Chair','AL',3,'','2017-07-13 03:01:27'),(1408,2,12,0,'IR: ECA','IR: ECA','RL',3,'','2017-07-13 03:01:27'),(1409,2,12,0,'Knowledge Sources','Knowledge Sources','RL',3,'','2017-07-13 03:01:27'),(1410,2,12,0,'CSC514C - DB App Dev','Database Application Development','TL',3,'','2017-07-13 03:01:27'),(1411,2,12,0,'ADVANSE','Advanced Software Engineering','TL',3,'','2017-07-13 03:01:27'),(1412,2,12,0,'MOBIDEV','Development Of Mobile Applications','TL',3,'','2017-07-13 03:01:27'),(1413,2,12,0,'3DMODEL','3D Modelling','TL',3,'','2017-07-13 03:01:27'),(1414,2,12,0,'CSC755M - Algocom','Algorithms and Complexity','TL',3,'','2017-07-13 03:01:27'),(1415,2,12,0,'CIS556M - ProgLan w/ Adv DaStruct','Programming Languages with Advanced Data Structures','TL',3,'','2017-07-13 03:01:27'),(1416,2,12,0,'URCO - w/COE','URCO w/ COE','RL',6,'','2017-07-13 03:01:27'),(1417,2,12,0,'DESPATT','Design Patterns','TL',3,'','2017-07-13 03:01:27'),(1418,2,12,0,'PAASCU','PAASCU','RL',3,'','2017-07-13 03:01:27'),(1419,2,12,0,'EMPATHY','Empathic Computing','TL',3,'','2017-07-13 03:01:27'),(1420,2,12,0,'solo','research','RL',3,'','2017-07-13 03:01:27'),(1421,2,12,0,'WEBDEVE','Web Development Development','TL',3,'','2017-07-13 03:01:27'),(1422,2,12,0,'WEBPROG','Web Programming','TL',3,'','2017-07-13 03:01:27'),(1423,2,12,0,'AN-MODE','SYSTEMS ANALYSIS AND DESIGN PROJECT','TL',1,'','2017-07-13 03:01:27'),(1424,2,12,0,'COMMAT4','Computer for Mathematics 4','TL',3,'','2017-07-13 03:01:27'),(1425,2,12,0,'CSC713M - Machine Learning','Machine Learning','TL',3,'','2017-07-13 03:01:27'),(1426,1,5,0,'PERSEF2','Personal Effectiveness 2','TL',2,'','2017-07-13 03:01:27'),(1427,2,12,0,'CSC511C','Operating Systems','TL',3,'','2017-07-13 03:01:27'),(1428,2,12,0,'DASTRAP','Applied Data Structures and Algorithms','TL',3,'','2017-07-13 03:01:27'),(1429,2,12,0,'TECHPRE','Techpreneurship','TL',3,'','2017-07-13 03:01:27'),(1430,2,12,0,'SOFTMAN','Software Management','TL',3,'','2017-07-13 03:01:27'),(1431,2,12,0,'COMLAB1','Computer Laboratory 1','TL',3,'','2017-07-13 03:01:27'),(1432,2,12,0,'COMPRG2','Computer Programming 2','TL',3,'','2017-07-13 03:01:27'),(1433,2,12,0,'ADVDISC','Advance Discrete Structures','TL',3,'','2017-07-13 03:01:27'),(1434,2,12,0,'ADVSTAT','Advance Statistics and Probability for ST','TL',3,'','2017-07-13 03:01:27'),(1435,2,12,0,'EMTEC2','','TL',0,'','2017-07-13 03:01:27'),(1436,2,12,0,'CSC514C-DB&SE','','TL',0,'','2017-07-13 03:01:27'),(1437,2,12,0,'CIS201M-ADVANDB','','TL',3,'','2017-07-13 03:01:27'),(1404,2,12,0,'IE4QA','IEQ4QA','RL',3,'','2017-07-13 03:01:27'),(1403,2,12,0,'ST Chair','Software Technology Chair','AL',6,'','2017-07-13 03:01:27'),(1402,2,12,0,'COMMAT3','Computer for Mathematics 3','TL',3,'','2017-07-13 03:01:27'),(1401,2,12,0,'Thesis Grant','Thesis Grant','AL',6,'','2017-07-13 03:01:27'),(1400,2,12,0,'INTRPRG','Introduction to Programming and Logic Formulation','TL',3,'','2017-07-13 03:01:27'),(1399,2,12,0,'INTRNLP','Introduction To Natural Language Processing','TL',3,'','2017-07-13 03:01:27'),(1398,2,12,0,'CSC714M - Intro NLP','Introduction To Natural Language Processing','TL',3,'','2017-07-13 03:01:27'),(1397,2,12,0,'Thesis Grant','Thesis Grant','AL',3,'','2017-07-13 03:01:27'),(1396,2,12,0,'CSC504C - ObjectP/Java','Object Oriented Programming with Java','TL',3,'','2017-07-13 03:01:27'),(1395,2,12,0,'ADVANDB','Advanced Database Systems','TL',3,'','2017-07-13 03:01:27'),(1394,2,12,0,'CSC615M - XAUTOMA','Automata Theory and Formal Languages and Computational Complexity','TL',3,'','2017-07-13 03:01:27'),(1393,2,12,0,'CIS201M','CIS201M','TL',3,'','2017-07-13 03:01:27'),(1392,2,12,0,'CIS559M - ADVANDB','Advanced Database Systems','TL',3,'','2017-07-13 03:01:27'),(1391,2,12,0,'THEOCOM','Automata Theory and Formal Languages and Computational Complexity','TL',3,'','2017-07-13 03:01:27'),(1378,2,12,0,'CSC105M','','TL',3,'','2017-07-13 03:01:27'),(1379,2,12,0,'ADVPROG','','TL',3,'','2017-07-13 03:01:27'),(1380,2,12,0,'OBJECTP','Introduction to Object Oriented Programming','TL',3,'','2017-07-13 03:01:27'),(1381,2,12,0,'JAPALA1','','TL',3,'','2017-07-13 03:01:27'),(1382,2,12,0,'PRJTMAN','','TL',3,'','2017-07-13 03:01:27'),(1383,2,12,0,'CSC104M','','TL',3,'','2017-07-13 03:01:27'),(1384,2,12,0,'CSC721M - Neural Nets','Neural Nets','TL',3,'','2017-07-13 03:01:27'),(1385,2,12,0,'VCR','Vice Chancellor Of Academic','AL',12,'','2017-07-13 03:01:27'),(1386,2,12,0,'CEC Director ','CEC Director','AL',6,'','2017-07-13 03:01:27'),(1387,2,12,0,'ALGOCOM','Algorithms and Complexity','TL',3,'','2017-07-13 03:01:27'),(1388,2,12,0,'CSC617M - ProgLan','Programming Languages','TL',3,'','2017-07-13 03:01:27'),(1389,2,12,0,'COMPILE','Compiler Theory','TL',3,'','2017-07-13 03:01:27'),(1390,2,12,0,'CSC506C - Disctru','Discrete Structures','TL',3,'','2017-07-13 03:01:27'),(1377,2,12,0,'CSC504C','','TL',3,'','2017-07-13 03:01:27'),(1376,2,11,0,'DASTAPP','','TL',3,'','2017-07-13 03:01:27'),(1375,2,12,0,'GAM-DEV','Game Development','TL',3,'','2017-07-13 03:01:27'),(1374,2,12,0,'DESIPAT','Design Patterns','TL',3,'','2017-07-13 03:01:27'),(1373,2,12,0,'WEB-PRG','','TL',3,'','2017-07-13 03:01:27'),(1372,2,12,0,'EMTEC2','','TL',3,'','2017-07-13 03:01:27'),(1371,2,12,0,'DEV-WEB','Web Applications Development','TL',3,'','2017-07-13 03:01:27'),(1370,2,12,0,'DIT704D','','TL',3,'','2017-07-13 03:01:27'),(1369,2,12,0,'Dean','','AL',12,'','2017-07-13 03:01:27'),(1368,2,12,0,'ROSEN','','RL',6,'','2017-07-13 03:01:27'),(1367,2,12,0,'PRC-ST1','Practicum Course in ST','TL',3,'','2017-07-13 03:01:27'),(1366,2,12,0,'CSC701M','','TL',3,'','2017-07-13 03:01:27'),(1365,2,12,0,'CSC731M','','TL',3,'','2017-07-13 03:01:27'),(1364,2,12,0,'URCO','','RL',5,'','2017-07-13 03:01:27'),(1363,2,12,0,'GRAD SCHOOL-MS','','AL',1,'','2017-07-13 03:01:27'),(1361,2,12,0,'ADRIC DIRECTOR','','AL',6,'','2017-07-13 03:01:27'),(1362,2,12,0,'CMPHOTO','','TL',3,'','2017-07-13 03:01:27'),(1360,2,12,0,'URCO','','RL',3,'','2017-07-13 03:01:27'),(1359,2,12,0,'THESST2','','TL',2,'','2017-07-13 03:01:27'),(1338,2,12,0,'INOVATE','','TL',3,'','2017-07-13 03:01:27'),(1339,2,12,0,'SWDESPA','Introduction to Software Design Patterns','TL',3,'','2017-07-13 03:01:27'),(1340,2,12,0,'CSC505C','','TL',3,'','2017-07-13 03:01:27'),(1341,2,12,0,'DATSTRU','','TL',3,'','2017-07-13 03:01:27'),(1342,2,12,0,'VICE CHAIR','','AL',3,'','2017-07-13 03:01:27'),(1343,2,12,0,'SW-ENGG','','TL',3,'','2017-07-13 03:01:27'),(1344,9,42,0,'EMPTEC2','','TL',3,'','2017-07-13 03:01:27'),(1345,2,12,0,'COMPRO1','Introduction to Computer Programming 1','TL',3,'','2017-07-13 03:01:27'),(1346,2,12,0,'LOGPROG','','TL',3,'','2017-07-13 03:01:27'),(1347,2,12,0,'FORMDEV','','TL',3,'','2017-07-13 03:01:27'),(1348,9,42,0,'AVP-ES','','AL',12,'','2017-07-13 03:01:27'),(1349,2,12,0,'INTRODB','Introduction to Database','TL',3,'','2017-07-13 03:01:27'),(1350,2,12,0,'PROGLAN','','TL',3,'','2017-07-13 03:01:27'),(1351,9,42,0,'URCO','','RL',3,'','2017-07-13 03:01:27'),(1352,9,42,0,'SERVICE LEAVE','','LL',12,'','2017-07-13 03:01:27'),(1353,2,12,0,'GRAD SCHOOL-PHD','','AL',2,'','2017-07-13 03:01:27'),(1354,2,12,0,'VICE DEAN','','AL',10,'','2017-07-13 03:01:27'),(1355,2,12,0,'MOBAPDE','Mobile Applications Development','TL',3,'','2017-07-13 03:01:27'),(1356,2,12,0,'THS-ST2','Thesis in Software Technology 2','TL',2,'','2017-07-13 03:01:27'),(1357,2,12,0,'THS-ST3','Thesis in Software Technology 3','TL',2,'','2017-07-13 03:01:27'),(1358,2,12,0,'THS-ST4','Thesis in Software Technology 4','TL',2,'','2017-07-13 03:01:27'),(1337,9,42,0,'INFOSCU','','RL',3,'','2017-07-13 03:01:27'),(1336,9,42,0,'What project?','','RL',1,'','2017-07-13 03:01:27'),(1335,2,12,0,'LBY-HCK','Laboratory for Ethical Hacking','TL',2,'','2017-07-13 03:01:27'),(1334,2,12,0,'HCK-LCT','Lecture on Ethical Hacking','TL',3,'','2017-07-13 03:01:27'),(1333,2,12,0,'CSC611M','','TL',3,'','2017-07-13 03:01:27'),(1332,9,42,0,'TSG','','AL',3,'','2017-07-13 03:01:27'),(1331,2,12,0,'EMTECH1','','RL',3,'','2017-07-13 03:01:27'),(1330,2,12,0,'CTTREND','','TL',3,'','2017-07-13 03:01:27'),(1329,2,12,0,'COMALGO','Complexity and Algorithm','TL',3,'','2017-07-13 03:01:27'),(1328,2,12,0,'JUBILEE','','RL',3,'','2017-07-13 03:01:27'),(1327,2,12,0,'DISCTRU','Introduction to Discrete Structures','TL',3,'','2017-07-13 03:01:27'),(1326,2,12,0,'PRAC. RESEARCH','','TL',3,'','2017-07-13 03:01:27'),(1325,9,42,0,'ROSEN','','RL',3,'','2017-07-13 03:01:27'),(1324,2,12,0,'CSC617M','','TL',3,'','2017-07-13 03:01:27'),(1323,9,42,0,'EA DIRECTOR','','AL',3,'','2017-07-13 03:01:27'),(1322,2,12,0,'CSETHIC','','TL',3,'','2017-07-13 03:01:27'),(1321,2,12,0,'CHAIR','','AL',6,'','2017-07-13 03:01:27'),(1320,2,12,0,'CSC742M','','TL',3,'','2017-07-13 03:01:27'),(1319,2,12,0,'INTROOS','Introduction to Operating Systems','TL',3,'','2017-07-13 03:01:27'),(1318,9,42,0,'SAB LEAVE','Sabbatical Leave','AL',12,'','2017-07-13 03:01:27'),(1317,2,12,0,'CSC755M','','TL',3,'','2017-07-13 03:01:27'),(1316,2,12,0,'STC Pioneer Faculty','','AL',9,'','2017-07-13 03:01:27'),(1315,2,12,0,'COMPRO2','Introduction to Computer Programming 2','TL',3,'','2017-07-13 03:01:27'),(1314,2,12,0,'WIR-TEC','Wireless Technology','TL',3,'','2017-07-13 03:01:27'),(1313,2,12,0,'MODESTA','Introduction to Statistics','TL',3,'','2017-07-13 03:01:27'),(1312,2,12,0,'ST-STAT','Introduction to Statistics','TL',3,'','2017-07-13 03:01:27');
/*!40000 ALTER TABLE `course` ENABLE KEYS */;
UNLOCK TABLES;

--
-- Table structure for table `days`
--

DROP TABLE IF EXISTS `days`;
/*!40101 SET @saved_cs_client     = @@character_set_client */;
/*!40101 SET character_set_client = utf8 */;
CREATE TABLE `days` (
  `days_id` int(11) NOT NULL AUTO_INCREMENT,
  `offering_id` int(11) DEFAULT NULL,
  `class_day` varchar(4) DEFAULT NULL,
  `begin_time` varchar(4) DEFAULT NULL,
  `end_time` varchar(4) DEFAULT NULL,
  `room_id` varchar(45) DEFAULT NULL,
  `time_stamp` timestamp NOT NULL DEFAULT CURRENT_TIMESTAMP ON UPDATE CURRENT_TIMESTAMP,
  PRIMARY KEY (`days_id`)
) ENGINE=MyISAM AUTO_INCREMENT=834 DEFAULT CHARSET=latin1;
/*!40101 SET character_set_client = @saved_cs_client */;

--
-- Dumping data for table `days`
--

LOCK TABLES `days` WRITE;
/*!40000 ALTER TABLE `days` DISABLE KEYS */;
INSERT INTO `days` VALUES (539,442,'M','1440','1610','7','2017-07-20 16:52:02'),(538,439,'T','1800','2100','43','2017-07-20 17:04:47'),(537,438,'F','1800','2100','4','2017-07-20 16:49:21'),(536,437,'W','915','1045','45','2017-07-20 17:05:19'),(535,437,'M','915','1045','45','2017-07-20 17:05:19'),(534,436,'W','915','1230','19','2017-07-20 16:56:00'),(533,435,'H','915','1045','55','2017-07-20 17:07:28'),(532,435,'T','915','1045','55','2017-07-20 17:07:28'),(531,433,'W','915','1045','21','2017-07-20 16:56:31'),(530,433,'M','915','1045','21','2017-07-20 16:56:31'),(529,432,'W','1100','1230','18','2017-07-20 16:55:49'),(528,432,'M','1100','1230','18','2017-07-20 16:55:49'),(527,431,'H','1100','1230','20','2017-07-20 16:56:22'),(526,431,'T','1100','1230','20','2017-07-20 16:56:22'),(525,430,'H','1800','2100','11','2017-07-20 16:53:29'),(524,429,'H','1800','2100','7','2017-07-20 16:52:02'),(523,428,'F','915','1230','20','2017-07-20 16:56:22'),(522,427,'W','730','900','45','2017-07-20 17:05:19'),(520,426,'H','915','1045','54','2017-07-20 17:07:18'),(521,427,'M','730','900','45','2017-07-20 17:05:19'),(519,426,'T','915','1045','54','2017-07-20 17:07:18'),(518,425,'H','915','1045','54','2017-07-20 17:07:18'),(517,425,'T','915','1045','54','2017-07-20 17:07:18'),(516,424,'M','1430','1745','56','2017-07-20 17:07:40'),(515,423,'H','915','1045','19','2017-07-20 16:56:00'),(514,423,'T','915','1045','19','2017-07-20 16:56:00'),(513,422,'H','730','900','28','2017-07-20 16:58:39'),(512,422,'T','730','900','28','2017-07-20 16:58:39'),(511,421,'W','900','1030','28','2017-07-20 16:58:39'),(510,421,'M','900','1030','28','2017-07-20 16:58:39'),(509,420,'W','1100','1230','20','2017-07-20 16:56:22'),(508,420,'M','1100','1230','20','2017-07-20 16:56:22'),(507,419,'W','1245','1415','19','2017-07-20 16:56:00'),(506,419,'M','1245','1415','19','2017-07-20 16:56:00'),(505,418,'S','900','1200','6','2017-07-20 16:51:53'),(504,414,'M','915','1230','56','2017-07-20 17:07:40'),(503,409,'W','915','1045','4','2017-07-20 16:49:21'),(502,409,'M','915','1045','4','2017-07-20 16:49:21'),(501,408,'H','1800','2100','6','2017-07-20 16:51:53'),(500,407,'H','1430','1600','16','2017-07-20 16:55:19'),(499,407,'T','1430','1600','16','2017-07-20 16:55:19'),(498,406,'W','1100','1230','16','2017-07-20 16:55:19'),(497,406,'M','1100','1230','16','2017-07-20 16:55:19'),(496,405,'W','915','1045','16','2017-07-20 16:55:19'),(495,405,'M','915','1045','16','2017-07-20 16:55:19'),(494,404,'W','1800','2100','4','2017-07-20 16:49:21'),(493,401,'W','1430','1600','19','2017-07-20 16:56:00'),(492,401,'M','1430','1600','19','2017-07-20 16:56:00'),(491,400,'M','915','1230','14','2017-07-20 16:54:06'),(490,399,'W','1430','1745','12','2017-07-20 16:53:38'),(489,398,'H','1100','1230','11','2017-07-20 16:53:29'),(488,398,'T','1100','1230','11','2017-07-20 16:53:29'),(487,397,'H','915','1045','12','2017-07-20 16:53:38'),(486,397,'T','915','1045','12','2017-07-20 16:53:38'),(485,395,'W','730','900','36','2017-07-20 17:03:03'),(484,395,'M','730','900','36','2017-07-20 17:03:03'),(483,394,'H','1100','1230','12','2017-07-20 16:53:38'),(482,394,'T','1100','1230','12','2017-07-20 16:53:38'),(481,393,'H','915','1045','11','2017-07-20 16:53:29'),(480,393,'T','915','1045','11','2017-07-20 16:53:29'),(479,387,'W','1430','1745','14','2017-07-20 16:54:06'),(478,386,'H','1100','1230','14','2017-07-20 16:54:06'),(477,386,'T','1100','1230','14','2017-07-20 16:54:06'),(476,385,'M','1430','1745','14','2017-07-20 16:54:06'),(475,380,'W','1100','1230','17','2017-07-20 16:55:27'),(472,379,'M','915','1045','17','2017-07-20 16:55:27'),(473,379,'W','915','1045','17','2017-07-20 16:55:27'),(474,380,'M','1100','1230','17','2017-07-20 16:55:27'),(471,376,'W','1615','1745','6','2017-07-20 16:51:53'),(470,376,'M','1615','1745','6','2017-07-20 16:51:53'),(468,375,'M','1100','1230','13','2017-07-20 16:53:48'),(469,375,'W','1100','1230','13','2017-07-20 16:53:48'),(467,374,'W','1430','1600','22','2017-07-20 16:56:53'),(466,374,'M','1430','1600','22','2017-07-20 16:56:53'),(465,373,'H','1615','1745','50','2017-07-20 17:06:26'),(464,373,'T','1615','1745','50','2017-07-20 17:06:26'),(463,369,'H','915','1045','20','2017-07-20 16:56:22'),(462,369,'T','915','1045','20','2017-07-20 16:56:22'),(461,368,'H','730','900','37','2017-07-20 17:03:17'),(460,368,'T','730','900','37','2017-07-20 17:03:17'),(459,367,'W','1245','1415','9','2017-07-20 16:52:45'),(458,367,'M','1245','1415','9','2017-07-20 16:52:45'),(457,364,'T','1800','2100','7','2017-07-20 16:52:02'),(456,363,'W','1100','1230','5','2017-07-20 16:49:28'),(455,363,'M','1100','1230','5','2017-07-20 16:49:28'),(454,362,'W','1430','1600','5','2017-07-20 16:49:28'),(453,362,'M','1430','1600','5','2017-07-20 16:49:28'),(452,361,'H','915','1045','56','2017-07-20 17:07:40'),(450,360,'W','1300','1430','','2017-07-13 03:01:27'),(451,361,'T','915','1045','56','2017-07-20 17:07:40'),(449,360,'M','1300','1430','','2017-07-13 03:01:27'),(448,358,'H','1100','1230','24','2017-07-20 16:57:27'),(447,358,'T','1100','1230','24','2017-07-20 16:57:27'),(446,357,'H','915','1045','24','2017-07-20 16:57:27'),(445,357,'T','915','1045','24','2017-07-20 16:57:27'),(444,356,'H','1800','2100','10','2017-07-20 16:53:21'),(443,354,'H','1245','1415','9','2017-07-20 16:52:45'),(442,354,'T','1245','1415','9','2017-07-20 16:52:45'),(441,353,'H','1100','1230','38','2017-07-20 17:03:28'),(440,353,'T','1100','1230','38','2017-07-20 17:03:28'),(439,352,'W','915','1045','3','2017-07-20 16:49:10'),(438,352,'M','915','1045','3','2017-07-20 16:49:10'),(437,351,'W','1430','1600','12','2017-07-20 16:53:38'),(436,351,'M','1430','1600','12','2017-07-20 16:53:38'),(435,350,'T','735','915','','2017-07-13 03:01:27'),(434,350,'T','735','1015','','2017-07-13 03:01:27'),(433,349,'W','1100','1230','7','2017-07-20 16:52:02'),(432,349,'M','1100','1230','7','2017-07-20 16:52:02'),(431,348,'W','915','1045','8','2017-07-20 16:52:36'),(430,348,'M','915','1045','8','2017-07-20 16:52:36'),(429,347,'W','730','900','5','2017-07-20 16:49:28'),(428,347,'M','730','900','5','2017-07-20 16:49:28'),(427,346,'W','1530','1700','33','2017-07-20 17:01:40'),(425,344,'M','1800','2100','5','2017-07-20 16:49:28'),(426,346,'M','1530','1700','33','2017-07-20 17:01:40'),(424,342,'M','1430','1745','7','2017-07-20 16:52:02'),(423,341,'M','915','1230','12','2017-07-20 16:53:38'),(422,339,'W','1100','1230','6','2017-07-20 16:51:53'),(421,339,'M','1100','1230','6','2017-07-20 16:51:53'),(420,338,'W','915','1045','5','2017-07-20 16:49:28'),(419,338,'M','915','1045','5','2017-07-20 16:49:28'),(418,337,'T','1800','2100','9','2017-07-20 16:52:45'),(417,336,'H','1615','1745','8','2017-07-20 16:52:36'),(416,336,'T','1615','1745','8','2017-07-20 16:52:36'),(415,334,'T','1800','2100','6','2017-07-20 16:51:53'),(414,332,'H','1100','1230','51','2017-07-20 17:06:43'),(413,332,'T','1100','1230','51','2017-07-20 17:06:43'),(412,331,'W','1245','1415','16','2017-07-20 16:55:19'),(411,331,'M','1245','1415','16','2017-07-20 16:55:19'),(410,330,'W','1430','1600','6','2017-07-20 16:51:53'),(409,330,'M','1430','1600','6','2017-07-20 16:51:53'),(408,329,'W','1430','1600','6','2017-07-20 16:51:53'),(407,329,'M','1430','1600','6','2017-07-20 16:51:53'),(540,442,'W','1440','1610','7','2017-07-20 16:52:02'),(541,443,'M','1800','2100','40','2017-07-20 17:04:05'),(542,445,'M','940','1110','3','2017-07-20 16:49:10'),(543,445,'W','940','1110','3','2017-07-20 16:49:10'),(544,446,'M','1300','1430','3','2017-07-20 16:49:10'),(545,446,'W','1300','1430','3','2017-07-20 16:49:10'),(546,447,'T','1440','1610','1','2017-07-20 16:47:08'),(547,447,'H','1440','1610','1','2017-07-20 16:47:08'),(548,448,'H','1800','2100','40','2017-07-20 17:04:05'),(549,449,'T','940','1110','8','2017-07-20 16:52:36'),(550,449,'H','940','1110','8','2017-07-20 16:52:36'),(551,450,'T','1300','1430','5','2017-07-20 16:49:28'),(552,450,'H','1300','1430','5','2017-07-20 16:49:28'),(553,451,'T','1440','1610','5','2017-07-20 16:49:28'),(554,451,'H','1440','1610','5','2017-07-20 16:49:28'),(555,452,'M','1800','2100','','2017-07-13 03:01:27'),(556,456,'T','1120','1250','16','2017-07-20 16:55:19'),(557,456,'H','1120','1250','16','2017-07-20 16:55:19'),(558,457,'T','1300','1430','17','2017-07-20 16:55:27'),(559,457,'H','1300','1430','17','2017-07-20 16:55:27'),(560,458,'W','1800','2100','16','2017-07-20 16:55:19'),(561,460,'M','1300','1430','5','2017-07-20 16:49:28'),(562,460,'W','1300','1430','5','2017-07-20 16:49:28'),(563,461,'M','1440','1610','3','2017-07-20 16:49:10'),(564,461,'W','1440','1610','3','2017-07-20 16:49:10'),(565,462,'T','940','1110','17','2017-07-20 16:55:27'),(566,462,'H','940','1110','17','2017-07-20 16:55:27'),(567,463,'T','1300','1430','3','2017-07-20 16:49:10'),(568,463,'H','1300','1430','3','2017-07-20 16:49:10'),(569,464,'M','940','1110','17','2017-07-20 16:55:27'),(570,464,'W','940','1110','17','2017-07-20 16:55:27'),(571,465,'M','1120','1250','17','2017-07-20 16:55:27'),(572,465,'W','1120','1250','17','2017-07-20 16:55:27'),(573,466,'M','1800','2100','39','2017-07-20 17:03:50'),(574,467,'T','940','1110','16','2017-07-20 16:55:19'),(575,467,'H','940','1110','16','2017-07-20 16:55:19'),(576,469,'T','1300','1430','6','2017-07-20 16:51:53'),(577,469,'H','1300','1430','6','2017-07-20 16:51:53'),(578,470,'M','940','1110','7','2017-07-20 16:52:02'),(579,470,'W','940','1110','7','2017-07-20 16:52:02'),(580,471,'M','1300','1430','9','2017-07-20 16:52:45'),(581,471,'W','1300','1430','9','2017-07-20 16:52:45'),(582,472,'T','1120','1250','11','2017-07-20 16:53:29'),(583,472,'H','1120','1250','11','2017-07-20 16:53:29'),(584,473,'T','1440','1610','5','2017-07-20 16:49:28'),(585,473,'H','1440','1610','5','2017-07-20 16:49:28'),(586,474,'M','1120','1250','47','2017-07-20 17:05:40'),(587,474,'W','1120','1250','47','2017-07-20 17:05:40'),(588,475,'T','1300','1430','20','2017-07-20 16:56:22'),(589,475,'H','1300','1430','20','2017-07-20 16:56:22'),(590,481,'M','800','930','6','2017-07-20 16:51:53'),(591,481,'W','800','930','6','2017-07-20 16:51:53'),(592,482,'M','940','1110','12','2017-07-20 16:53:38'),(593,482,'W','940','1110','12','2017-07-20 16:53:38'),(594,483,'M','1300','1430','8','2017-07-20 16:52:36'),(595,483,'W','1300','1430','8','2017-07-20 16:52:36'),(596,484,'T','1800','2100','44','2017-07-20 17:05:04'),(597,485,'M','940','1110','6','2017-07-20 16:51:53'),(598,485,'W','940','1110','6','2017-07-20 16:51:53'),(599,491,'T','940','1110','14','2017-07-20 16:54:06'),(600,491,'H','940','1110','14','2017-07-20 16:54:06'),(601,492,'T','1120','1250','14','2017-07-20 16:54:06'),(602,492,'H','1120','1250','14','2017-07-20 16:54:06'),(603,495,'M','1120','1250','16','2017-07-20 16:55:19'),(604,495,'W','1120','1250','16','2017-07-20 16:55:19'),(605,496,'M','1300','1430','16','2017-07-20 16:55:19'),(606,496,'W','1300','1430','16','2017-07-20 16:55:19'),(607,497,'T','1300','1430','16','2017-07-20 16:55:19'),(608,497,'H','1300','1430','16','2017-07-20 16:55:19'),(609,498,'T','1440','1610','19','2017-07-20 16:56:00'),(610,498,'H','1440','1610','19','2017-07-20 16:56:00'),(611,499,'T','1800','2100','42','2017-07-20 17:04:34'),(612,500,'H','1800','2100','41','2017-07-20 17:04:24'),(613,503,'M','1300','1430','20','2017-07-20 16:56:22'),(614,503,'W','1300','1430','20','2017-07-20 16:56:22'),(615,504,'M','1120','1250','16','2017-07-20 16:55:19'),(616,504,'W','1120','1250','16','2017-07-20 16:55:19'),(617,505,'M','1620','1750','16','2017-07-20 16:55:19'),(618,505,'W','1620','1750','16','2017-07-20 16:55:19'),(619,507,'M','940','1110','11','2017-07-20 16:53:29'),(620,507,'W','940','1110','11','2017-07-20 16:53:29'),(621,510,'M','940','1110','19','2017-07-20 16:56:00'),(622,510,'W','940','1110','19','2017-07-20 16:56:00'),(623,511,'M','1120','1250','19','2017-07-20 16:56:00'),(624,511,'W','1120','1250','19','2017-07-20 16:56:00'),(625,512,'M','1440','1610','14','2017-07-20 16:54:06'),(626,512,'W','1440','1610','14','2017-07-20 16:54:06'),(627,513,'M','1620','1750','14','2017-07-20 16:54:06'),(628,513,'W','1620','1750','14','2017-07-20 16:54:06'),(629,514,'T','1120','1220','4','2017-07-20 16:49:21'),(630,516,'M','1300','1430','7','2017-07-20 16:52:02'),(631,516,'W','1300','1430','7','2017-07-20 16:52:02'),(632,517,'M','1440','1610','8','2017-07-20 16:52:36'),(633,517,'W','1440','1610','8','2017-07-20 16:52:36'),(634,518,'W','1800','2100','40','2017-07-20 17:04:05'),(635,519,'F','1120','1320','','2017-07-13 03:01:27'),(636,521,'T','940','1110','19','2017-07-20 16:56:00'),(637,521,'H','940','1110','19','2017-07-20 16:56:00'),(638,522,'T','1120','1250','19','2017-07-20 16:56:00'),(639,522,'H','1120','1250','19','2017-07-20 16:56:00'),(640,523,'M','940','1110','20','2017-07-20 16:56:22'),(641,523,'W','940','1110','20','2017-07-20 16:56:22'),(642,524,'M','1300','1430','19','2017-07-20 16:56:00'),(643,524,'W','1300','1430','19','2017-07-20 16:56:00'),(644,525,'T','1120','1250','9','2017-07-20 16:52:45'),(645,525,'H','1120','1250','9','2017-07-20 16:52:45'),(646,526,'T','1440','1610','6','2017-07-20 16:51:53'),(647,526,'H','1440','1610','6','2017-07-20 16:51:53'),(648,527,'T','1620','1750','4','2017-07-20 16:49:21'),(649,527,'H','1620','1750','4','2017-07-20 16:49:21'),(650,528,'M','1120','1250','7','2017-07-20 16:52:02'),(651,528,'W','1120','1250','7','2017-07-20 16:52:02'),(652,529,'T','800','930','8','2017-07-20 16:52:36'),(653,529,'H','800','930','8','2017-07-20 16:52:36'),(654,530,'T','1120','1250','8','2017-07-20 16:52:36'),(655,530,'H','1120','1250','8','2017-07-20 16:52:36'),(656,531,'T','800','930','4','2017-07-20 16:49:21'),(657,531,'H','800','930','4','2017-07-20 16:49:21'),(658,532,'T','940','1110','3','2017-07-20 16:49:10'),(659,532,'H','940','1110','3','2017-07-20 16:49:10'),(660,533,'T','1300','1430','3','2017-07-20 16:49:10'),(661,533,'H','1300','1430','3','2017-07-20 16:49:10'),(662,534,'T','1440','1610','','2017-07-13 03:01:27'),(663,534,'H','1440','1610','','2017-07-13 03:01:27'),(664,535,'M','1120','1250','','2017-07-13 03:01:27'),(665,535,'W','1120','1250','','2017-07-13 03:01:27'),(666,536,'T','800','930','','2017-07-13 03:01:27'),(667,536,'H','800','930','','2017-07-13 03:01:27'),(668,537,'T','940','1110','','2017-07-13 03:01:27'),(669,537,'H','940','1110','','2017-07-13 03:01:27'),(670,539,'F','800','1110','','2017-07-13 03:01:27'),(671,540,'M','800','930','','2017-07-13 03:01:27'),(672,540,'W','800','930','','2017-07-13 03:01:27'),(673,541,'M','940','1110','','2017-07-13 03:01:27'),(674,541,'W','940','1110','','2017-07-13 03:01:27'),(675,542,'M','915','1045','53','2017-07-20 17:07:06'),(676,542,'W','915','1045','53','2017-07-20 17:07:06'),(677,543,'M','1100','1230','48','2017-07-20 17:06:02'),(678,543,'W','1100','1230','48','2017-07-20 17:06:02'),(679,544,'T','1000','1300','29','2017-07-20 16:59:01'),(680,544,'H','1000','1300','29','2017-07-20 16:59:01'),(681,545,'T','1300','1430','32','2017-07-20 17:01:18'),(682,545,'H','1300','1430','32','2017-07-20 17:01:18'),(683,547,'T','1615','1900','12','2017-07-20 16:53:38'),(684,550,'M','915','1045','6','2017-07-20 16:51:53'),(685,550,'W','915','1045','6','2017-07-20 16:51:53'),(686,551,'M','1100','1230','5','2017-07-20 16:49:28'),(687,551,'W','1100','1230','5','2017-07-20 16:49:28'),(688,552,'H','1800','2100','16','2017-07-20 16:55:19'),(689,553,'T','1800','2100','6','2017-07-20 16:51:53'),(690,554,'W','1800','2100','16','2017-07-20 16:55:19'),(691,555,'T','1430','1600','18','2017-07-20 16:55:49'),(692,555,'H','1430','1600','18','2017-07-20 16:55:49'),(693,556,'T','1615','1745','18','2017-07-20 16:55:49'),(694,556,'H','1615','1745','18','2017-07-20 16:55:49'),(695,559,'T','1615','1745','2','2017-07-20 16:48:47'),(696,559,'H','1615','1745','2','2017-07-20 16:48:47'),(697,560,'T','1300','1430','28','2017-07-20 16:58:39'),(698,560,'H','1300','1430','28','2017-07-20 16:58:39'),(699,561,'T','915','1045','16','2017-07-20 16:55:19'),(700,561,'H','915','1045','16','2017-07-20 16:55:19'),(701,562,'T','1100','1230','16','2017-07-20 16:55:19'),(702,562,'H','1100','1230','16','2017-07-20 16:55:19'),(703,563,'M','915','1045','35','2017-07-20 17:02:35'),(704,563,'W','915','1045','35','2017-07-20 17:02:35'),(705,564,'M','730','900','35','2017-07-20 17:02:35'),(706,564,'W','730','900','35','2017-07-20 17:02:35'),(707,566,'M','915','1045','23','2017-07-20 16:57:07'),(708,566,'W','915','1045','23','2017-07-20 16:57:07'),(709,567,'M','1100','1230','23','2017-07-20 16:57:07'),(710,567,'W','1100','1230','23','2017-07-20 16:57:07'),(711,570,'T','915','1045','10','2017-07-20 16:53:21'),(712,570,'H','915','1045','10','2017-07-20 16:53:21'),(713,571,'T','1100','1230','11','2017-07-20 16:53:29'),(714,571,'H','1100','1230','11','2017-07-20 16:53:29'),(715,572,'M','1300','1430','28','2017-07-20 16:58:39'),(716,572,'W','1300','1430','28','2017-07-20 16:58:39'),(717,573,'M','1000','1130','35','2017-07-20 17:02:35'),(718,573,'W','1000','1130','35','2017-07-20 17:02:35'),(719,574,'M','1430','1600','17','2017-07-20 16:55:27'),(720,574,'W','1430','1600','17','2017-07-20 16:55:27'),(721,576,'M','1430','1600','53','2017-07-20 17:07:06'),(722,576,'W','1430','1600','53','2017-07-20 17:07:06'),(723,577,'T','915','1045','56','2017-07-20 17:07:40'),(724,577,'H','915','1045','56','2017-07-20 17:07:40'),(725,578,'M','1100','1230','55','2017-07-20 17:07:28'),(726,578,'W','1100','1230','55','2017-07-20 17:07:28'),(727,579,'T','730','900','49','2017-07-20 17:06:14'),(728,579,'H','730','900','49','2017-07-20 17:06:14'),(729,580,'T','1100','1230','20','2017-07-20 16:56:22'),(730,580,'H','1100','1230','20','2017-07-20 16:56:22'),(731,581,'T','1245','1415','20','2017-07-20 16:56:22'),(732,581,'H','1245','1415','20','2017-07-20 16:56:22'),(733,582,'M','1300','1430','30','2017-07-20 17:00:46'),(734,582,'W','1300','1430','30','2017-07-20 17:00:46'),(735,583,'M','1000','1130','31','2017-07-20 17:00:58'),(736,583,'W','1000','1130','31','2017-07-20 17:00:58'),(737,584,'M','1100','1230','16','2017-07-20 16:55:19'),(738,584,'W','1100','1230','16','2017-07-20 16:55:19'),(739,585,'M','915','1045','16','2017-07-20 16:55:19'),(740,585,'W','915','1045','16','2017-07-20 16:55:19'),(741,586,'T','915','1045','18','2017-07-20 16:55:49'),(742,586,'H','915','1045','18','2017-07-20 16:55:49'),(743,587,'T','730','900','46','2017-07-20 17:05:29'),(744,587,'H','730','900','46','2017-07-20 17:05:29'),(745,588,'W','1800','2100','2','2017-07-20 16:48:47'),(746,592,'M','1245','1415','14','2017-07-20 16:54:06'),(747,592,'W','1245','1415','14','2017-07-20 16:54:06'),(748,593,'M','1430','1600','14','2017-07-20 16:54:06'),(749,593,'W','1430','1600','14','2017-07-20 16:54:06'),(750,599,'M','1245','1415','2','2017-07-20 16:48:47'),(751,599,'W','1245','1415','2','2017-07-20 16:48:47'),(752,602,'W','1800','2100','8','2017-07-20 16:52:36'),(753,605,'T','1430','1600','15','2017-07-20 16:54:44'),(754,605,'H','1430','1600','15','2017-07-20 16:54:44'),(755,607,'M','1430','1600','26','2017-07-20 16:58:03'),(756,607,'W','1430','1600','26','2017-07-20 16:58:03'),(757,608,'T','1615','1745','19','2017-07-20 16:56:00'),(758,608,'H','1615','1745','19','2017-07-20 16:56:00'),(759,609,'T','1430','1530','25','2017-07-20 16:57:44'),(760,609,'H','1430','1530','25','2017-07-20 16:57:44'),(761,610,'M','1100','1230','17','2017-07-20 16:55:27'),(762,610,'W','1100','1230','17','2017-07-20 16:55:27'),(763,611,'M','915','1045','17','2017-07-20 16:55:27'),(764,611,'W','915','1045','17','2017-07-20 16:55:27'),(765,612,'T','1100','1230','10','2017-07-20 16:53:21'),(766,612,'H','1100','1230','10','2017-07-20 16:53:21'),(767,613,'T','915','1045','11','2017-07-20 16:53:29'),(768,613,'H','915','1045','11','2017-07-20 16:53:29'),(769,614,'T','1430','1600','11','2017-07-20 16:53:29'),(770,614,'H','1430','1600','11','2017-07-20 16:53:29'),(771,620,'M','1100','1230','6','2017-07-20 16:51:53'),(772,620,'W','1100','1230','6','2017-07-20 16:51:53'),(773,621,'M','915','1045','5','2017-07-20 16:49:28'),(774,621,'W','915','1045','5','2017-07-20 16:49:28'),(775,622,'T','1430','1600','2','2017-07-20 16:48:47'),(776,622,'H','1430','1600','2','2017-07-20 16:48:47'),(777,625,'T','1800','2100','1','2017-07-20 16:47:08'),(778,627,'T','1430','1600','55','2017-07-20 17:07:28'),(779,627,'H','1430','1600','55','2017-07-20 17:07:28'),(780,634,'T','915','1045','5','2017-07-20 16:49:28'),(781,634,'H','915','1045','5','2017-07-20 16:49:28'),(782,635,'T','1100','1230','1','2017-07-20 16:47:08'),(783,635,'H','1100','1230','1','2017-07-20 16:47:08'),(784,638,'T','915','1045','17','2017-07-20 16:55:27'),(785,638,'H','915','1045','17','2017-07-20 16:55:27'),(786,639,'T','1100','1230','17','2017-07-20 16:55:27'),(787,639,'H','1100','1230','17','2017-07-20 16:55:27'),(788,640,'M','1100','1230','33','2017-07-20 17:01:40'),(789,640,'W','1100','1230','33','2017-07-20 17:01:40'),(790,641,'M','900','1030','34','2017-07-20 17:02:19'),(791,641,'W','900','1030','34','2017-07-20 17:02:19'),(792,642,'F','1800','2100','6','2017-07-20 16:51:53'),(793,643,'M','900','1030','28','2017-07-20 16:58:39'),(794,643,'W','900','1030','28','2017-07-20 16:58:39'),(795,644,'H','1800','2100','','2017-07-13 03:01:27'),(796,645,'T','1800','2100','','2017-07-13 03:01:27'),(797,646,'M','1245','1415','53','2017-07-20 17:07:06'),(798,646,'W','1245','1415','53','2017-07-20 17:07:06'),(799,647,'M','1245','1415','5','2017-07-20 16:49:28'),(800,647,'W','1245','1415','5','2017-07-20 16:49:28'),(801,648,'M','1430','1600','9','2017-07-20 16:52:45'),(802,648,'W','1430','1600','9','2017-07-20 16:52:45'),(803,649,'M','9115','1045','12','2017-07-20 16:53:38'),(804,649,'W','9115','1045','12','2017-07-20 16:53:38'),(805,650,'T','1430','1600','52','2017-07-20 17:06:56'),(806,650,'H','1430','1600','52','2017-07-20 17:06:56'),(807,653,'M','1100','1230','49','2017-07-20 17:06:14'),(808,653,'W','1100','1230','49','2017-07-20 17:06:14'),(809,654,'M','1800','2100','2','2017-07-20 16:48:47'),(810,655,'W','1800','2100','1','2017-07-20 16:47:08'),(811,656,'T','915','1045','9','2017-07-20 16:52:45'),(812,656,'H','915','1045','9','2017-07-20 16:52:45'),(813,657,'T','1100','1230','9','2017-07-20 16:52:45'),(814,657,'H','1100','1230','9','2017-07-20 16:52:45'),(815,659,'M','730','900','14','2017-07-20 16:54:06'),(816,659,'W','730','900','14','2017-07-20 16:54:06'),(817,660,'M','915','1045','18','2017-07-20 16:55:49'),(818,660,'W','915','1045','18','2017-07-20 16:55:49'),(819,661,'T','1800','2100','14','2017-07-20 16:54:06'),(820,662,'M','1430','1600','6','2017-07-20 16:51:53'),(821,662,'W','1430','1600','6','2017-07-20 16:51:53'),(822,663,'M','1245','1415','9','2017-07-20 16:52:45'),(823,663,'W','1245','1415','9','2017-07-20 16:52:45'),(824,664,'M','1430','1600','2','2017-07-20 16:48:47'),(825,664,'W','1430','1600','2','2017-07-20 16:48:47'),(826,665,'T','1100','1230','27','2017-07-20 16:58:24'),(827,665,'H','1100','1230','27','2017-07-20 16:58:24'),(828,666,'T','915','1045','42','2017-07-20 17:04:34'),(829,666,'H','915','1045','42','2017-07-20 17:04:34'),(830,667,'M','1100','1230','18','2017-07-20 16:55:49'),(831,667,'W','1100','1230','18','2017-07-20 16:55:49'),(832,668,'M','1615','1745','16','2017-07-20 16:55:19'),(833,668,'W','1615','1745','16','2017-07-20 16:55:19');
/*!40000 ALTER TABLE `days` ENABLE KEYS */;
UNLOCK TABLES;

--
-- Table structure for table `degreeequivalence`
--

DROP TABLE IF EXISTS `degreeequivalence`;
/*!40101 SET @saved_cs_client     = @@character_set_client */;
/*!40101 SET character_set_client = utf8 */;
CREATE TABLE `degreeequivalence` (
  `degreeequivalence_id` int(11) NOT NULL AUTO_INCREMENT,
  `degreeprogram_id` int(11) NOT NULL,
  `equivalence` varchar(45) DEFAULT NULL,
  `time_stamp` timestamp NOT NULL DEFAULT CURRENT_TIMESTAMP ON UPDATE CURRENT_TIMESTAMP,
  PRIMARY KEY (`degreeequivalence_id`)
) ENGINE=InnoDB AUTO_INCREMENT=9 DEFAULT CHARSET=utf8;
/*!40101 SET character_set_client = @saved_cs_client */;

--
-- Dumping data for table `degreeequivalence`
--

LOCK TABLES `degreeequivalence` WRITE;
/*!40000 ALTER TABLE `degreeequivalence` DISABLE KEYS */;
INSERT INTO `degreeequivalence` VALUES (1,1,'3-ST','2017-07-19 15:21:02'),(2,1,'ST-4','2017-07-19 15:21:02'),(3,1,'ST-3','2017-07-19 15:21:02'),(4,1,'ST-2','2017-07-19 15:21:02'),(5,1,'2-ST','2017-07-19 15:21:02'),(6,2,'IT-2','2017-07-19 15:21:02'),(7,2,'IT','2017-07-19 15:21:02'),(8,3,'CT','2017-07-19 15:21:28');
/*!40000 ALTER TABLE `degreeequivalence` ENABLE KEYS */;
UNLOCK TABLES;

--
-- Table structure for table `degreeprogram`
--

DROP TABLE IF EXISTS `degreeprogram`;
/*!40101 SET @saved_cs_client     = @@character_set_client */;
/*!40101 SET character_set_client = utf8 */;
CREATE TABLE `degreeprogram` (
  `degreeprogram_id` int(11) NOT NULL AUTO_INCREMENT,
  `college_id` int(11) NOT NULL,
  `dept_id` int(11) NOT NULL,
  `degreeprogram_code` varchar(45) DEFAULT NULL,
  `degreeprogram_name` varchar(150) DEFAULT NULL,
  `time_stamp` timestamp NOT NULL DEFAULT CURRENT_TIMESTAMP ON UPDATE CURRENT_TIMESTAMP,
  PRIMARY KEY (`degreeprogram_id`)
) ENGINE=InnoDB AUTO_INCREMENT=4 DEFAULT CHARSET=utf8;
/*!40101 SET character_set_client = @saved_cs_client */;

--
-- Dumping data for table `degreeprogram`
--

LOCK TABLES `degreeprogram` WRITE;
/*!40000 ALTER TABLE `degreeprogram` DISABLE KEYS */;
INSERT INTO `degreeprogram` VALUES (1,2,12,'CS-ST','Bachelor of Science in Computer Science with specialization in Software Technology','2017-07-19 15:08:27'),(2,2,11,'CS-IT','Bachelor of Science in Computer Science with specialization in Information Technology','2017-07-19 15:08:27'),(3,2,10,'CS-CT','Bachelor of Science in Computer Science with specialization in Computer Technology','2017-07-19 15:08:27');
/*!40000 ALTER TABLE `degreeprogram` ENABLE KEYS */;
UNLOCK TABLES;

--
-- Table structure for table `deloading`
--

DROP TABLE IF EXISTS `deloading`;
/*!40101 SET @saved_cs_client     = @@character_set_client */;
/*!40101 SET character_set_client = utf8 */;
CREATE TABLE `deloading` (
  `deloading_id` int(11) NOT NULL AUTO_INCREMENT,
  `college_id` int(11) DEFAULT NULL,
  `dept_id` int(11) DEFAULT NULL,
  `deloading_code` varchar(100) DEFAULT NULL,
  `deloading_name` varchar(150) DEFAULT NULL,
  `deloading_type` varchar(20) DEFAULT NULL,
  `description` varchar(100) DEFAULT NULL,
  `time_stamp` timestamp NOT NULL DEFAULT CURRENT_TIMESTAMP ON UPDATE CURRENT_TIMESTAMP,
  PRIMARY KEY (`deloading_id`)
) ENGINE=InnoDB AUTO_INCREMENT=2 DEFAULT CHARSET=utf8;
/*!40101 SET character_set_client = @saved_cs_client */;

--
-- Dumping data for table `deloading`
--

LOCK TABLES `deloading` WRITE;
/*!40000 ALTER TABLE `deloading` DISABLE KEYS */;
INSERT INTO `deloading` VALUES (1,2,12,'CHAIR','Department Chair','AL','Being the Chair of a department','2017-07-13 03:01:27');
/*!40000 ALTER TABLE `deloading` ENABLE KEYS */;
UNLOCK TABLES;

--
-- Table structure for table `deloadoffer`
--

DROP TABLE IF EXISTS `deloadoffer`;
/*!40101 SET @saved_cs_client     = @@character_set_client */;
/*!40101 SET character_set_client = utf8 */;
CREATE TABLE `deloadoffer` (
  `deloadoffer_id` int(11) NOT NULL AUTO_INCREMENT,
  `deloading_id` int(11) NOT NULL,
  `faculty_id` int(11) NOT NULL,
  `term` int(11) DEFAULT NULL,
  `start_year` int(11) DEFAULT NULL,
  `end_year` int(11) DEFAULT NULL,
  `units` float DEFAULT NULL,
  `description` varchar(100) DEFAULT NULL,
  `time_stamp` timestamp NOT NULL DEFAULT CURRENT_TIMESTAMP ON UPDATE CURRENT_TIMESTAMP,
  PRIMARY KEY (`deloadoffer_id`)
) ENGINE=InnoDB AUTO_INCREMENT=2 DEFAULT CHARSET=utf8;
/*!40101 SET character_set_client = @saved_cs_client */;

--
-- Dumping data for table `deloadoffer`
--

LOCK TABLES `deloadoffer` WRITE;
/*!40000 ALTER TABLE `deloadoffer` DISABLE KEYS */;
INSERT INTO `deloadoffer` VALUES (1,1,73,2,2016,2017,6,'N/A','2017-07-13 03:01:27');
/*!40000 ALTER TABLE `deloadoffer` ENABLE KEYS */;
UNLOCK TABLES;

--
-- Table structure for table `department`
--

DROP TABLE IF EXISTS `department`;
/*!40101 SET @saved_cs_client     = @@character_set_client */;
/*!40101 SET character_set_client = utf8 */;
CREATE TABLE `department` (
  `dept_id` int(11) NOT NULL AUTO_INCREMENT,
  `college_id` int(11) DEFAULT NULL,
  `dept_name` varchar(150) DEFAULT NULL,
  `dept_code` varchar(20) DEFAULT NULL,
  `dept_size` int(11) DEFAULT NULL,
  `is_obsolete` int(11) DEFAULT NULL,
  `time_stamp` timestamp NOT NULL DEFAULT CURRENT_TIMESTAMP ON UPDATE CURRENT_TIMESTAMP,
  PRIMARY KEY (`dept_id`)
) ENGINE=MyISAM AUTO_INCREMENT=43 DEFAULT CHARSET=latin1;
/*!40101 SET character_set_client = @saved_cs_client */;

--
-- Dumping data for table `department`
--

LOCK TABLES `department` WRITE;
/*!40000 ALTER TABLE `department` DISABLE KEYS */;
INSERT INTO `department` VALUES (5,1,'Counseling and Educational Psychology Department ','CEPD',50,0,'2017-07-13 03:01:27'),(6,1,'Department of English and Applied Linguistics','DEAL',50,0,'2017-07-13 03:01:27'),(7,1,'Educational Leadership and Management Department','ELMD',50,0,'2017-07-13 03:01:27'),(8,1,'Physical Education Department','PED',50,0,'2017-07-13 03:01:27'),(9,1,'Science Education Department','SED',50,0,'2017-07-13 03:01:27'),(10,2,'Computer Technology','CT',50,0,'2017-07-13 03:01:27'),(11,2,'Information Technology','IT',50,0,'2017-07-13 03:01:27'),(12,2,'Software Technology','ST',50,0,'2017-07-13 03:01:27'),(13,3,'College of Law (Department)','COL',50,0,'2017-07-13 03:01:27'),(14,4,'Behavioral Sciences Department','BSD',50,0,'2017-07-13 03:01:27'),(15,4,'Communication Department','COMM',50,0,'2017-07-13 03:01:27'),(16,4,'Departamento ng Filipino','FIL',50,0,'2017-07-13 03:01:27'),(17,4,'History Department','HIST',50,0,'2017-07-13 03:01:27'),(18,4,'International Studies Department','IS',50,0,'2017-07-13 03:01:27'),(19,4,'Department of Literature','LIT',50,0,'2017-07-13 03:01:27'),(20,4,'Philosophy Department','PHILO',50,0,'2017-07-13 03:01:27'),(21,4,'Political Science Department','POLSCI',50,0,'2017-07-13 03:01:27'),(22,4,'Psychology Department','PSYC',50,0,'2017-07-13 03:01:27'),(23,4,'Theology and Religous Education Department','TRED',50,0,'2017-07-13 03:01:27'),(24,5,'Biology Department','BIO',50,0,'2017-07-13 03:01:27'),(25,5,'Chemistry Department','CHEM',50,0,'2017-07-13 03:01:27'),(26,5,'Mathematics Deparrtment','MATH',50,0,'2017-07-13 03:01:27'),(27,5,'Physics Department','PHY',50,0,'2017-07-13 03:01:27'),(28,6,'Chemical Engineering Department','CHE',50,0,'2017-07-13 03:01:27'),(29,6,'Civil Engineering Department','CE',50,0,'2017-07-13 03:01:27'),(30,6,'Electronics and Communications Engineering Department','ECE',50,0,'2017-07-13 03:01:27'),(31,6,'Industrial Engineering','IE',50,0,'2017-07-13 03:01:27'),(32,6,'Manufacturing Engineering and Management','MEM',50,0,'2017-07-13 03:01:27'),(33,6,'Mechanical Engineering','ME',50,0,'2017-07-13 03:01:27'),(34,7,'Accountancy','ACCTY',50,0,'2017-07-13 03:01:27'),(35,7,'Center for Professional Development in Business','CPDB',50,0,'2017-07-13 03:01:27'),(36,7,'Commercial Law','COMM LAW',50,0,'2017-07-13 03:01:27'),(37,7,'Decision Sciences and Innovation Department','DSI',50,0,'2017-07-13 03:01:27'),(38,7,'Financial Management Department','FMD',50,0,'2017-07-13 03:01:27'),(39,7,'Management and Organization Department','MOD',50,0,'2017-07-13 03:01:27'),(40,7,'Marketing Management','MKTG',50,0,'2017-07-13 03:01:27'),(41,8,'Economics Department','ECON',50,0,'2017-07-13 03:01:27'),(42,9,'No Department','ND',50,0,'2017-07-13 03:01:27');
/*!40000 ALTER TABLE `department` ENABLE KEYS */;
UNLOCK TABLES;

--
-- Table structure for table `elecoffer`
--

DROP TABLE IF EXISTS `elecoffer`;
/*!40101 SET @saved_cs_client     = @@character_set_client */;
/*!40101 SET character_set_client = utf8 */;
CREATE TABLE `elecoffer` (
  `offering_id` int(11) NOT NULL,
  `equivalence_id` int(11) NOT NULL,
  `college_id` int(11) DEFAULT NULL,
  `dept_id` int(11) DEFAULT NULL,
  `batch` int(11) DEFAULT NULL,
  `start_year` int(11) DEFAULT NULL,
  `end_year` int(11) DEFAULT NULL,
  `term` int(11) DEFAULT NULL,
  `time_stamp` timestamp NOT NULL DEFAULT CURRENT_TIMESTAMP ON UPDATE CURRENT_TIMESTAMP,
  PRIMARY KEY (`offering_id`,`equivalence_id`)
) ENGINE=InnoDB DEFAULT CHARSET=utf8;
/*!40101 SET character_set_client = @saved_cs_client */;

--
-- Dumping data for table `elecoffer`
--

LOCK TABLES `elecoffer` WRITE;
/*!40000 ALTER TABLE `elecoffer` DISABLE KEYS */;
/*!40000 ALTER TABLE `elecoffer` ENABLE KEYS */;
UNLOCK TABLES;

--
-- Table structure for table `equivalence`
--

DROP TABLE IF EXISTS `equivalence`;
/*!40101 SET @saved_cs_client     = @@character_set_client */;
/*!40101 SET character_set_client = utf8 */;
CREATE TABLE `equivalence` (
  `course_id` int(11) NOT NULL,
  `equivalence_id` int(11) NOT NULL,
  `time_stamp` timestamp NOT NULL DEFAULT CURRENT_TIMESTAMP ON UPDATE CURRENT_TIMESTAMP,
  PRIMARY KEY (`course_id`,`equivalence_id`)
) ENGINE=InnoDB DEFAULT CHARSET=utf8;
/*!40101 SET character_set_client = @saved_cs_client */;

--
-- Dumping data for table `equivalence`
--

LOCK TABLES `equivalence` WRITE;
/*!40000 ALTER TABLE `equivalence` DISABLE KEYS */;
/*!40000 ALTER TABLE `equivalence` ENABLE KEYS */;
UNLOCK TABLES;

--
-- Table structure for table `faculty`
--

DROP TABLE IF EXISTS `faculty`;
/*!40101 SET @saved_cs_client     = @@character_set_client */;
/*!40101 SET character_set_client = utf8 */;
CREATE TABLE `faculty` (
  `faculty_id` int(11) NOT NULL AUTO_INCREMENT,
  `user_id` int(11) DEFAULT NULL,
  `years_of_service` int(11) DEFAULT NULL,
  `faculty_type` varchar(5) DEFAULT NULL COMMENT 'FT - Full Time, HT - Half Time, PT- Part Time',
  `time_stamp` timestamp NOT NULL DEFAULT CURRENT_TIMESTAMP ON UPDATE CURRENT_TIMESTAMP,
  PRIMARY KEY (`faculty_id`)
) ENGINE=MyISAM AUTO_INCREMENT=99 DEFAULT CHARSET=latin1;
/*!40101 SET character_set_client = @saved_cs_client */;

--
-- Dumping data for table `faculty`
--

LOCK TABLES `faculty` WRITE;
/*!40000 ALTER TABLE `faculty` DISABLE KEYS */;
INSERT INTO `faculty` VALUES (71,22098909,1,'FT','2017-07-13 03:01:27'),(70,22567683,1,'FT','2017-07-13 03:01:27'),(69,22833990,1,'PT','2017-07-13 03:01:27'),(68,22155322,1,'PT','2017-07-13 03:01:27'),(67,22039001,1,'PT','2017-07-13 03:01:27'),(66,22344564,1,'PT','2017-07-13 03:01:27'),(65,22832111,1,'PT','2017-07-13 03:01:27'),(64,22098177,1,'FT','2017-07-13 03:01:27'),(63,22177932,1,'FT','2017-07-13 03:01:27'),(62,22234115,1,'FT','2017-07-13 03:01:27'),(61,22637450,1,'FT','2017-07-13 03:01:27'),(60,22683488,1,'FT','2017-07-13 03:01:27'),(59,22711414,1,'FT','2017-07-13 03:01:27'),(58,22374777,1,'FT','2017-07-13 03:01:27'),(57,22611389,1,'FT','2017-07-13 03:01:27'),(56,22784944,1,'FT','2017-07-13 03:01:27'),(55,22764530,1,'FT','2017-07-13 03:01:27'),(54,22647488,1,'FT','2017-07-13 03:01:27'),(53,22879890,1,'FT','2017-07-13 03:01:27'),(52,22778155,1,'FT','2017-07-13 03:01:27'),(51,22165677,1,'FT','2017-07-13 03:01:27'),(50,22675888,1,'FT','2017-07-13 03:01:27'),(49,22176192,1,'FT','2017-07-13 03:01:27'),(48,22090001,1,'FT','2017-07-13 03:01:27'),(47,22526611,1,'FT','2017-07-13 03:01:27'),(46,22718119,1,'FT','2017-07-13 03:01:27'),(45,22778675,1,'FT','2017-07-13 03:01:27'),(44,22317443,1,'FT','2017-07-13 03:01:27'),(43,22590997,1,'FT','2017-07-13 03:01:27'),(72,99999999,1,'FT','2017-07-13 03:01:27'),(73,22742131,1,'FT','2017-07-13 03:01:27'),(74,22414157,1,'FT','2017-07-13 03:01:27'),(75,22314156,1,'FT','2017-07-13 03:01:27'),(76,22648495,1,'FT','2017-07-13 03:01:27'),(77,22734526,1,'FT','2017-07-13 03:01:27'),(78,22523467,1,'FT','2017-07-13 03:01:27'),(79,22576895,1,'FT','2017-07-13 03:01:27'),(80,22241516,1,'FT','2017-07-13 03:01:27'),(81,22543787,1,'FT','2017-07-13 03:01:27'),(82,22425252,1,'FT','2017-07-13 03:01:27'),(83,22456783,1,'FT','2017-07-13 03:01:27'),(84,22546752,1,'FT','2017-07-13 03:01:27'),(85,22842352,1,'PT','2017-07-13 03:01:27'),(86,22597519,1,'PT','2017-07-13 03:01:27'),(87,22563468,1,'PT','2017-07-13 03:01:27'),(88,22854322,1,'PT','2017-07-13 03:01:27'),(89,22725425,1,'FT','2017-07-13 03:01:27'),(90,22425263,1,'FT','2017-07-13 03:01:27'),(91,22672356,1,'FT','2017-07-13 03:01:27'),(92,22457287,1,'FT','2017-07-13 03:01:27'),(93,22723489,1,'FT','2017-07-13 03:01:27'),(94,22124479,1,'FT','2017-07-13 03:01:27'),(95,22373844,1,'FT','2017-07-13 03:01:27'),(96,22453891,1,'FT','2017-07-13 03:01:27'),(97,22738947,1,'PT','2017-07-13 03:01:27'),(98,22784497,1,'PT','2017-07-13 03:01:27');
/*!40000 ALTER TABLE `faculty` ENABLE KEYS */;
UNLOCK TABLES;

--
-- Table structure for table `flowcharts`
--

DROP TABLE IF EXISTS `flowcharts`;
/*!40101 SET @saved_cs_client     = @@character_set_client */;
/*!40101 SET character_set_client = utf8 */;
CREATE TABLE `flowcharts` (
  `flowchart_id` int(11) NOT NULL AUTO_INCREMENT,
  `degreeprogram_id` int(11) NOT NULL,
  `batch` int(11) DEFAULT NULL,
  `year_level` int(11) DEFAULT NULL,
  `start_year` int(11) DEFAULT NULL,
  `end_year` int(11) DEFAULT NULL,
  `time_stamp` timestamp NOT NULL DEFAULT CURRENT_TIMESTAMP ON UPDATE CURRENT_TIMESTAMP,
  PRIMARY KEY (`flowchart_id`)
) ENGINE=InnoDB AUTO_INCREMENT=2 DEFAULT CHARSET=utf8;
/*!40101 SET character_set_client = @saved_cs_client */;

--
-- Dumping data for table `flowcharts`
--

LOCK TABLES `flowcharts` WRITE;
/*!40000 ALTER TABLE `flowcharts` DISABLE KEYS */;
INSERT INTO `flowcharts` VALUES (1,1,113,4,2017,2018,'2017-07-19 15:28:44');
/*!40000 ALTER TABLE `flowcharts` ENABLE KEYS */;
UNLOCK TABLES;

--
-- Table structure for table `flowcourses`
--

DROP TABLE IF EXISTS `flowcourses`;
/*!40101 SET @saved_cs_client     = @@character_set_client */;
/*!40101 SET character_set_client = utf8 */;
CREATE TABLE `flowcourses` (
  `flowchart_id` int(11) NOT NULL,
  `course_id` int(11) NOT NULL,
  `term` int(11) DEFAULT NULL,
  `time_stamp` timestamp NOT NULL DEFAULT CURRENT_TIMESTAMP ON UPDATE CURRENT_TIMESTAMP,
  PRIMARY KEY (`flowchart_id`,`course_id`)
) ENGINE=InnoDB DEFAULT CHARSET=utf8;
/*!40101 SET character_set_client = @saved_cs_client */;

--
-- Dumping data for table `flowcourses`
--

LOCK TABLES `flowcourses` WRITE;
/*!40000 ALTER TABLE `flowcourses` DISABLE KEYS */;
INSERT INTO `flowcourses` VALUES (1,1395,1,'2017-07-19 15:32:45'),(1,1449,1,'2017-07-19 15:32:45'),(1,1453,1,'2017-07-19 15:32:45'),(1,1461,1,'2017-07-19 15:32:45'),(1,1464,1,'2017-07-19 15:32:45');
/*!40000 ALTER TABLE `flowcourses` ENABLE KEYS */;
UNLOCK TABLES;

--
-- Table structure for table `loads`
--

DROP TABLE IF EXISTS `loads`;
/*!40101 SET @saved_cs_client     = @@character_set_client */;
/*!40101 SET character_set_client = utf8 */;
CREATE TABLE `loads` (
  `loads_id` int(11) NOT NULL AUTO_INCREMENT,
  `faculty_id` int(11) DEFAULT NULL,
  `college_id` int(11) DEFAULT NULL,
  `dept_id` int(11) DEFAULT NULL,
  `start_year` int(11) DEFAULT NULL,
  `end_year` int(11) DEFAULT NULL,
  `term` int(11) DEFAULT NULL,
  `admin_load` float DEFAULT NULL,
  `research_load` float DEFAULT NULL,
  `teaching_load` float DEFAULT NULL,
  `non_acad_load` float DEFAULT NULL,
  `deloading` float DEFAULT NULL,
  `total_load` float DEFAULT NULL,
  `preparations` int(11) DEFAULT NULL,
  `has_research_load` int(11) DEFAULT NULL,
  `is_admin` int(11) DEFAULT NULL,
  `is_on_leave` int(11) DEFAULT NULL,
  `leave_type` varchar(45) DEFAULT NULL,
  `time_stamp` timestamp NOT NULL DEFAULT CURRENT_TIMESTAMP ON UPDATE CURRENT_TIMESTAMP,
  PRIMARY KEY (`loads_id`)
) ENGINE=MyISAM AUTO_INCREMENT=288 DEFAULT CHARSET=latin1;
/*!40101 SET character_set_client = @saved_cs_client */;

--
-- Dumping data for table `loads`
--

LOCK TABLES `loads` WRITE;
/*!40000 ALTER TABLE `loads` DISABLE KEYS */;
INSERT INTO `loads` VALUES (177,88,2,12,2016,2017,2,0,0,15,0,0,15,0,0,0,NULL,NULL,'2017-07-13 03:01:27'),(175,86,2,12,2016,2017,2,0,0,9,0,0,9,0,0,0,NULL,NULL,'2017-07-13 03:01:27'),(176,87,2,12,2016,2017,2,0,0,6,0,0,6,0,0,0,NULL,NULL,'2017-07-13 03:01:27'),(173,84,2,12,2016,2017,2,0,0,12,0,0,12,0,0,0,NULL,NULL,'2017-07-13 03:01:27'),(174,85,2,12,2016,2017,2,0,0,3,0,0,3,0,0,0,NULL,NULL,'2017-07-13 03:01:27'),(171,82,2,12,2016,2017,2,1,3,6,0,4,10,0,1,1,NULL,NULL,'2017-07-13 03:01:27'),(172,83,2,12,2016,2017,2,0,6,9,0,6,15,0,1,0,NULL,NULL,'2017-07-13 03:01:27'),(170,81,2,12,2016,2017,2,0,3,17,0,3,20,0,1,0,NULL,NULL,'2017-07-13 03:01:27'),(168,79,2,12,2016,2017,2,0,0,18,0,0,18,0,0,0,NULL,NULL,'2017-07-13 03:01:27'),(169,80,2,12,2016,2017,2,12,0,0,0,12,12,0,0,1,NULL,NULL,'2017-07-13 03:01:27'),(165,76,2,12,2016,2017,2,3,4,8,0,7,15,0,1,1,NULL,NULL,'2017-07-13 03:01:27'),(166,77,2,12,2016,2017,2,0,0,15,0,0,15,0,0,0,NULL,NULL,'2017-07-13 03:01:27'),(167,78,2,12,2016,2017,2,3,0,15,0,3,18,0,0,1,NULL,NULL,'2017-07-13 03:01:27'),(163,74,2,12,2016,2017,2,0,3,9,0,3,12,0,1,0,NULL,NULL,'2017-07-13 03:01:27'),(164,75,2,10,2016,2017,2,0,3,9,0,3,12,0,1,0,NULL,NULL,'2017-07-13 03:01:27'),(161,72,9,42,2016,2017,2,0,0,3,0,0,3,0,0,0,NULL,NULL,'2017-07-13 03:01:27'),(162,73,2,12,2016,2017,2,6,0,6,0,6,12,0,0,1,NULL,NULL,'2017-07-13 03:01:27'),(160,43,2,12,2016,2017,2,9,0,3,0,9,12,0,0,1,NULL,NULL,'2017-07-13 03:01:27'),(159,44,2,12,2016,2017,2,12,0,0,0,12,12,0,0,1,NULL,NULL,'2017-07-13 03:01:27'),(158,45,2,12,2016,2017,2,0,0,0,0,0,0,0,0,0,NULL,NULL,'2017-07-13 03:01:27'),(157,46,2,12,2016,2017,2,0,0,12,0,0,12,0,0,0,NULL,NULL,'2017-07-13 03:01:27'),(155,48,2,12,2016,2017,2,0,0,0,0,0,0,0,0,0,NULL,NULL,'2017-07-13 03:01:27'),(156,47,2,12,2016,2017,2,0,0,0,0,0,0,0,0,0,NULL,NULL,'2017-07-13 03:01:27'),(154,49,2,12,2016,2017,2,3,3,6,0,6,12,0,1,1,NULL,NULL,'2017-07-13 03:01:27'),(153,50,2,12,2016,2017,2,12,0,0,0,12,12,0,0,1,NULL,NULL,'2017-07-13 03:01:27'),(152,51,2,12,2016,2017,2,0,0,0,0,0,0,0,0,0,NULL,NULL,'2017-07-13 03:01:27'),(151,52,2,12,2016,2017,2,0,0,0,0,0,0,0,0,0,NULL,NULL,'2017-07-13 03:01:27'),(150,53,2,12,2016,2017,2,0,3,6,0,3,9,0,1,0,NULL,NULL,'2017-07-13 03:01:27'),(149,54,2,12,2016,2017,2,0,0,0,0,0,0,0,0,0,NULL,NULL,'2017-07-13 03:01:27'),(148,55,2,12,2016,2017,2,6,0,9,0,6,15,0,0,1,NULL,NULL,'2017-07-13 03:01:27'),(147,56,2,12,2016,2017,2,0,0,12,0,0,12,0,0,0,NULL,NULL,'2017-07-13 03:01:27'),(146,57,2,12,2016,2017,2,0,0,0,0,0,0,0,0,0,NULL,NULL,'2017-07-13 03:01:27'),(145,58,2,12,2016,2017,2,0,0,12,0,0,12,0,0,0,NULL,NULL,'2017-07-13 03:01:27'),(144,59,2,12,2016,2017,2,0,0,0,0,0,0,0,0,0,NULL,NULL,'2017-07-13 03:01:27'),(143,60,2,12,2016,2017,2,9,0,3,0,9,12,0,0,1,NULL,NULL,'2017-07-13 03:01:27'),(142,61,2,12,2016,2017,2,21,0,3,0,21,24,0,0,1,NULL,NULL,'2017-07-13 03:01:27'),(141,62,2,12,2016,2017,2,0,0,0,0,0,0,0,0,0,NULL,NULL,'2017-07-13 03:01:27'),(140,63,2,12,2016,2017,2,0,0,0,0,0,0,0,0,0,NULL,NULL,'2017-07-13 03:01:27'),(139,64,2,12,2016,2017,2,0,0,0,0,0,0,0,0,0,NULL,NULL,'2017-07-13 03:01:27'),(138,65,2,12,2016,2017,2,0,0,0,0,0,0,0,0,0,NULL,NULL,'2017-07-13 03:01:27'),(137,66,2,12,2016,2017,2,0,0,0,0,0,0,0,0,0,NULL,NULL,'2017-07-13 03:01:27'),(136,67,2,12,2016,2017,2,0,0,0,0,0,0,0,0,0,NULL,NULL,'2017-07-13 03:01:27'),(135,68,2,12,2016,2017,2,0,0,0,0,0,0,0,0,0,NULL,NULL,'2017-07-13 03:01:27'),(134,69,2,12,2016,2017,2,0,0,0,0,0,0,0,0,0,NULL,NULL,'2017-07-13 03:01:27'),(133,70,2,12,2016,2017,2,0,0,12,0,0,12,0,0,0,NULL,NULL,'2017-07-13 03:01:27'),(132,71,2,12,2016,2017,2,0,0,0,0,0,0,0,0,0,NULL,NULL,'2017-07-13 03:01:27'),(178,89,2,11,2016,2017,2,0,0,3,0,0,3,0,0,0,NULL,NULL,'2017-07-13 03:01:27'),(179,90,2,11,2016,2017,2,0,0,3,0,0,3,0,0,0,NULL,NULL,'2017-07-13 03:01:27'),(180,91,7,40,2016,2017,2,0,0,3,0,0,3,0,0,0,NULL,NULL,'2017-07-13 03:01:27'),(181,92,2,10,2016,2017,2,0,0,3,0,0,3,0,0,0,NULL,NULL,'2017-07-13 03:01:27'),(182,71,2,12,2012,2013,2,0,0,9,0,0,9,0,0,0,NULL,NULL,'2017-07-13 03:01:27'),(183,70,2,12,2012,2013,2,0,0,12,0,0,12,0,0,0,NULL,NULL,'2017-07-13 03:01:27'),(184,69,2,12,2012,2013,2,0,0,3,0,0,3,0,0,0,NULL,NULL,'2017-07-13 03:01:27'),(185,68,2,12,2012,2013,2,0,0,9,0,0,9,0,0,0,NULL,NULL,'2017-07-13 03:01:27'),(186,67,2,12,2012,2013,2,0,0,6,0,0,6,0,0,0,NULL,NULL,'2017-07-13 03:01:27'),(187,66,2,12,2012,2013,2,0,0,3,0,0,3,0,0,0,NULL,NULL,'2017-07-13 03:01:27'),(188,65,2,12,2012,2013,2,0,0,9,0,0,9,0,0,0,NULL,NULL,'2017-07-13 03:01:27'),(189,64,2,12,2012,2013,2,0,0,12,0,0,12,0,0,0,NULL,NULL,'2017-07-13 03:01:27'),(190,63,2,12,2012,2013,2,0,0,14,2,0,14,0,0,0,NULL,NULL,'2017-07-13 03:01:27'),(191,62,2,12,2012,2013,2,0,0,16,0,0,16,0,0,0,NULL,NULL,'2017-07-13 03:01:27'),(192,61,2,12,2012,2013,2,0,6,3,0,6,9,0,1,0,NULL,NULL,'2017-07-13 03:01:27'),(193,60,2,12,2012,2013,2,0,3,9,0,3,12,0,1,0,NULL,NULL,'2017-07-13 03:01:27'),(194,59,2,12,2012,2013,2,0,6,9,0,6,15,0,1,0,NULL,NULL,'2017-07-13 03:01:27'),(195,58,2,12,2012,2013,2,0,0,12,0,0,12,0,0,0,NULL,NULL,'2017-07-13 03:01:27'),(196,57,2,12,2012,2013,2,12,0,0,0,12,12,0,0,1,NULL,NULL,'2017-07-13 03:01:27'),(197,56,2,12,2012,2013,2,3,0,6,0,3,9,0,0,1,NULL,NULL,'2017-07-13 03:01:27'),(198,55,2,12,2012,2013,2,3,6,9,0,9,18,0,1,1,NULL,NULL,'2017-07-13 03:01:27'),(199,54,2,12,2012,2013,2,0,0,12,0,0,12,0,0,0,NULL,NULL,'2017-07-13 03:01:27'),(200,53,2,12,2012,2013,2,6,6,0,0,12,12,0,1,1,NULL,NULL,'2017-07-13 03:01:27'),(201,52,2,12,2012,2013,2,3,0,9,0,3,12,0,0,1,NULL,NULL,'2017-07-13 03:01:27'),(202,51,2,12,2012,2013,2,0,0,12,0,0,12,0,0,0,NULL,NULL,'2017-07-13 03:01:27'),(203,50,2,12,2012,2013,2,10,0,3,0,10,13,0,0,1,NULL,NULL,'2017-07-13 03:01:27'),(204,49,2,12,2012,2013,2,0,0,12,0,0,12,0,0,0,NULL,NULL,'2017-07-13 03:01:27'),(205,48,2,12,2012,2013,2,0,0,12,0,0,12,0,0,0,NULL,NULL,'2017-07-13 03:01:27'),(206,47,2,12,2012,2013,2,3,0,9,0,3,12,0,0,1,NULL,NULL,'2017-07-13 03:01:27'),(207,46,2,12,2012,2013,2,0,0,21,0,0,21,0,0,0,NULL,NULL,'2017-07-13 03:01:27'),(208,45,2,12,2012,2013,2,0,0,12,0,0,12,0,0,0,NULL,NULL,'2017-07-13 03:01:27'),(209,44,2,12,2012,2013,2,6,0,9,0,6,15,0,0,1,NULL,NULL,'2017-07-13 03:01:27'),(210,43,2,12,2012,2013,2,12,0,3,0,12,15,0,0,1,NULL,NULL,'2017-07-13 03:01:27'),(211,72,9,42,2012,2013,2,0,0,0,0,0,0,0,0,0,NULL,NULL,'2017-07-13 03:01:27'),(212,73,2,12,2012,2013,2,0,0,0,0,0,0,0,0,0,NULL,NULL,'2017-07-13 03:01:27'),(213,74,2,12,2012,2013,2,0,0,0,0,0,0,0,0,0,NULL,NULL,'2017-07-13 03:01:27'),(214,75,2,10,2012,2013,2,0,0,0,0,0,0,0,0,0,NULL,NULL,'2017-07-13 03:01:27'),(215,76,2,12,2012,2013,2,0,0,0,0,0,0,0,0,0,NULL,NULL,'2017-07-13 03:01:27'),(216,77,2,12,2012,2013,2,0,0,0,0,0,0,0,0,0,NULL,NULL,'2017-07-13 03:01:27'),(217,78,2,12,2012,2013,2,0,0,0,0,0,0,0,0,0,NULL,NULL,'2017-07-13 03:01:27'),(218,79,2,12,2012,2013,2,0,0,0,0,0,0,0,0,0,NULL,NULL,'2017-07-13 03:01:27'),(219,80,2,12,2012,2013,2,0,0,0,0,0,0,0,0,0,NULL,NULL,'2017-07-13 03:01:27'),(220,81,2,12,2012,2013,2,0,0,0,0,0,0,0,0,0,NULL,NULL,'2017-07-13 03:01:27'),(221,82,2,12,2012,2013,2,0,0,0,0,0,0,0,0,0,NULL,NULL,'2017-07-13 03:01:27'),(222,83,2,12,2012,2013,2,0,0,0,0,0,0,0,0,0,NULL,NULL,'2017-07-13 03:01:27'),(223,84,2,12,2012,2013,2,0,0,0,0,0,0,0,0,0,NULL,NULL,'2017-07-13 03:01:27'),(224,85,2,12,2012,2013,2,0,0,0,0,0,0,0,0,0,NULL,NULL,'2017-07-13 03:01:27'),(225,86,2,12,2012,2013,2,0,0,0,0,0,0,0,0,0,NULL,NULL,'2017-07-13 03:01:27'),(226,87,2,12,2012,2013,2,0,0,0,0,0,0,0,0,0,NULL,NULL,'2017-07-13 03:01:27'),(227,88,2,12,2012,2013,2,0,0,0,0,0,0,0,0,0,NULL,NULL,'2017-07-13 03:01:27'),(228,89,2,11,2012,2013,2,0,0,0,0,0,0,0,0,0,NULL,NULL,'2017-07-13 03:01:27'),(229,90,2,11,2012,2013,2,0,0,0,0,0,0,0,0,0,NULL,NULL,'2017-07-13 03:01:27'),(230,91,7,40,2012,2013,2,0,0,0,0,0,0,0,0,0,NULL,NULL,'2017-07-13 03:01:27'),(231,92,2,10,2012,2013,2,0,0,0,0,0,0,0,0,0,NULL,NULL,'2017-07-13 03:01:27'),(232,71,2,12,2016,2017,1,0,0,0,0,0,0,0,0,0,NULL,NULL,'2017-07-13 03:01:27'),(233,70,2,12,2016,2017,1,0,0,12,0,0,12,0,0,0,NULL,NULL,'2017-07-13 03:01:27'),(234,69,2,12,2016,2017,1,0,0,0,0,0,0,0,0,0,NULL,NULL,'2017-07-13 03:01:27'),(235,68,2,12,2016,2017,1,0,0,0,0,0,0,0,0,0,NULL,NULL,'2017-07-13 03:01:27'),(236,67,2,12,2016,2017,1,0,0,0,0,0,0,0,0,0,NULL,NULL,'2017-07-13 03:01:27'),(237,66,2,12,2016,2017,1,0,0,0,0,0,0,0,0,0,NULL,NULL,'2017-07-13 03:01:27'),(238,65,2,12,2016,2017,1,0,0,0,0,0,0,0,0,0,NULL,NULL,'2017-07-13 03:01:27'),(239,64,2,12,2016,2017,1,0,0,0,0,0,0,0,0,0,NULL,NULL,'2017-07-13 03:01:27'),(240,63,2,12,2016,2017,1,0,0,0,0,0,0,0,0,0,NULL,NULL,'2017-07-13 03:01:27'),(241,62,2,12,2016,2017,1,0,0,0,0,0,0,0,0,0,NULL,NULL,'2017-07-13 03:01:27'),(242,61,2,12,2016,2017,1,21,0,6,0,21,27,0,0,1,NULL,NULL,'2017-07-13 03:01:27'),(243,60,2,12,2016,2017,1,9,0,6,0,9,15,0,0,1,NULL,NULL,'2017-07-13 03:01:27'),(244,59,2,12,2016,2017,1,0,0,18,0,0,18,0,0,0,NULL,NULL,'2017-07-13 03:01:27'),(245,58,2,12,2016,2017,1,0,0,15,0,0,15,0,0,0,NULL,NULL,'2017-07-13 03:01:27'),(246,57,2,12,2016,2017,1,0,0,0,0,0,0,0,0,0,NULL,NULL,'2017-07-13 03:01:27'),(247,56,2,12,2016,2017,1,0,0,0,0,0,0,0,0,0,NULL,NULL,'2017-07-13 03:01:27'),(248,55,2,12,2016,2017,1,6,3,3,0,9,12,0,1,1,NULL,NULL,'2017-07-13 03:01:27'),(249,54,2,12,2016,2017,1,0,0,12,0,0,12,0,0,0,NULL,NULL,'2017-07-13 03:01:27'),(250,53,2,12,2016,2017,1,0,0,12,0,0,12,0,0,0,NULL,NULL,'2017-07-13 03:01:27'),(251,52,2,12,2016,2017,1,0,0,0,0,0,0,0,0,0,NULL,NULL,'2017-07-13 03:01:27'),(252,51,2,12,2016,2017,1,0,0,0,0,0,0,0,0,0,NULL,NULL,'2017-07-13 03:01:27'),(253,50,2,12,2016,2017,1,12,0,0,0,12,12,0,0,1,NULL,NULL,'2017-07-13 03:01:27'),(254,49,2,12,2016,2017,1,3,0,6,0,3,9,0,0,1,NULL,NULL,'2017-07-13 03:01:27'),(255,48,2,12,2016,2017,1,0,0,0,0,0,0,0,0,0,NULL,NULL,'2017-07-13 03:01:27'),(256,47,2,12,2016,2017,1,0,0,0,0,0,0,0,0,0,NULL,NULL,'2017-07-13 03:01:27'),(257,46,2,12,2016,2017,1,0,0,12,0,0,12,0,0,0,NULL,NULL,'2017-07-13 03:01:27'),(258,45,2,12,2016,2017,1,0,0,0,0,0,0,0,0,0,NULL,NULL,'2017-07-13 03:01:27'),(259,44,2,12,2016,2017,1,12,0,0,0,12,12,0,0,1,NULL,NULL,'2017-07-13 03:01:27'),(260,43,2,12,2016,2017,1,9,0,6,0,9,15,0,0,1,NULL,NULL,'2017-07-13 03:01:27'),(261,72,9,42,2016,2017,1,0,0,3,0,0,3,0,0,0,NULL,NULL,'2017-07-13 03:01:27'),(262,73,2,12,2016,2017,1,6,0,6,0,6,12,0,0,1,NULL,NULL,'2017-07-13 03:01:27'),(263,74,2,12,2016,2017,1,0,0,12,0,0,12,0,0,0,NULL,NULL,'2017-07-13 03:01:27'),(264,75,2,10,2016,2017,1,0,0,18,0,0,18,0,0,0,NULL,NULL,'2017-07-13 03:01:27'),(265,76,2,12,2016,2017,1,3,0,11,0,3,14,0,0,1,NULL,NULL,'2017-07-13 03:01:27'),(266,77,2,12,2016,2017,1,0,0,15,0,0,15,0,0,0,NULL,NULL,'2017-07-13 03:01:27'),(267,78,2,12,2016,2017,1,0,0,15,0,0,15,0,0,0,NULL,NULL,'2017-07-13 03:01:27'),(268,79,2,12,2016,2017,1,0,0,12,0,0,12,0,0,0,NULL,NULL,'2017-07-13 03:01:27'),(269,80,2,12,2016,2017,1,10,0,9,0,10,19,0,0,1,NULL,NULL,'2017-07-13 03:01:27'),(270,81,2,12,2016,2017,1,0,3,15,0,3,18,0,1,0,NULL,NULL,'2017-07-13 03:01:27'),(271,82,2,12,2016,2017,1,6,0,9,0,6,15,0,0,1,NULL,NULL,'2017-07-13 03:01:27'),(272,83,2,12,2016,2017,1,0,3,21,0,3,24,0,1,0,NULL,NULL,'2017-07-13 03:01:27'),(273,84,2,12,2016,2017,1,0,0,12,0,0,12,0,0,0,NULL,NULL,'2017-07-13 03:01:27'),(274,85,2,12,2016,2017,1,0,0,0,0,0,0,0,0,0,NULL,NULL,'2017-07-13 03:01:27'),(275,86,2,12,2016,2017,1,0,0,3,0,0,3,0,0,0,NULL,NULL,'2017-07-13 03:01:27'),(276,87,2,12,2016,2017,1,0,0,6,0,0,6,0,0,0,NULL,NULL,'2017-07-13 03:01:27'),(277,88,2,12,2016,2017,1,0,0,15,0,0,15,0,0,0,NULL,NULL,'2017-07-13 03:01:27'),(278,89,2,11,2016,2017,1,0,0,0,0,0,0,0,0,0,NULL,NULL,'2017-07-13 03:01:27'),(279,90,2,11,2016,2017,1,0,0,0,0,0,0,0,0,0,NULL,NULL,'2017-07-13 03:01:27'),(280,91,7,40,2016,2017,1,0,0,0,0,0,0,0,0,0,NULL,NULL,'2017-07-13 03:01:27'),(281,92,2,10,2016,2017,1,0,0,0,0,0,0,0,0,0,NULL,NULL,'2017-07-13 03:01:27'),(282,93,2,12,2016,2017,1,0,3,12,0,3,15,0,1,0,NULL,NULL,'2017-07-13 03:01:27'),(283,94,2,10,2016,2017,1,0,0,3,0,0,3,0,0,0,NULL,NULL,'2017-07-13 03:01:27'),(284,95,2,10,2016,2017,1,0,0,6,0,0,6,0,0,0,NULL,NULL,'2017-07-13 03:01:27'),(285,96,2,10,2016,2017,1,0,0,3,0,0,3,0,0,0,NULL,NULL,'2017-07-13 03:01:27'),(286,97,2,12,2016,2017,1,0,0,6,0,0,6,0,0,0,NULL,NULL,'2017-07-13 03:01:27'),(287,98,2,12,2016,2017,1,0,0,6,0,0,6,0,0,0,NULL,NULL,'2017-07-13 03:01:27');
/*!40000 ALTER TABLE `loads` ENABLE KEYS */;
UNLOCK TABLES;

--
-- Table structure for table `offering`
--

DROP TABLE IF EXISTS `offering`;
/*!40101 SET @saved_cs_client     = @@character_set_client */;
/*!40101 SET character_set_client = utf8 */;
CREATE TABLE `offering` (
  `offering_id` int(11) NOT NULL AUTO_INCREMENT,
  `course_id` int(11) DEFAULT NULL,
  `faculty_id` int(11) DEFAULT NULL,
  `degree_program` varchar(45) DEFAULT NULL,
  `section` varchar(4) DEFAULT NULL,
  `batch` int(11) DEFAULT NULL,
  `term` int(11) DEFAULT NULL,
  `start_year` int(11) DEFAULT NULL,
  `end_year` int(11) DEFAULT NULL,
  `max_students_enrolled` int(11) DEFAULT NULL,
  `curr_students_enrolled` int(11) DEFAULT NULL,
  `is_non_acad` int(11) DEFAULT NULL,
  `is_shs` int(11) DEFAULT NULL,
  `is_service_course` int(11) DEFAULT NULL,
  `servicedept_id` int(11) DEFAULT NULL,
  `is_masters` int(11) DEFAULT NULL,
  `is_elective` int(11) DEFAULT NULL,
  `elective_type` varchar(7) DEFAULT NULL,
  `description` varchar(100) DEFAULT NULL,
  `status` varchar(45) DEFAULT NULL,
  `location` varchar(45) DEFAULT NULL,
  `iteo_eval` float DEFAULT NULL,
  `time_stamp` timestamp NOT NULL DEFAULT CURRENT_TIMESTAMP ON UPDATE CURRENT_TIMESTAMP,
  PRIMARY KEY (`offering_id`)
) ENGINE=MyISAM AUTO_INCREMENT=670 DEFAULT CHARSET=latin1;
/*!40101 SET character_set_client = @saved_cs_client */;

--
-- Dumping data for table `offering`
--

LOCK TABLES `offering` WRITE;
/*!40000 ALTER TABLE `offering` DISABLE KEYS */;
INSERT INTO `offering` VALUES (443,1388,44,'MSCS','G01',113,2,2012,2013,14,14,0,0,0,0,0,0,'','','Regular','Main',5,'2017-07-13 03:01:27'),(442,1387,44,'3-ST','S18',113,2,2012,2013,33,33,0,0,0,0,0,0,'','','Regular','Main',5,'2017-07-13 03:01:27'),(440,1385,43,'-ADM','',113,2,2012,2013,0,0,0,0,0,0,0,0,'','','Regular','Main',5,'2017-07-13 03:01:27'),(441,1386,44,'-ADM ','',113,2,2012,2013,0,0,0,0,0,0,0,0,'','','Regular','Main',5,'2017-07-13 03:01:27'),(439,1384,43,'MSCS','G01',113,2,2012,2013,4,4,0,0,0,0,0,0,'','','Regular','Main',5,'2017-07-13 03:01:27'),(438,1383,92,'GRAD','',113,2,2016,2017,5,5,0,0,1,10,0,0,'','','Regular','Main',5,'2017-07-13 03:01:27'),(437,1375,91,'ST-4','S18',113,2,2016,2017,20,20,0,0,1,40,0,1,'SPELEC2','','Regular','Main',5,'2017-07-13 03:01:27'),(436,1322,90,'ST-3','S16',113,2,2016,2017,19,19,0,0,1,11,0,0,'','','Regular','Main',5,'2017-07-13 03:01:27'),(435,1382,89,'CSS4','X22',113,2,2016,2017,10,10,0,0,1,11,0,1,'SPELEC2','','Regular','STC',5,'2017-07-13 03:01:27'),(434,1381,72,'ST-4','S17',113,2,2016,2017,0,0,0,0,1,0,0,1,'SPELEC2','','Regular','Main',5,'2017-07-13 03:01:27'),(431,1345,88,'1-IRR','S18',113,2,2016,2017,21,21,0,0,0,0,0,0,'','','Regular','Main',5,'2017-07-13 03:01:27'),(432,1379,88,'IRR','S14',113,2,2016,2017,17,17,0,0,0,0,0,0,'','','Regular','Main',5,'2017-07-13 03:01:27'),(433,1380,88,'IRR','S11',113,2,2016,2017,20,20,0,0,0,0,0,0,'','','Regular','Main',5,'2017-07-13 03:01:27'),(430,1378,88,'MSIT','G1',113,2,2016,2017,16,16,0,0,0,0,0,0,'','','Regular','Main',5,'2017-07-13 03:01:27'),(427,1375,87,'ST-4','S20',113,2,2016,2017,20,20,0,0,0,0,0,1,'SPELEC2','','Regular','Main',5,'2017-07-13 03:01:27'),(428,1376,87,'IRR','S14',113,2,2016,2017,22,22,0,0,0,0,0,0,'','','Regular','Main',5,'2017-07-13 03:01:27'),(429,1377,88,'GRAD','G1',113,2,2016,2017,5,5,0,0,0,0,0,0,'','','Regular','Main',5,'2017-07-13 03:01:27'),(426,1374,86,'CSS2','X22',113,2,2016,2017,31,31,0,0,0,0,0,0,'','','Regular','STC',5,'2017-07-13 03:01:27'),(425,1339,86,'CSS2','X22',113,2,2016,2017,31,31,0,0,0,0,0,0,'','','Regular','STC',5,'2017-07-13 03:01:27'),(424,1355,86,'CSS3','X22',113,2,2016,2017,16,16,0,0,0,0,0,0,'','','Regular','STC',5,'2017-07-13 03:01:27'),(423,1373,85,'CSE-3','S11',113,2,2016,2017,31,31,0,0,0,0,0,0,'','','Regular','Main',5,'2017-07-13 03:01:27'),(422,1372,84,'SHS','11-Q',113,2,2016,2017,0,0,0,1,0,0,0,0,'','','Regular','Main',5,'2017-07-13 03:01:27'),(421,1372,84,'SHS','11-S',113,2,2016,2017,0,0,0,1,0,0,0,0,'','','Regular','Main',5,'2017-07-13 03:01:27'),(420,1371,84,'IS-2','S14',113,2,2016,2017,11,11,0,0,0,0,0,0,'','','Regular','Main',5,'2017-07-13 03:01:27'),(419,1371,84,'IS-2','S15',113,2,2016,2017,26,26,0,0,0,0,0,0,'','','Regular','Main',5,'2017-07-13 03:01:27'),(418,1370,61,'DIT','G1',113,2,2016,2017,12,12,0,0,0,0,0,0,'','','Regular','Main',5,'2017-07-13 03:01:27'),(417,1316,61,'ADMIN','',113,2,2016,2017,0,0,0,0,0,0,0,0,'','','Regular','Main',5,'2017-07-13 03:01:27'),(416,1369,61,'ADMIN','',113,2,2016,2017,0,0,0,0,0,0,0,0,'','','Regular','Main',5,'2017-07-13 03:01:27'),(415,1316,60,'ADMIN','',113,2,2016,2017,0,0,0,0,0,0,0,0,'','','Regular','Main',5,'2017-07-13 03:01:27'),(413,1325,83,'EA','',113,2,2016,2017,0,0,0,0,0,0,0,0,'','','Regular','Main',5,'2017-07-13 03:01:27'),(414,1322,60,'CSS3 CS','X22',113,2,2016,2017,23,23,0,0,0,0,0,0,'','','Regular','STC',5,'2017-07-13 03:01:27'),(412,1351,83,'','',113,2,2016,2017,0,0,0,0,0,0,0,0,'','','Regular','Main',5,'2017-07-13 03:01:27'),(411,1367,83,'ST-3','S18',113,2,2016,2017,0,0,0,0,0,0,0,0,'','','Regular','Main',5,'2017-07-13 03:01:27'),(410,1367,83,'ST-3','S17',113,2,2016,2017,0,0,0,0,0,0,0,0,'','','Regular','Main',5,'2017-07-13 03:01:27'),(408,1366,58,'GRAD','G1',113,2,2016,2017,9,9,0,0,0,0,0,0,'','','Regular','Main',5,'2017-07-13 03:01:27'),(409,1339,83,'ST-2','S18',113,2,2016,2017,33,33,0,0,0,0,0,0,'','','Regular','Main',5,'2017-07-13 03:01:27'),(407,1315,58,'2-IRR','S19',113,2,2016,2017,20,20,0,0,0,0,0,0,'','','Regular','Main',5,'2017-07-13 03:01:27'),(406,1315,58,'1-CS','S18A',113,2,2016,2017,22,22,0,0,0,0,0,0,'','','Regular','Main',5,'2017-07-13 03:01:27'),(405,1315,58,'1-CS','S17B',113,2,2016,2017,22,22,0,0,0,0,0,0,'','','Regular','Main',5,'2017-07-13 03:01:27'),(404,1365,82,'GRAD','G1',113,2,2016,2017,15,15,0,0,0,0,0,0,'','','Regular','Main',5,'2017-07-13 03:01:27'),(403,1351,82,'URCO','',113,2,2016,2017,0,0,0,0,0,0,0,0,'','','Regular','Main',5,'2017-07-13 03:01:27'),(402,1363,82,'ADMIN','',113,2,2016,2017,0,0,0,0,0,0,0,0,'','','Regular','Main',5,'2017-07-13 03:01:27'),(401,1362,82,'ST-4','S19',113,2,2016,2017,16,16,0,0,0,0,0,1,'SPELEC2','','Regular','Main',5,'2017-07-13 03:01:27'),(400,1355,56,'ST-3','S19',113,2,2016,2017,17,17,0,0,0,0,0,0,'','','Regular','Main',5,'2017-07-13 03:01:27'),(399,1338,56,'ST-4','S17',113,2,2016,2017,42,42,0,0,0,0,0,0,'','','Regular','Main',5,'2017-07-13 03:01:27'),(398,1338,56,'ST-4','S18',113,2,2016,2017,44,44,0,0,0,0,0,0,'','','Regular','Main',5,'2017-07-13 03:01:27'),(397,1338,56,'ST-4','S19',113,2,2016,2017,7,7,0,0,0,0,0,0,'','','Regular','Main',5,'2017-07-13 03:01:27'),(396,1361,55,'ADMIN','',113,2,2016,2017,0,0,0,0,0,0,0,0,'','','Regular','Main',5,'2017-07-13 03:01:27'),(395,1326,55,'SHS','11-C',113,2,2016,2017,43,43,0,0,0,0,0,0,'','','Regular','Main',5,'2017-07-13 03:01:27'),(394,1322,55,'ST-4','S19',113,2,2016,2017,35,35,0,0,0,0,0,0,'','','Regular','Main',5,'2017-07-13 03:01:27'),(393,1322,55,'ST-4','S18',113,2,2016,2017,37,37,0,0,0,0,0,0,'','','Regular','Main',5,'2017-07-13 03:01:27'),(392,1351,81,'URCO','',113,2,2016,2017,0,0,0,0,0,0,0,0,'','','Regular','Main',5,'2017-07-13 03:01:27'),(391,1359,81,'CSS4','X22',113,2,2016,2017,0,0,0,0,0,0,0,0,'','','Regular','STC',5,'2017-07-13 03:01:27'),(390,1358,81,'ST-4','S19',113,2,2016,2017,0,0,0,0,0,0,0,0,'','','Regular','Main',5,'2017-07-13 03:01:27'),(388,1356,81,'ST-4','S17',113,2,2016,2017,0,0,0,0,0,0,0,0,'','','Regular','Main',5,'2017-07-13 03:01:27'),(389,1357,81,'ST-4','S18',113,2,2016,2017,0,0,0,0,0,0,0,0,'','','Regular','Main',5,'2017-07-13 03:01:27'),(386,1314,81,'IT-3','S15',113,2,2016,2017,24,24,0,0,0,0,0,0,'','','Regular','Main',5,'2017-07-13 03:01:27'),(387,1355,81,'ST-3','S18',113,2,2016,2017,20,20,0,0,0,0,0,0,'','','Regular','Main',5,'2017-07-13 03:01:27'),(385,1355,81,'ST-3','S17',113,2,2016,2017,28,28,0,0,0,0,0,0,'','','Regular','Main',5,'2017-07-13 03:01:27'),(383,1353,80,'ADMIN','',113,2,2016,2017,0,0,0,0,0,0,0,0,'','','Regular','Main',5,'2017-07-13 03:01:27'),(384,1354,80,'ADMIN','',113,2,2016,2017,0,0,0,0,0,0,0,0,'','','Regular','Main',5,'2017-07-13 03:01:27'),(381,1351,53,'URCO','',113,2,2016,2017,0,0,0,0,0,0,0,0,'','','Regular','Main',5,'2017-07-13 03:01:27'),(382,1352,54,'ADMIN','',113,2,2016,2017,0,0,0,0,0,0,0,0,'','','Regular','Main',5,'2017-07-13 03:01:27'),(380,1315,53,'1-CS','S18B',113,2,2016,2017,18,18,0,0,0,0,0,0,'','','Regular','Main',5,'2017-07-13 03:01:27'),(379,1315,53,'1-CS','S17A',113,2,2016,2017,19,19,0,0,0,0,0,0,'','','Regular','Main',5,'2017-07-13 03:01:27'),(378,1324,79,'GRAD','',113,2,2016,2017,3,3,0,0,0,0,0,0,'','','Special','STC',5,'2017-07-13 03:01:27'),(377,1350,79,'','',113,2,2016,2017,0,0,0,0,0,0,0,0,'','','Special','Main',5,'2017-07-13 03:01:27'),(376,1349,79,'CSE-2','S11',113,2,2016,2017,44,44,0,0,0,0,0,0,'','','Regular','Main',5,'2017-07-13 03:01:27'),(375,1349,79,'NE-2','S13',113,2,2016,2017,26,26,0,0,0,0,0,0,'','','Regular','Main',5,'2017-07-13 03:01:27'),(374,1349,79,'NE-2','S12',113,2,2016,2017,16,16,0,0,0,0,0,0,'','','Regular','Main',5,'2017-07-13 03:01:27'),(373,1327,79,'CSS2-IR','X22',113,2,2016,2017,14,14,0,0,0,0,0,0,'','','Regular','STC',5,'2017-07-13 03:01:27'),(372,1348,50,'ADMIN','',113,2,2016,2017,0,0,0,0,0,0,0,0,'','','Regular','Main',5,'2017-07-13 03:01:27'),(371,1347,78,'','',113,2,2016,2017,1,1,0,0,0,0,0,0,'','','Special','Main',5,'2017-07-13 03:01:27'),(369,1345,78,'1-IRR','S19',113,2,2016,2017,14,14,0,0,0,0,0,0,'','','Regular','Main',5,'2017-07-13 03:01:27'),(370,1346,78,'','',113,2,2016,2017,6,6,0,0,0,0,0,0,'','','Special','Main',5,'2017-07-13 03:01:27'),(368,1344,78,'SHS','11-R',113,2,2016,2017,0,0,0,1,0,0,0,0,'','','Regular','Main',5,'2017-07-13 03:01:27'),(367,1343,78,'IRR','S15',113,2,2016,2017,29,29,0,0,0,0,0,0,'','','Regular','Main',5,'2017-07-13 03:01:27'),(366,1342,78,'ADMIN','',113,2,2016,2017,0,0,0,0,0,0,0,0,'','','Regular','Main',5,'2017-07-13 03:01:27'),(365,1341,77,'','',113,2,2016,2017,0,0,0,0,0,0,0,0,'','','Special','Main',5,'2017-07-13 03:01:27'),(364,1340,77,'GRAD','G1',113,2,2016,2017,6,6,0,0,0,0,0,0,'','','Regular','Main',5,'2017-07-13 03:01:27'),(363,1339,77,'ST-2','S19',113,2,2016,2017,44,44,0,0,0,0,0,0,'','','Regular','Main',5,'2017-07-13 03:01:27'),(362,1339,77,'ST-2','S17',113,2,2016,2017,15,15,0,0,0,0,0,0,'','','Regular','Main',5,'2017-07-13 03:01:27'),(361,1338,77,'CSS4','X22',113,2,2016,2017,12,12,0,0,0,0,0,0,'','','Regular','STC',5,'2017-07-13 03:01:27'),(360,1337,76,'','',113,2,2016,2017,2,2,0,0,0,0,0,0,'','','Special','Main',5,'2017-07-13 03:01:27'),(359,1336,76,'URCO','',113,2,2016,2017,0,0,0,0,0,0,0,0,'','','Regular','Main',5,'2017-07-13 03:01:27'),(356,1333,76,'GRAD','G1',113,2,2016,2017,15,15,0,0,0,0,0,0,'','','Regular','Main',5,'2017-07-13 03:01:27'),(358,1335,76,'NE-2','S12B',113,2,2016,2017,22,22,0,0,0,0,0,0,'','','Regular','Main',5,'2017-07-13 03:01:27'),(357,1334,76,'NE-2','S12B',113,2,2016,2017,22,22,0,0,0,0,0,0,'','','Regular','Main',5,'2017-07-13 03:01:27'),(354,1329,75,'NE-2','S13',113,2,2016,2017,30,30,0,0,0,0,0,0,'','','Regular','Main',5,'2017-07-13 03:01:27'),(355,1332,76,'ADMIN','',113,2,2016,2017,0,0,0,0,0,0,0,0,'','','Regular','Main',5,'2017-07-13 03:01:27'),(353,1331,75,'SHS','11-P',113,2,2016,2017,0,0,0,1,0,0,0,0,'','','Regular','Main',5,'2017-07-13 03:01:27'),(352,1330,75,'CSE-4','S11',113,2,2016,2017,24,24,0,0,0,0,0,1,'SPELEC2','','Regular','Main',5,'2017-07-13 03:01:27'),(351,1329,75,'CSE-2','S11',113,2,2016,2017,26,26,0,0,0,0,0,0,'','','Regular','Main',5,'2017-07-13 03:01:27'),(350,1328,74,'SHS','',113,2,2016,2017,0,0,0,1,0,0,0,0,'','','Regular','Main',5,'2017-07-13 03:01:27'),(349,1327,74,'1-CS','S17',113,2,2016,2017,45,45,0,0,0,0,0,0,'','','Regular','Main',5,'2017-07-13 03:01:27'),(347,1327,74,'IRR','S19',113,2,2016,2017,45,45,0,0,0,0,0,0,'','','Regular','Main',5,'2017-07-13 03:01:27'),(348,1327,74,'1-CS','S18',113,2,2016,2017,40,40,0,0,0,0,0,0,'','','Regular','Main',5,'2017-07-13 03:01:27'),(346,1326,49,'SHS','11-F',113,2,2016,2017,0,0,0,1,0,0,0,0,'','','Regular','Main',5,'2017-07-13 03:01:27'),(345,1325,49,'','',113,2,2016,2017,0,0,0,0,0,0,0,0,'','','Regular','Main',5,'2017-07-13 03:01:27'),(343,1323,49,'ADMIN','',113,2,2016,2017,0,0,0,0,0,0,0,0,'','','Regular','Main',5,'2017-07-13 03:01:27'),(344,1324,49,'GRAD','G1',113,2,2016,2017,15,15,0,0,0,0,0,0,'','','Regular','Main',5,'2017-07-13 03:01:27'),(342,1322,73,'ST-4','S17',113,2,2016,2017,44,44,0,0,0,0,0,0,'','','Regular','Main',5,'2017-07-13 03:01:27'),(341,1322,73,'ST-3','S15',113,2,2016,2017,30,30,0,0,0,0,0,0,'','','Regular','Main',5,'2017-07-13 03:01:27'),(340,1321,73,'ADMIN','',113,2,2016,2017,0,0,0,0,0,0,0,0,'','','Regular','Main',5,'2017-07-13 03:01:27'),(339,1312,46,'ST-2','S18',113,2,2016,2017,34,34,0,0,0,0,0,0,'','','Regular','Main',5,'2017-07-13 03:01:27'),(338,1312,46,'ST-2','S17',113,2,2016,2017,17,17,0,0,0,0,0,0,'','','Regular','Main',5,'2017-07-13 03:01:27'),(337,1320,46,'GRAD','G1',113,2,2016,2017,14,14,0,0,0,0,0,0,'','','Regular','Main',5,'2017-07-13 03:01:27'),(336,1319,46,'NE-3','S12',113,2,2016,2017,19,19,0,0,0,0,0,0,'','','Regular','Main',5,'2017-07-13 03:01:27'),(335,1318,44,'ADMIN','',113,2,2016,2017,0,0,0,0,0,0,0,0,'','','Regular','Main',5,'2017-07-13 03:01:27'),(334,1317,43,'GRAD','G1',113,2,2016,2017,11,11,0,0,0,0,0,0,'','','Regular','Main',5,'2017-07-13 03:01:27'),(333,1316,43,'ADMIN','',113,2,2016,2017,0,0,0,0,0,0,0,0,'','','Regular','Main',5,'2017-07-13 03:01:27'),(332,1315,70,'CSS-IRR','X22',113,2,2016,2017,7,7,0,0,0,0,0,0,'','','Regular','STC',5,'2017-07-13 03:01:27'),(331,1314,70,'IT-3','S14',113,2,2016,2017,15,15,0,0,0,0,0,0,'','','Regular','Main',5,'2017-07-13 03:01:27'),(330,1313,70,'IS-2','S21',113,2,2016,2017,22,22,0,0,0,0,0,0,'','','Regular','Main',5,'2017-07-13 03:01:27'),(329,1312,70,'ST-2','S19',113,2,2016,2017,22,22,0,0,0,0,0,0,'','','Regular','Main',5,'2017-07-13 03:01:27'),(444,1389,44,'SC','SS1',113,2,2012,2013,2,2,0,0,0,0,0,0,'','','Regular','Main',5,'2017-07-13 03:01:27'),(445,1327,45,'1-CS','S14',113,2,2012,2013,43,43,0,0,0,0,0,0,'','','Regular','Main',5,'2017-07-13 03:01:27'),(446,1327,45,'1-CS','S17',113,2,2012,2013,43,43,0,0,0,0,0,0,'','','Regular','Main',5,'2017-07-13 03:01:27'),(447,1327,45,'1-CSE','S12',113,2,2012,2013,38,38,0,0,0,0,0,0,'','','Regular','Main',5,'2017-07-13 03:01:27'),(448,1390,45,'DipCS','G01',113,2,2012,2013,12,12,0,0,0,0,0,0,'','','Regular','Main',5,'2017-07-13 03:01:27'),(449,1391,46,'2-ST','S19',113,2,2012,2013,43,43,0,0,0,0,0,0,'','','Regular','Main',5,'2017-07-13 03:01:27'),(450,1391,46,'2-ST','S17',113,2,2012,2013,28,28,0,0,0,0,0,0,'','','Regular','Main',5,'2017-07-13 03:01:27'),(451,1391,46,'2-ST','S18',113,2,2012,2013,34,34,0,0,0,0,0,0,'','','Regular','Main',5,'2017-07-13 03:01:27'),(452,1392,46,'SC','G01',113,2,2012,2013,7,7,0,0,0,0,0,0,'','','Regular','Main',5,'2017-07-13 03:01:27'),(453,1393,46,'SC','GS1',113,2,2012,2013,0,0,0,0,0,0,0,0,'','','Regular','Main',5,'2017-07-13 03:01:27'),(454,1394,46,'SC','GS1',113,2,2012,2013,0,0,0,0,0,0,0,0,'','','Regular','Main',5,'2017-07-13 03:01:27'),(455,1395,46,'SC','SS1',113,2,2012,2013,0,0,0,0,0,0,0,0,'','','Regular','Main',5,'2017-07-13 03:01:27'),(456,1315,47,'1-CS','S14A',113,2,2012,2013,20,20,0,0,0,0,0,0,'','','Regular','Main',5,'2017-07-13 03:01:27'),(457,1315,47,'1-CS','S12B',113,2,2012,2013,20,20,0,0,0,0,0,0,'','','Regular','Main',5,'2017-07-13 03:01:27'),(458,1396,47,'DipCS','G01',113,2,2012,2013,19,19,0,0,0,0,0,0,'','','Regular','Main',5,'2017-07-13 03:01:27'),(459,1397,47,'-VCA','',113,2,2012,2013,0,0,0,0,0,0,0,0,'','','Regular','Main',5,'2017-07-13 03:01:27'),(460,1349,48,'2-NE','S22',113,2,2012,2013,43,43,0,0,0,0,0,0,'','','Regular','Main',5,'2017-07-13 03:01:27'),(461,1349,48,'2-IST','S20',113,2,2012,2013,24,24,0,0,0,0,0,0,'','','Regular','Main',5,'2017-07-13 03:01:27'),(462,1379,48,'IRR','S13A',113,2,2012,2013,0,0,0,0,0,0,0,0,'','','Regular','Main',5,'2017-07-13 03:01:27'),(463,1349,48,'2-NE','S23',113,2,2012,2013,31,31,0,0,0,0,0,0,'','','Regular','Main',5,'2017-07-13 03:01:27'),(464,1315,49,'1-CSE','S11B',113,2,2012,2013,20,20,0,0,0,0,0,0,'','','Regular','Main',5,'2017-07-13 03:01:27'),(465,1315,49,'1-CS','S17B',113,2,2012,2013,20,20,0,0,0,0,0,0,'','','Regular','Main',5,'2017-07-13 03:01:27'),(466,1398,49,'MSCS','M',113,2,2012,2013,13,13,0,0,0,0,0,0,'','','Regular','Main',5,'2017-07-13 03:01:27'),(467,1315,49,'1-CS','S16A',113,2,2012,2013,21,21,0,0,0,0,0,0,'','','Regular','Main',5,'2017-07-13 03:01:27'),(468,1354,50,'-ADM','',113,2,2012,2013,0,0,0,0,0,0,0,0,'','','Regular','Main',5,'2017-07-13 03:01:27'),(469,1319,50,'3-CSE','S11 ',113,2,2012,2013,25,25,0,0,0,0,0,0,'','','Regular','Main',5,'2017-07-13 03:01:27'),(470,1329,51,'2-CSE','S12',113,2,2012,2013,43,43,0,0,0,0,0,0,'','','Regular','Main',5,'2017-07-13 03:01:27'),(471,1399,51,'3-ST','S19',113,2,2012,2013,28,28,0,0,0,0,0,0,'','','Regular','Main',5,'2017-07-13 03:01:27'),(472,1338,51,'3-ST','S19',113,2,2012,2013,45,45,0,0,0,0,0,0,'','','Regular','Main',5,'2017-07-13 03:01:27'),(473,1329,51,'2-NE','S23',113,2,2012,2013,15,15,0,0,0,0,0,0,'','','Regular','Main',5,'2017-07-13 03:01:27'),(474,1380,52,'IRR','S11',113,2,2012,2013,15,15,0,0,0,0,0,0,'','','Regular','Main',5,'2017-07-13 03:01:27'),(475,1400,52,'IRR','S13 ',113,2,2012,2013,22,22,0,0,0,0,0,0,'','','Regular','Main',5,'2017-07-13 03:01:27'),(476,1397,52,'VCA','',113,2,2012,2013,0,0,0,0,0,0,0,0,'','','Regular','Main',5,'2017-07-13 03:01:27'),(477,1402,52,'SC','NS1',113,2,2012,2013,5,5,0,0,0,0,0,0,'','','Regular','Main',5,'2017-07-13 03:01:27'),(478,1403,53,'-ADM','',113,2,2012,2013,0,0,0,0,0,0,0,0,'','','Regular','Main',5,'2017-07-13 03:01:27'),(479,1404,53,'-URCO','',113,2,2012,2013,0,0,0,0,0,0,0,0,'','','Regular','Main',5,'2017-07-13 03:01:27'),(480,1405,53,'-URCO','',113,2,2012,2013,0,0,0,0,0,0,0,0,'','','Regular','Main',5,'2017-07-13 03:01:27'),(481,1329,54,'2-CSE','S11',113,2,2012,2013,15,15,0,0,0,0,0,0,'','','Regular','Main',5,'2017-07-13 03:01:27'),(482,1387,54,'3-ST','S19',113,2,2012,2013,30,30,0,0,0,0,0,0,'','','Regular','Main',5,'2017-07-13 03:01:27'),(483,1387,54,'3-ST','S17',113,2,2012,2013,42,42,0,0,0,0,0,0,'','','Regular','Main',5,'2017-07-13 03:01:27'),(484,1406,54,'DipCS','G01',113,2,2012,2013,9,9,0,0,0,0,0,0,'','','Regular','Main',5,'2017-07-13 03:01:27'),(485,1349,55,'2-CSE','S11',113,2,2012,2013,0,0,0,0,0,0,0,0,'','','Regular','Main',5,'2017-07-13 03:01:27'),(486,1407,55,'-ADM','',113,2,2012,2013,0,0,0,0,0,0,0,0,'','','Regular','Main',5,'2017-07-13 03:01:27'),(487,1408,55,'-URCO','',113,2,2012,2013,0,0,0,0,0,0,0,0,'','','Regular','Main',5,'2017-07-13 03:01:27'),(488,1409,55,'-URCO','',113,2,2012,2013,0,0,0,0,0,0,0,0,'','','Regular','Main',5,'2017-07-13 03:01:27'),(489,1410,55,'SC','GS1',113,2,2012,2013,1,1,0,0,0,0,0,0,'','','Regular','Main',5,'2017-07-13 03:01:27'),(490,1411,55,'SC','SS1',113,2,2012,2013,2,2,0,0,0,0,0,0,'','','Regular','Main',5,'2017-07-13 03:01:27'),(491,1412,56,'NEW','S13',113,2,2012,2013,26,26,0,0,0,0,0,0,'','','Regular','Main',5,'2017-07-13 03:01:27'),(492,1412,56,'NEW','S14',113,2,2012,2013,25,25,0,0,0,0,0,0,'','','Regular','Main',5,'2017-07-13 03:01:27'),(493,1397,56,'-VCA','',113,2,2012,2013,0,0,0,0,0,0,0,0,'','','Regular','Main',5,'2017-07-13 03:01:27'),(494,1369,57,'-ADM','',113,2,2012,2013,0,0,0,0,0,0,0,0,'','','Regular','Main',5,'2017-07-13 03:01:27'),(495,1315,58,'1-CS','S17A',113,2,2012,2013,20,20,0,0,0,0,0,0,'','','Regular','Main',5,'2017-07-13 03:01:27'),(496,1315,58,'1-CS','S15A',113,2,2012,2013,20,20,0,0,0,0,0,0,'','','Regular','Main',5,'2017-07-13 03:01:27'),(497,1315,58,'1-CS','S12A',113,2,2012,2013,20,20,0,0,0,0,0,0,'','','Regular','Main',5,'2017-07-13 03:01:27'),(498,1413,58,'3-ST','S17',113,2,2012,2013,43,43,0,0,0,0,0,0,'','','Regular','Main',5,'2017-07-13 03:01:27'),(499,1414,59,'MSCS','G01',113,2,2012,2013,9,9,0,0,0,0,0,0,'','','Regular','Main',5,'2017-07-13 03:01:27'),(500,1415,59,'MSIT','G01',113,2,2012,2013,16,16,0,0,0,0,0,0,'','','Regular','Main',5,'2017-07-13 03:01:27'),(501,1416,59,'-URCO','',113,2,2012,2013,0,0,0,0,0,0,0,0,'','','Regular','Main',5,'2017-07-13 03:01:27'),(502,1417,59,'SC','NS1',113,2,2012,2013,2,2,0,0,0,0,0,0,'','','Regular','Main',5,'2017-07-13 03:01:27'),(503,1345,60,'IRR','S11',113,2,2012,2013,17,17,0,0,0,0,0,0,'','','Regular','Main',5,'2017-07-13 03:01:27'),(504,1345,60,'IRR','S17',113,2,2012,2013,17,17,0,0,0,0,0,0,'','','Regular','Main',5,'2017-07-13 03:01:27'),(505,1345,60,'IRR','S16 ',113,2,2012,2013,17,17,0,0,0,0,0,0,'','','Regular','Main',5,'2017-07-13 03:01:27'),(506,1418,60,'-ADM','',113,2,2012,2013,0,0,0,0,0,0,0,0,'','','Regular','Main',5,'2017-07-13 03:01:27'),(507,1419,61,'3-ST','S18',113,2,2012,2013,35,35,0,0,0,0,0,0,'','','Regular','Main',5,'2017-07-13 03:01:27'),(508,1420,61,'-URCO','',113,2,2012,2013,0,0,0,0,0,0,0,0,'','','Regular','Main',5,'2017-07-13 03:01:27'),(509,1408,61,'-URCO','',113,2,2012,2013,0,0,0,0,0,0,0,0,'','','Regular','Main',5,'2017-07-13 03:01:27'),(510,1421,62,'4-CSE','S11',113,2,2012,2013,28,28,0,0,0,0,0,0,'','','Regular','Main',5,'2017-07-13 03:01:27'),(511,1422,62,'NEW','S11',113,2,2012,2013,25,25,0,0,0,0,0,0,'','','Regular','Main',5,'2017-07-13 03:01:27'),(512,1371,62,'2-IS ','S15 ',113,2,2012,2013,28,28,0,0,0,0,0,0,'','','Regular','Main',5,'2017-07-13 03:01:27'),(513,1371,62,'2-IS','S16',113,2,2012,2013,28,28,0,0,0,0,0,0,'','','Regular','Main',5,'2017-07-13 03:01:27'),(514,1423,62,'2-IS','S13',113,2,2012,2013,28,28,0,0,0,0,0,0,'','','Regular','Main',5,'2017-07-13 03:01:27'),(515,1424,62,'SC','NS1',113,2,2012,2013,1,1,0,0,0,0,0,0,'','','Regular','Main',5,'2017-07-13 03:01:27'),(516,1319,63,'3-NE','S12',113,2,2012,2013,23,23,0,0,0,0,0,0,'','','Regular','Main',5,'2017-07-13 03:01:27'),(517,1319,63,'3-NE','S23',113,2,2012,2013,37,37,0,0,0,0,0,0,'','','Regular','Main',5,'2017-07-13 03:01:27'),(518,1425,63,'MSCS','G01',113,2,2012,2013,20,20,0,0,0,0,0,0,'','','Regular','Main',5,'2017-07-13 03:01:27'),(519,1426,63,'','NO4',113,2,2012,2013,0,0,1,0,0,0,0,0,'','','Regular','Main',5,'2017-07-13 03:01:27'),(520,1427,63,'','SS1',113,2,2012,2013,1,1,0,0,0,0,0,0,'','','Regular','Main',5,'2017-07-13 03:01:27'),(521,1428,64,'1-IS','S13',113,2,2012,2013,38,38,0,0,0,0,0,0,'','','Regular','Main',5,'2017-07-13 03:01:27'),(522,1428,64,'1-IS','S18',113,2,2012,2013,34,34,0,0,0,0,0,0,'','','Regular','Main',5,'2017-07-13 03:01:27'),(523,1428,64,'1-IS','S19',113,2,2012,2013,41,41,0,0,0,0,0,0,'','','Regular','Main',5,'2017-07-13 03:01:27'),(524,1428,64,'NEW','S14',113,2,2012,2013,22,22,0,0,0,0,0,0,'','','Regular','Main',5,'2017-07-13 03:01:27'),(525,1338,65,'3-ST','S18',113,2,2012,2013,44,44,0,0,0,0,0,0,'','','Regular','Main',5,'2017-07-13 03:01:27'),(526,1429,65,'3-CSE','S11',113,2,2012,2013,35,35,0,0,0,0,0,0,'','','Regular','Main',5,'2017-07-13 03:01:27'),(527,1338,65,'3-ST','S17',113,2,2012,2013,19,19,0,0,0,0,0,0,'','','Regular','Main',5,'2017-07-13 03:01:27'),(528,1313,66,'3-ST','S18',113,2,2012,2013,43,43,0,0,0,0,0,0,'','','Regular','Main',5,'2017-07-13 03:01:27'),(529,1313,67,'3-ST','S19',113,2,2012,2013,35,35,0,0,0,0,0,0,'','','Regular','Main',5,'2017-07-13 03:01:27'),(530,1313,67,'3-ST','S17',113,2,2012,2013,42,42,0,0,0,0,0,0,'','','Regular','Main',5,'2017-07-13 03:01:27'),(531,1327,68,'1-CSE','S11',113,2,2012,2013,40,40,0,0,0,0,0,0,'','','Regular','Main',5,'2017-07-13 03:01:27'),(532,1327,68,'1-CS','S15',113,2,2012,2013,43,43,0,0,0,0,0,0,'','','Regular','Main',5,'2017-07-13 03:01:27'),(533,1327,68,'1-CS','S16',113,2,2012,2013,43,43,0,0,0,0,0,0,'','','Regular','Main',5,'2017-07-13 03:01:27'),(534,1315,69,'IRR','S12',113,2,2012,2013,0,0,0,0,0,0,0,0,'','','Regular','Main',5,'2017-07-13 03:01:27'),(535,1327,70,'1-CS','STC',113,2,2012,2013,0,0,0,0,0,0,0,0,'','','Regular','STC',5,'2017-07-13 03:01:27'),(536,1428,70,'1-IS','STC',113,2,2012,2013,0,0,0,0,0,0,0,0,'','','Regular','STC',5,'2017-07-13 03:01:27'),(537,1391,70,'2-ST','STC',113,2,2012,2013,0,0,0,0,0,0,0,0,'','','Regular','STC',5,'2017-07-13 03:01:27'),(538,1430,70,'','STC',113,2,2012,2013,0,0,0,0,0,0,0,0,'','','Regular','STC',5,'2017-07-13 03:01:27'),(539,1431,71,'IRR','STC',113,2,2012,2013,0,0,0,0,0,0,0,0,'','','Regular','STC',5,'2017-07-13 03:01:27'),(540,1432,71,'1-CS','STC',113,2,2012,2013,0,0,0,0,0,0,0,0,'','','Regular','STC',5,'2017-07-13 03:01:27'),(541,1345,71,'IRR','STC',113,2,2012,2013,0,0,0,0,0,0,0,0,'','','Regular','STC',5,'2017-07-13 03:01:27'),(542,1433,70,'CSS-3','X22',113,1,2016,2017,14,14,0,0,0,0,0,0,'','','Regular','STC',5,'2017-07-13 03:01:27'),(543,1434,70,'CSS-4','X22',113,1,2016,2017,7,7,0,0,0,0,0,0,'','','Regular','STC',5,'2017-07-13 03:01:27'),(544,1372,70,'SHS','11-A',113,1,2016,2017,0,0,0,1,0,0,0,0,'','','Regular','Main',5,'2017-07-13 03:01:27'),(545,1372,70,'SHS','11-D',113,1,2016,2017,0,0,0,1,0,0,0,0,'','','Regular','Main',5,'2017-07-13 03:01:27'),(546,1316,43,'ADMIN','',113,1,2016,2017,0,0,0,0,0,0,0,0,'','','Regular','',5,'2017-07-13 03:01:27'),(547,1470,43,'GRAD','G2',113,1,2016,2017,13,13,0,0,0,0,0,0,'','','Regular','Main',5,'2017-07-13 03:01:27'),(548,1470,43,'STC-MS','',113,1,2016,2017,0,0,0,0,0,0,0,0,'','','Special','STC',5,'2017-07-13 03:01:27'),(549,1318,44,'ADMIN','',113,1,2016,2017,0,0,0,0,0,0,0,0,'','','Regular','',5,'2017-07-13 03:01:27'),(550,1395,46,'ST-3','S17',113,1,2016,2017,17,17,0,0,0,0,0,0,'','','Regular','Main',5,'2017-07-13 03:01:27'),(551,1395,46,'ST-3','S18',113,1,2016,2017,42,42,0,0,0,0,0,0,'','','Regular','Main',5,'2017-07-13 03:01:27'),(552,1436,46,'GRAD','',113,1,2016,2017,5,5,0,0,0,0,0,0,'','','Special','Main',5,'2017-07-13 03:01:27'),(553,1437,46,'GRAD','G1',113,1,2016,2017,11,11,0,0,0,0,0,0,'','','Regular','Main',5,'2017-07-13 03:01:27'),(554,1438,46,'','',113,1,2016,2017,12,12,0,0,0,0,0,0,'','','Regular','Main',5,'2017-07-13 03:01:27'),(555,1380,73,'IRR','S18',113,1,2016,2017,7,7,0,0,0,0,0,0,'','','Regular','Main',5,'2017-07-13 03:01:27'),(556,1380,73,'IRR','S19',113,1,2016,2017,22,22,0,0,0,0,0,0,'','','Regular','Main',5,'2017-07-13 03:01:27'),(557,1321,73,'ADMIN','',113,1,2016,2017,0,0,0,0,0,0,0,0,'','','Regular','Main',5,'2017-07-13 03:01:27'),(558,1323,49,'ADMIN','',113,1,2016,2017,0,0,0,0,0,0,0,0,'','','Regular','',5,'2017-07-13 03:01:27'),(559,1349,49,'ST-2','S19',113,1,2016,2017,26,26,0,0,0,0,0,0,'','','Regular','Main',5,'2017-07-13 03:01:27'),(560,1372,49,'SHS','11-D',113,1,2016,2017,0,0,0,0,0,0,0,0,'','','Regular','Main',5,'2017-07-13 03:01:27'),(561,1376,74,'IT-2','S15A',113,1,2016,2017,10,10,0,0,0,0,0,0,'','','Regular','Main',5,'2017-07-13 03:01:27'),(562,1376,74,'IT-2','S16A',113,1,2016,2017,22,22,0,0,0,0,0,0,'','','Regular','Main',5,'2017-07-13 03:01:27'),(563,1441,74,'SOE','V24',113,1,2016,2017,33,33,0,0,0,0,0,0,'','','Regular','Main',5,'2017-07-13 03:01:27'),(564,1441,74,'SOE','V25',113,1,2016,2017,30,30,0,0,0,0,0,0,'','','Regular','Main',5,'2017-07-13 03:01:27'),(565,1332,76,'ADMIN','',113,1,2016,2017,0,0,0,0,0,0,0,0,'','','Regular','',5,'2017-07-13 03:01:27'),(566,1443,76,'CT','S12A',113,1,2016,2017,21,21,0,0,0,0,0,0,'','','Regular','Main',5,'2017-07-13 03:01:27'),(567,1444,76,'CT','S12A',113,1,2016,2017,21,21,0,0,0,0,0,0,'','','Regular','Main',5,'2017-07-13 03:01:27'),(568,1445,76,'','',113,1,2016,2017,0,0,0,0,0,0,0,0,'','','Special','',5,'2017-07-13 03:01:27'),(569,1446,76,'IRR','',113,1,2016,2017,0,0,0,0,0,0,0,0,'','','Special','',5,'2017-07-13 03:01:27'),(570,1447,78,'CSE-3','S11',113,1,2016,2017,14,14,0,0,0,0,0,0,'','','Regular','Main',5,'2017-07-13 03:01:27'),(571,1447,78,'NE-3','S12',113,1,2016,2017,19,19,0,0,0,0,0,0,'','','Regular','Main',5,'2017-07-13 03:01:27'),(572,1372,78,'SHS','11-G',113,1,2016,2017,0,0,0,1,0,0,0,0,'','','Regular','Main',5,'2017-07-13 03:01:27'),(573,1372,78,'SHS','11-H',113,1,2016,2017,0,0,0,1,0,0,0,0,'','','Regular','Main',5,'2017-07-13 03:01:27'),(574,1428,78,'IRR','S15',113,1,2016,2017,21,21,0,0,0,0,0,0,'','','Regular','Main',5,'2017-07-13 03:01:27'),(575,1348,50,'ADMIN','',113,1,2016,2017,0,0,0,0,0,0,0,0,'','','Regular','',5,'2017-07-13 03:01:27'),(576,1349,79,'CSS-2','X22',113,1,2016,2017,32,32,0,0,0,0,0,0,'','','Regular','STC',5,'2017-07-13 03:01:27'),(577,1395,79,'CSS-3','X22',113,1,2016,2017,11,11,0,0,0,0,0,0,'','','Regular','STC',5,'2017-07-13 03:01:27'),(578,1449,79,'CSS-3','X22',113,1,2016,2017,12,12,0,0,0,0,0,0,'','','Regular','STC',5,'2017-07-13 03:01:27'),(579,1380,79,'CSS-IRR','X22',113,1,2016,2017,9,9,0,0,0,0,0,0,'','','Regular','STC',5,'2017-07-13 03:01:27'),(580,1345,53,'IRR','S19',113,1,2016,2017,22,22,0,0,0,0,0,0,'','','Regular','Main',5,'2017-07-13 03:01:27'),(581,1345,53,'IRR','S20',113,1,2016,2017,22,22,0,0,0,0,0,0,'','','Regular','Main',5,'2017-07-13 03:01:27'),(582,1372,53,'SHS','11-B',113,1,2016,2017,0,0,0,1,0,0,0,0,'','','Regular','Main',5,'2017-07-13 03:01:27'),(583,1372,53,'SHS','11-C',113,1,2016,2017,0,0,0,1,0,0,0,0,'','','Regular','Main',5,'2017-07-13 03:01:27'),(584,1345,54,'CS-1','S17A',113,1,2016,2017,21,21,0,0,0,0,0,0,'','','Regular','Main',5,'2017-07-13 03:01:27'),(585,1345,54,'CS-1','S18A',113,1,2016,2017,20,20,0,0,0,0,0,0,'','','Regular','Main',5,'2017-07-13 03:01:27'),(586,1315,54,'IRR','S',113,1,2016,2017,18,18,0,0,0,0,0,0,'','','Regular','Main',5,'2017-07-13 03:01:27'),(587,1450,54,'COS','N1',113,1,2016,2017,11,11,0,0,0,0,0,0,'','','Regular','Main',5,'2017-07-13 03:01:27'),(588,1451,80,'GRAD','G1',113,1,2016,2017,7,7,0,0,0,0,0,0,'','','Regular','Main',5,'2017-07-13 03:01:27'),(589,1354,80,'ADMIN','',113,1,2016,2017,0,0,0,0,0,0,0,0,'','','Regular','Main',5,'2017-07-13 03:01:27'),(590,1366,80,'GRAD','',113,1,2016,2017,0,0,0,0,0,0,0,0,'','','Special','Main',5,'2017-07-13 03:01:27'),(591,1387,80,'IRR','',113,1,2016,2017,0,0,0,0,0,0,0,0,'','','Special','Main',5,'2017-07-13 03:01:27'),(592,1412,81,'IS-3','S14A',113,1,2016,2017,27,27,0,0,0,0,0,0,'','','Regular','Main',5,'2017-07-13 03:01:27'),(593,1412,81,'IS-3','S14B',113,1,2016,2017,23,23,0,0,0,0,0,0,'','','Regular','Main',5,'2017-07-13 03:01:27'),(594,1355,81,'IRR','',113,1,2016,2017,0,0,0,0,0,0,0,0,'','','Special','Main',5,'2017-07-13 03:01:27'),(595,1351,81,'URCO','',113,1,2016,2017,0,0,0,0,0,0,0,0,'','','Regular','Main',5,'2017-07-13 03:01:27'),(596,1453,81,'ST-4','S17',113,1,2016,2017,0,0,0,0,0,0,0,0,'','','Regular','Main',5,'2017-07-13 03:01:27'),(597,1453,81,'ST-4','S18',113,1,2016,2017,0,0,0,0,0,0,0,0,'','','Regular','Main',5,'2017-07-13 03:01:27'),(598,1453,81,'ST-4','S19',113,1,2016,2017,0,0,0,0,0,0,0,0,'','','Regular','Main',5,'2017-07-13 03:01:27'),(599,1349,55,'ST-2','S17',113,1,2016,2017,0,0,0,0,0,0,0,0,'','','Regular','Main',5,'2017-07-13 03:01:27'),(600,1454,55,'URCO','',113,1,2016,2017,0,0,0,0,0,0,0,0,'','','Regular','Main',5,'2017-07-13 03:01:27'),(601,1361,55,'ADMIN','',113,1,2016,2017,0,0,0,0,0,0,0,0,'','','Regular','Main',5,'2017-07-13 03:01:27'),(602,1455,82,'GRAD','G1',113,1,2016,2017,9,9,0,0,0,0,0,0,'','','Regular','Main',5,'2017-07-13 03:01:27'),(603,1456,82,'ADMIN','',113,1,2016,2017,0,0,0,0,0,0,0,0,'','','Regular','Main',5,'2017-07-13 03:01:27'),(604,1342,82,'ADMIN','',113,1,2016,2017,0,0,0,0,0,0,0,0,'','','Regular','Main',5,'2017-07-13 03:01:27'),(605,1457,82,'ST-4','S17',113,1,2016,2017,0,0,0,0,0,0,0,1,'STELEC','','Regular','Main',5,'2017-07-13 03:01:27'),(606,1458,82,'GRAD','',113,1,2016,2017,0,0,0,0,0,0,0,0,'','','Special','Main',5,'2017-07-13 03:01:27'),(607,1459,58,'COS','',113,1,2016,2017,5,5,0,0,0,0,0,0,'','','Special','Main',5,'2017-07-13 03:01:27'),(608,1460,58,'ST-3','S18',113,1,2016,2017,40,40,0,0,0,0,0,1,'STELEC','','Regular','Main',5,'2017-07-13 03:01:27'),(609,1461,58,'IRR','S17',113,1,2016,2017,24,24,0,0,0,0,0,0,'','','Regular','Main',5,'2017-07-13 03:01:27'),(610,1345,58,'CS-1','S17B',113,1,2016,2017,20,20,0,0,0,0,0,0,'','','Regular','Main',5,'2017-07-13 03:01:27'),(611,1345,58,'CS-1','S18B',113,1,2016,2017,20,20,0,0,0,0,0,0,'','','Regular','Main',5,'2017-07-13 03:01:27'),(612,1449,83,'ST-3','S17',113,1,2016,2017,20,20,0,0,0,0,0,0,'','','Regular','Main',5,'2017-07-13 03:01:27'),(613,1449,83,'ST-3','S18A',113,1,2016,2017,18,18,0,0,0,0,0,0,'','','Regular','Main',5,'2017-07-13 03:01:27'),(614,1449,83,'ST-3','S18B',113,1,2016,2017,20,20,0,0,0,0,0,0,'','','Regular','Main',5,'2017-07-13 03:01:27'),(615,1351,83,'URCO','',113,1,2016,2017,0,0,0,0,0,0,0,0,'','','Regular','Main',5,'2017-07-13 03:01:27'),(616,1417,83,'COS','',113,1,2016,2017,0,0,0,0,0,0,0,0,'','','Special','Main',5,'2017-07-13 03:01:27'),(617,1367,83,'ST-4','S17',113,1,2016,2017,0,0,0,0,0,0,0,0,'','','Regular','Main',5,'2017-07-13 03:01:27'),(618,1367,83,'ST-4','S18',113,1,2016,2017,0,0,0,0,0,0,0,0,'','','Regular','Main',5,'2017-07-13 03:01:27'),(619,1367,83,'ST-4','S19',113,1,2016,2017,0,0,0,0,0,0,0,0,'','','Regular','Main',5,'2017-07-13 03:01:27'),(620,1463,59,'ST-2','S17',113,1,2016,2017,32,32,0,0,0,0,0,0,'','','Regular','Main',5,'2017-07-13 03:01:27'),(621,1463,59,'ST-2','S18',113,1,2016,2017,22,22,0,0,0,0,0,0,'','','Regular','Main',5,'2017-07-13 03:01:27'),(622,1463,59,'ST-2','S19',113,1,2016,2017,41,41,0,0,0,0,0,0,'','','Regular','Main',5,'2017-07-13 03:01:27'),(623,1464,59,'IRR','',113,1,2016,2017,0,0,0,0,0,0,0,0,'','','Special','Main',5,'2017-07-13 03:01:27'),(624,1465,59,'GRAD','',113,1,2016,2017,0,0,0,0,0,0,0,0,'','','Special','Main',5,'2017-07-13 03:01:27'),(625,1466,59,'GRAD','G1',113,1,2016,2017,12,12,0,0,0,0,0,0,'','','Regular','Main',5,'2017-07-13 03:01:27'),(626,1316,60,'ADMIN','',113,1,2016,2017,0,0,0,0,0,0,0,0,'','','Regular','STC',5,'2017-07-13 03:01:27'),(627,1463,60,'CSS-2','X22',113,1,2016,2017,20,20,0,0,0,0,0,0,'','','Regular','STC',5,'2017-07-13 03:01:27'),(628,1467,60,'DIT','G1',113,1,2016,2017,12,12,0,0,0,0,0,0,'','','Regular','STC',5,'2017-07-13 03:01:27'),(629,1369,61,'ADMIN','',113,1,2016,2017,0,0,0,0,0,0,0,0,'','','Regular','Main',5,'2017-07-13 03:01:27'),(630,1316,61,'ADMIN','',113,1,2016,2017,0,0,0,0,0,0,0,0,'','','Regular','Main',5,'2017-07-13 03:01:27'),(631,1468,61,'GRAD','',113,1,2016,2017,0,0,0,0,0,0,0,0,'','','Special','Main',5,'2017-07-13 03:01:27'),(632,1469,61,'GRAD','',113,1,2016,2017,0,0,0,0,0,0,0,0,'','','Special','Main',5,'2017-07-13 03:01:27'),(633,1351,93,'URCO','',113,1,2016,2017,0,0,0,0,0,0,0,0,'','','Regular','Main',5,'2017-07-13 03:01:27'),(634,1434,93,'ST-4','S17',113,1,2016,2017,32,32,0,0,0,0,0,0,'','','Regular','Main',5,'2017-07-13 03:01:27'),(635,1434,93,'ST-4','S18',113,1,2016,2017,45,45,0,0,0,0,0,0,'','','Regular','Main',5,'2017-07-13 03:01:27'),(636,1313,93,'','',113,1,2016,2017,2,2,0,0,0,0,0,0,'','','Regular','Main',5,'2017-07-13 03:01:27'),(637,1312,93,'','',113,1,2016,2017,2,2,0,0,0,0,0,0,'','','Regular','Main',5,'2017-07-13 03:01:27'),(638,1376,84,'IT-2','S15B',113,1,2016,2017,16,16,0,0,0,0,0,0,'','','Regular','Main',5,'2017-07-13 03:01:27'),(639,1376,84,'IT-2','S16B',113,1,2016,2017,22,22,0,0,0,0,0,0,'','','Regular','Main',5,'2017-07-13 03:01:27'),(640,1372,84,'SHS','11-F',113,1,2016,2017,0,0,0,1,0,0,0,0,'','','Regular','Main',5,'2017-07-13 03:01:27'),(641,1372,84,'SHS','11-J',113,1,2016,2017,0,0,0,1,0,0,0,0,'','','Regular','Main',5,'2017-07-13 03:01:27'),(642,1473,72,'GRAD','G1',113,1,2016,2017,1,1,0,0,0,0,0,0,'','','Regular','Main',5,'2017-07-13 03:01:27'),(643,1372,94,'SHS','11-E',113,1,2016,2017,0,0,0,1,0,0,0,0,'','','Regular','Main',5,'2017-07-13 03:01:27'),(644,1475,95,'GRAD','G1',113,1,2016,2017,21,21,0,0,0,0,0,0,'','','Regular','Main',5,'2017-07-13 03:01:27'),(645,1476,95,'GRAD','G1',113,1,2016,2017,6,6,0,0,0,0,0,0,'','','Regular','Main',5,'2017-07-13 03:01:27'),(646,1477,96,'CSS-4','X22',113,1,2016,2017,6,6,0,0,0,0,0,1,'STELEC','','Regular','STC',5,'2017-07-13 03:01:27'),(647,1478,75,'NE-4','S12',113,1,2016,2017,20,20,0,0,0,0,0,1,'NEELEC','','Regular','Main',5,'2017-07-13 03:01:27'),(648,1479,75,'ST-3','S17',113,1,2016,2017,33,33,0,0,0,0,0,1,'STELEC','','Regular','Main',5,'2017-07-13 03:01:27'),(649,1480,75,'ST-4','S19',113,1,2016,2017,23,23,0,0,0,0,0,1,'STELEC','','Regular','Main',5,'2017-07-13 03:01:27'),(650,1479,75,'CSS-3','X22',113,1,2016,2017,14,14,0,0,0,0,0,1,'STELEC','','Regular','STC',5,'2017-07-13 03:01:27'),(651,1481,75,'GRAD','',113,1,2016,2017,0,0,0,0,0,0,0,0,'','','Special','Main',5,'2017-07-13 03:01:27'),(652,1482,75,'GRAD','',113,1,2016,2017,0,0,0,0,0,0,0,0,'','','Special','Main',5,'2017-07-13 03:01:27'),(653,1412,86,'IS-3','X22',113,1,2016,2017,6,6,0,0,0,0,0,0,'','','Regular','STC',5,'2017-07-13 03:01:27'),(654,1483,77,'GRAD','G1',113,1,2016,2017,4,4,0,0,0,0,0,0,'','','Regular','Main',5,'2017-07-13 03:01:27'),(655,1484,77,'GRAD','G1',113,1,2016,2017,9,9,0,0,0,0,0,0,'','','Regular','Main',5,'2017-07-13 03:01:27'),(656,1343,77,'IT','S15A',113,1,2016,2017,0,0,0,0,0,0,0,0,'','','Regular','Main',5,'2017-07-13 03:01:27'),(657,1343,77,'IT','S15B',113,1,2016,2017,0,0,0,0,0,0,0,0,'','','Regular','Main',5,'2017-07-13 03:01:27'),(658,1379,77,'','XS2',113,1,2016,2017,0,0,0,0,0,0,0,0,'','','Regular','Main',5,'2017-07-13 03:01:27'),(659,1485,87,'IT','S21',113,1,2016,2017,24,24,0,0,0,0,0,0,'','','Regular','Main',5,'2017-07-13 03:01:27'),(660,1486,87,'IRR','S15',113,1,2016,2017,23,23,0,0,0,0,0,0,'','','Regular','Main',5,'2017-07-13 03:01:27'),(661,1487,97,'GRAD','',113,1,2016,2017,6,6,0,0,0,0,0,0,'','','Special','Main',5,'2017-07-13 03:01:27'),(662,1349,97,'ST-2','S18',113,1,2016,2017,39,39,0,0,0,0,0,0,'','','Regular','Main',5,'2017-07-13 03:01:27'),(663,1433,98,'ST-3','S17',113,1,2016,2017,35,35,0,0,0,0,0,0,'','','Regular','Main',5,'2017-07-13 03:01:27'),(664,1433,98,'ST-3','S18',113,1,2016,2017,43,43,0,0,0,0,0,0,'','','Regular','Main',5,'2017-07-13 03:01:27'),(665,1488,88,'RCOB','C31',113,1,2016,2017,20,20,0,0,0,0,0,0,'','','Regular','Main',5,'2017-07-13 03:01:27'),(666,1489,88,'RCOB','A51',113,1,2016,2017,24,24,0,0,0,0,0,0,'','','Regular','Main',5,'2017-07-13 03:01:27'),(667,1380,88,'IRR','S17',113,1,2016,2017,22,22,0,0,0,0,0,0,'','','Regular','Main',5,'2017-07-13 03:01:27'),(668,1380,88,'IRR','S20',113,1,2016,2017,22,22,0,0,0,0,0,0,'','','Regular','Main',5,'2017-07-13 03:01:27'),(669,1379,88,'','',113,1,2016,2017,0,0,0,0,0,0,0,0,'','','Special','Main',5,'2017-07-13 03:01:27');
/*!40000 ALTER TABLE `offering` ENABLE KEYS */;
UNLOCK TABLES;

--
-- Table structure for table `preference`
--

DROP TABLE IF EXISTS `preference`;
/*!40101 SET @saved_cs_client     = @@character_set_client */;
/*!40101 SET character_set_client = utf8 */;
CREATE TABLE `preference` (
  `pref_id` int(11) NOT NULL AUTO_INCREMENT,
  `faculty_id` int(11) DEFAULT NULL,
  `hours_to_teach` varchar(100) DEFAULT NULL,
  `days_to_teach` varchar(5) DEFAULT NULL,
  `courses_to_teach` varchar(100) DEFAULT NULL,
  `other_remark` varchar(100) DEFAULT NULL,
  `time_stamp` timestamp NOT NULL DEFAULT CURRENT_TIMESTAMP ON UPDATE CURRENT_TIMESTAMP,
  PRIMARY KEY (`pref_id`)
) ENGINE=MyISAM DEFAULT CHARSET=latin1;
/*!40101 SET character_set_client = @saved_cs_client */;

--
-- Dumping data for table `preference`
--

LOCK TABLES `preference` WRITE;
/*!40000 ALTER TABLE `preference` DISABLE KEYS */;
/*!40000 ALTER TABLE `preference` ENABLE KEYS */;
UNLOCK TABLES;

--
-- Table structure for table `requisite`
--

DROP TABLE IF EXISTS `requisite`;
/*!40101 SET @saved_cs_client     = @@character_set_client */;
/*!40101 SET character_set_client = utf8 */;
CREATE TABLE `requisite` (
  `requisite_id` int(11) NOT NULL AUTO_INCREMENT,
  `course_id` int(11) DEFAULT NULL,
  `req_course_id` int(11) DEFAULT NULL,
  `req_type` int(11) DEFAULT NULL COMMENT '1 - prerequisite, 2 - soft prerequisite, 3 - co requisite',
  `time_stamp` timestamp NOT NULL DEFAULT CURRENT_TIMESTAMP ON UPDATE CURRENT_TIMESTAMP,
  PRIMARY KEY (`requisite_id`)
) ENGINE=MyISAM DEFAULT CHARSET=latin1;
/*!40101 SET character_set_client = @saved_cs_client */;

--
-- Dumping data for table `requisite`
--

LOCK TABLES `requisite` WRITE;
/*!40000 ALTER TABLE `requisite` DISABLE KEYS */;
/*!40000 ALTER TABLE `requisite` ENABLE KEYS */;
UNLOCK TABLES;

--
-- Table structure for table `room`
--

DROP TABLE IF EXISTS `room`;
/*!40101 SET @saved_cs_client     = @@character_set_client */;
/*!40101 SET character_set_client = utf8 */;
CREATE TABLE `room` (
  `room_id` int(11) NOT NULL AUTO_INCREMENT,
  `room_code` varchar(45) DEFAULT NULL,
  `room_location` varchar(45) DEFAULT NULL,
  `room_capacity` varchar(45) DEFAULT NULL,
  `time_stamp` timestamp NOT NULL DEFAULT CURRENT_TIMESTAMP ON UPDATE CURRENT_TIMESTAMP,
  PRIMARY KEY (`room_id`)
) ENGINE=InnoDB AUTO_INCREMENT=57 DEFAULT CHARSET=utf8;
/*!40101 SET character_set_client = @saved_cs_client */;

--
-- Dumping data for table `room`
--

LOCK TABLES `room` WRITE;
/*!40000 ALTER TABLE `room` DISABLE KEYS */;
INSERT INTO `room` VALUES (1,'G201','Taft','45','2017-07-20 16:51:30'),(2,'G202','Taft','45','2017-07-20 16:51:30'),(3,'G203','Taft','45','2017-07-20 16:51:30'),(4,'G204','Taft','45','2017-07-20 16:51:30'),(5,'G205','Taft','45','2017-07-20 16:51:30'),(6,'G206','Taft','45','2017-07-20 16:51:30'),(7,'G207','Taft','45','2017-07-20 16:51:30'),(8,'G208','Taft','45','2017-07-20 16:51:30'),(9,'G209','Taft','45','2017-07-20 16:51:30'),(10,'G210','Taft','45','2017-07-20 16:51:30'),(11,'G211','Taft','45','2017-07-20 16:51:30'),(12,'G212','Taft','45','2017-07-20 16:51:30'),(13,'G213','Taft','45','2017-07-20 16:51:30'),(14,'G301','Taft','45','2017-07-20 16:51:30'),(15,'G302','Taft','45','2017-07-20 16:51:30'),(16,'G302A','Taft','20','2017-07-20 16:51:30'),(17,'G302B','Taft','20','2017-07-20 16:51:30'),(18,'G304A','Taft','20','2017-07-20 16:51:30'),(19,'G304B','Taft','20','2017-07-20 16:51:30'),(20,'G306A','Taft','20','2017-07-20 16:51:30'),(21,'G306B','Taft','20','2017-07-20 16:51:30'),(22,'G401','Taft','45','2017-07-20 16:51:30'),(23,'G403','Taft','45','2017-07-20 16:51:30'),(24,'G405','Taft','45','2017-07-20 16:51:30'),(25,'A1205','Taft','45','2017-07-20 16:51:30'),(26,'A1706','Taft','45','2017-07-20 16:51:30'),(27,'L228','Taft','45','2017-07-20 16:51:30'),(28,'L229','Taft','45','2017-07-20 16:51:30'),(29,'L302','Taft','45','2017-07-20 16:51:30'),(30,'L303','Taft','45','2017-07-20 16:51:30'),(31,'L304','Taft','45','2017-07-20 16:51:30'),(32,'L308','Taft','45','2017-07-20 16:51:30'),(33,'L310','Taft','45','2017-07-20 16:51:30'),(34,'L316','Taft','45','2017-07-20 16:51:30'),(35,'L320','Taft','45','2017-07-20 16:51:30'),(36,'L332','Taft','45','2017-07-20 16:51:30'),(37,'L333','Taft','45','2017-07-20 16:51:30'),(38,'L335','Taft','45','2017-07-20 16:51:30'),(39,'M308','Taft','45','2017-07-20 16:51:30'),(40,'M310','Taft','45','2017-07-20 16:51:30'),(41,'M311','Taft','45','2017-07-20 16:51:30'),(42,'M312','Taft','45','2017-07-20 16:51:30'),(43,'M313','Taft','45','2017-07-20 16:51:30'),(44,'M314','Taft','45','2017-07-20 16:51:30'),(45,'SJ212','Taft','45','2017-07-20 16:51:30'),(46,'ST314','Taft','45','2017-07-20 16:51:30'),(47,'V301','Taft','45','2017-07-20 16:51:30'),(48,'MRE014','STC','45','2017-07-20 16:51:30'),(49,'MRE313','STC','45','2017-07-20 16:51:30'),(50,'MRE412','STC','45','2017-07-20 16:51:30'),(51,'MRELAB','STC','45','2017-07-20 16:51:30'),(52,'MRW204','STC','45','2017-07-20 16:51:30'),(53,'MRW403','STC','45','2017-07-20 16:51:30'),(54,'MRW404','STC','45','2017-07-20 16:51:30'),(55,'MRW411','STC','45','2017-07-20 16:51:30'),(56,'MRW414','STC','45','2017-07-20 16:51:30');
/*!40000 ALTER TABLE `room` ENABLE KEYS */;
UNLOCK TABLES;

--
-- Table structure for table `specialization`
--

DROP TABLE IF EXISTS `specialization`;
/*!40101 SET @saved_cs_client     = @@character_set_client */;
/*!40101 SET character_set_client = utf8 */;
CREATE TABLE `specialization` (
  `spec_id` int(11) NOT NULL AUTO_INCREMENT,
  `faculty_id` int(11) DEFAULT NULL,
  `area_id` int(11) DEFAULT NULL,
  `time_stamp` timestamp NOT NULL DEFAULT CURRENT_TIMESTAMP ON UPDATE CURRENT_TIMESTAMP,
  PRIMARY KEY (`spec_id`)
) ENGINE=MyISAM DEFAULT CHARSET=latin1;
/*!40101 SET character_set_client = @saved_cs_client */;

--
-- Dumping data for table `specialization`
--

LOCK TABLES `specialization` WRITE;
/*!40000 ALTER TABLE `specialization` DISABLE KEYS */;
/*!40000 ALTER TABLE `specialization` ENABLE KEYS */;
UNLOCK TABLES;

--
-- Table structure for table `users`
--

DROP TABLE IF EXISTS `users`;
/*!40101 SET @saved_cs_client     = @@character_set_client */;
/*!40101 SET character_set_client = utf8 */;
CREATE TABLE `users` (
  `user_id` int(11) NOT NULL,
  `college_id` int(11) DEFAULT NULL,
  `dept_id` int(11) DEFAULT NULL,
  `first_name` varchar(70) DEFAULT NULL,
  `middle_name` varchar(70) DEFAULT NULL,
  `last_name` varchar(70) DEFAULT NULL,
  `user_type` varchar(70) DEFAULT NULL,
  `user_password` varchar(200) DEFAULT NULL,
  `time_stamp` timestamp NOT NULL DEFAULT CURRENT_TIMESTAMP ON UPDATE CURRENT_TIMESTAMP,
  PRIMARY KEY (`user_id`)
) ENGINE=MyISAM DEFAULT CHARSET=latin1;
/*!40101 SET character_set_client = @saved_cs_client */;

--
-- Dumping data for table `users`
--

LOCK TABLES `users` WRITE;
/*!40000 ALTER TABLE `users` DISABLE KEYS */;
INSERT INTO `users` VALUES (22590997,2,12,'Arnulfo','','Azcarraga','Faculty','iLoveCCS','2017-07-13 03:01:27'),(22317443,2,12,'Allan','','Borra','Faculty','iLoveCCS','2017-07-13 03:01:27'),(22778675,2,12,'Neil','','Bretana','Faculty','iLoveCCS','2017-07-13 03:01:27'),(22718119,2,12,'Remedios','','Bulos','Faculty','iLoveCCS','2017-07-13 03:01:27'),(22526611,2,12,'Miguel','','Cabral','Faculty','iLoveCCS','2017-07-13 03:01:27'),(22090001,2,12,'Chelsea','','Celestino','Faculty','iLoveCCS','2017-07-13 03:01:27'),(22176192,2,12,'Charibeth','','Cheng','Faculty','iLoveCCS','2017-07-13 03:01:27'),(22675888,2,12,'Kai Shan','','Fernandez','Faculty','iLoveCCS','2017-07-13 03:01:27'),(22165677,2,12,'Gian','','Fontanilla','Faculty','iLoveCCS','2017-07-13 03:01:27'),(22778155,2,12,'Juan Lorenzo','','Hagad','Faculty','iLoveCCS','2017-07-13 03:01:27'),(22879890,2,12,'Nathalie','','Lim-Cheng','Faculty','iLoveCCS','2017-07-13 03:01:27'),(22647488,2,12,'Teresita','','Limoanco','Faculty','iLoveCCS','2017-07-13 03:01:27'),(22764530,2,12,'Ethel','','Ong','Faculty','iLoveCCS','2017-07-13 03:01:27'),(22784944,2,12,'Ralph','','Regalado','Faculty','iLoveCCS','2017-07-13 03:01:27'),(22611389,2,12,'Rachel','','Roxas','Faculty','iLoveCCS','2017-07-13 03:01:27'),(22374777,2,12,'Florante','','Salvador','Faculty','iLoveCCS','2017-07-13 03:01:27'),(22711414,2,12,'See','','Solomon','Faculty','iLoveCCS','2017-07-13 03:01:27'),(22683488,2,12,'Raymund','','Sison','Faculty','iLoveCCS','2017-07-13 03:01:27'),(22637450,2,12,'Merlin','','Suarez','Faculty','iLoveCCS','2017-07-13 03:01:27'),(22234115,2,12,'Leif','','Syliongka','Faculty','iLoveCCS','2017-07-13 03:01:27'),(22177932,2,12,'Rhia','','Trogo','Faculty','iLoveCCS','2017-07-13 03:01:27'),(22098177,2,12,'Marjorie','','Chuacokiong','Faculty','iLoveCCS','2017-07-13 03:01:27'),(22832111,2,12,'Federico','','Gonzales','Faculty','iLoveCCS','2017-07-13 03:01:27'),(22344564,2,12,'Keone','','Medina','Faculty','iLoveCCS','2017-07-13 03:01:27'),(22039001,2,12,'Rose Ann','','Sale','Faculty','iLoveCCS','2017-07-13 03:01:27'),(22155322,2,12,'Joanne','','Vilda','Faculty','iLoveCCS','2017-07-13 03:01:27'),(22833990,2,12,'Jason','','Wong','Faculty','iLoveCCS','2017-07-13 03:01:27'),(22567683,2,12,'Emerico','','Aguilar','Faculty','iLoveCCS','2017-07-13 03:01:27'),(22098909,2,12,'Eric','','Navarro','Faculty','iLoveCCS','2017-07-13 03:01:27'),(99999999,9,42,'NO',NULL,'PROFESSOR','Faculty','iLoveCCS','2017-07-13 03:01:27'),(22742131,2,12,'Rafael','','Cabredo','Faculty','iLoveCCS','2017-07-13 03:01:27'),(22414157,2,12,'Shirley','','Chu','Faculty','iLoveCCS','2017-07-13 03:01:27'),(22314156,2,10,'Judith','','Azcarraga','Faculty','iLoveCCS','2017-07-13 03:01:27'),(22648495,2,12,'Gregory','','Cu','Faculty','iLoveCCS','2017-07-13 03:01:27'),(22734526,2,12,'Jordan','','Deja','Faculty','iLoveCCS','2017-07-13 03:01:27'),(22523467,2,12,'Ryan','','Dimaunahan','Faculty','iLoveCCS','2017-07-13 03:01:27'),(22576895,2,12,'Christine','','Gendrano','Faculty','iLoveCCS','2017-07-13 03:01:27'),(22241516,2,12,'Nelson','','Marcos','Faculty','iLoveCCS','2017-07-13 03:01:27'),(22543787,2,12,'Courtney','','Ngo','Faculty','iLoveCCS','2017-07-13 03:01:27'),(22425252,2,12,'Conrado','','Ruiz','Faculty','iLoveCCS','2017-07-13 03:01:27'),(22456783,2,12,'Briane','','Samson','Faculty','iLoveCCS','2017-07-13 03:01:27'),(22546752,2,12,'Thomas','','Tiam-Lee','Faculty','iLoveCCS','2017-07-13 03:01:27'),(22842352,2,12,'Jolo','','Balbin','Faculty','iLoveCCS','2017-07-13 03:01:27'),(22597519,2,12,'Arturo','','Caronogan','Faculty','iLoveCCS','2017-07-13 03:01:27'),(22563468,2,12,'Pat','','Lu','Faculty','iLoveCCS','2017-07-13 03:01:27'),(22854322,2,12,'John','','Santillana','Faculty','iLoveCCS','2017-07-13 03:01:27'),(22725425,2,11,'Geneva','','Timonera','Faculty','iLoveCCS','2017-07-13 03:01:27'),(22425263,2,11,'Christine Diane','','Lim','Faculty','iLoveCCS','2017-07-13 03:01:27'),(22457287,2,10,'Fritz Kevin','','Flores','Faculty','iLoveCCS','2017-07-13 03:01:27'),(22672356,7,40,'Joie','','Sales','Faculty','iLoveCCS','2017-07-13 03:01:27'),(22723489,2,12,'Stanley','','Tan','Faculty','iLoveCCS','2017-07-13 03:01:27'),(22124479,2,10,'Geanne','','Franco','Faculty','iLoveCCS','2017-07-13 03:01:27'),(22373844,2,10,'Roger','','Uy','Faculty','iLoveCCS','2017-07-13 03:01:27'),(22453891,2,10,'Francesca','','Laguna','Faculty','iLoveCCS','2017-07-13 03:01:27'),(22738947,2,12,'Emilio','','Moghareh','Faculty','iLoveCCS','2017-07-13 03:01:27'),(22784497,2,12,'Jemie','','Que','Faculty','iLoveCCS','2017-07-13 03:01:27');
/*!40000 ALTER TABLE `users` ENABLE KEYS */;
UNLOCK TABLES;
/*!40103 SET TIME_ZONE=@OLD_TIME_ZONE */;

/*!40101 SET SQL_MODE=@OLD_SQL_MODE */;
/*!40014 SET FOREIGN_KEY_CHECKS=@OLD_FOREIGN_KEY_CHECKS */;
/*!40014 SET UNIQUE_CHECKS=@OLD_UNIQUE_CHECKS */;
/*!40101 SET CHARACTER_SET_CLIENT=@OLD_CHARACTER_SET_CLIENT */;
/*!40101 SET CHARACTER_SET_RESULTS=@OLD_CHARACTER_SET_RESULTS */;
/*!40101 SET COLLATION_CONNECTION=@OLD_COLLATION_CONNECTION */;
/*!40111 SET SQL_NOTES=@OLD_SQL_NOTES */;

-- Dump completed on 2017-07-23 16:38:24
