-- MySQL dump 10.13  Distrib 5.7.17, for Win64 (x86_64)
--
-- Host: localhost    Database: arrowsmith_scylla
-- ------------------------------------------------------
-- Server version	5.7.14

/*!40101 SET @OLD_CHARACTER_SET_CLIENT=@@CHARACTER_SET_CLIENT */;
/*!40101 SET @OLD_CHARACTER_SET_RESULTS=@@CHARACTER_SET_RESULTS */;
/*!40101 SET @OLD_COLLATION_CONNECTION=@@COLLATION_CONNECTION */;
/*!40101 SET NAMES utf8 */;
/*!40103 SET @OLD_TIME_ZONE=@@TIME_ZONE */;
/*!40103 SET TIME_ZONE='+00:00' */;
/*!40014 SET @OLD_UNIQUE_CHECKS=@@UNIQUE_CHECKS, UNIQUE_CHECKS=0 */;
/*!40014 SET @OLD_FOREIGN_KEY_CHECKS=@@FOREIGN_KEY_CHECKS, FOREIGN_KEY_CHECKS=0 */;
/*!40101 SET @OLD_SQL_MODE=@@SQL_MODE, SQL_MODE='NO_AUTO_VALUE_ON_ZERO' */;
/*!40111 SET @OLD_SQL_NOTES=@@SQL_NOTES, SQL_NOTES=0 */;

--
-- Table structure for table `alias`
--

DROP TABLE IF EXISTS `alias`;
/*!40101 SET @saved_cs_client     = @@character_set_client */;
/*!40101 SET character_set_client = utf8 */;
CREATE TABLE `alias` (
  `alias_id` int(11) NOT NULL AUTO_INCREMENT,
  `user_id` int(11) DEFAULT NULL,
  `alias_name` varchar(45) DEFAULT NULL,
  `time_stamp` timestamp NOT NULL DEFAULT CURRENT_TIMESTAMP ON UPDATE CURRENT_TIMESTAMP,
  PRIMARY KEY (`alias_id`)
) ENGINE=MyISAM AUTO_INCREMENT=23 DEFAULT CHARSET=latin1;
/*!40101 SET character_set_client = @saved_cs_client */;

--
-- Dumping data for table `alias`
--

LOCK TABLES `alias` WRITE;
/*!40000 ALTER TABLE `alias` DISABLE KEYS */;
INSERT INTO `alias` VALUES (1,11323906,'Nikko','2017-07-13 03:01:27'),(2,11323906,'Borja','2017-07-13 03:01:27'),(3,11324783,'Ken','2017-07-13 03:01:27'),(4,11324783,'Hapon','2017-07-13 03:01:27'),(5,11316330,'Jed','2017-07-13 03:01:27'),(6,11316330,'Jared','2017-07-13 03:01:27'),(7,11319992,'Mervin','2017-07-13 03:01:27'),(8,11319992,'Uy','2017-07-13 03:01:27'),(9,11111111,'Rey','2017-07-13 03:01:27'),(10,22222222,'Kylo','2017-07-13 03:01:27'),(11,33333333,'Han','2017-07-13 03:01:27'),(12,14444444,'Wang','2017-07-13 03:01:27'),(13,24444444,'Syfu','2017-07-13 03:01:27'),(14,34444444,'Patrick','2017-07-13 03:01:27'),(15,15555555,'Courtney','2017-07-13 03:01:27'),(16,25555555,'Bulos','2017-07-13 03:01:27'),(17,25555555,'Remy','2017-07-13 03:01:27'),(18,25555555,'Rems','2017-07-13 03:01:27'),(19,35555555,'Ethel','2017-07-13 03:01:27'),(20,17777777,'Dany','2017-07-13 03:01:27'),(21,27777777,'Joffrey','2017-07-13 03:01:27'),(22,37777777,'Jon','2017-07-13 03:01:27');
/*!40000 ALTER TABLE `alias` ENABLE KEYS */;
UNLOCK TABLES;

--
-- Table structure for table `area`
--

DROP TABLE IF EXISTS `area`;
/*!40101 SET @saved_cs_client     = @@character_set_client */;
/*!40101 SET character_set_client = utf8 */;
CREATE TABLE `area` (
  `area_id` int(11) NOT NULL AUTO_INCREMENT,
  `area_name` varchar(70) DEFAULT NULL,
  `time_stamp` timestamp NOT NULL DEFAULT CURRENT_TIMESTAMP ON UPDATE CURRENT_TIMESTAMP,
  PRIMARY KEY (`area_id`)
) ENGINE=MyISAM AUTO_INCREMENT=2 DEFAULT CHARSET=latin1;
/*!40101 SET character_set_client = @saved_cs_client */;

--
-- Dumping data for table `area`
--

LOCK TABLES `area` WRITE;
/*!40000 ALTER TABLE `area` DISABLE KEYS */;
INSERT INTO `area` VALUES (1,'No Area','2017-07-13 03:01:27');
/*!40000 ALTER TABLE `area` ENABLE KEYS */;
UNLOCK TABLES;

--
-- Table structure for table `batchinfo`
--

DROP TABLE IF EXISTS `batchinfo`;
/*!40101 SET @saved_cs_client     = @@character_set_client */;
/*!40101 SET character_set_client = utf8 */;
CREATE TABLE `batchinfo` (
  `batchinfo_id` int(11) NOT NULL AUTO_INCREMENT,
  `degreeprogram_id` int(11) NOT NULL,
  `batch` int(11) NOT NULL,
  `studentcount` int(11) NOT NULL,
  `time_stamp` timestamp NOT NULL DEFAULT CURRENT_TIMESTAMP ON UPDATE CURRENT_TIMESTAMP,
  PRIMARY KEY (`batchinfo_id`)
) ENGINE=InnoDB AUTO_INCREMENT=12 DEFAULT CHARSET=utf8;
/*!40101 SET character_set_client = @saved_cs_client */;

--
-- Dumping data for table `batchinfo`
--

LOCK TABLES `batchinfo` WRITE;
/*!40000 ALTER TABLE `batchinfo` DISABLE KEYS */;
INSERT INTO `batchinfo` VALUES (1,1,113,60,'2017-07-29 11:22:19'),(2,1,114,70,'2017-07-29 11:22:19'),(3,2,113,30,'2017-07-29 11:22:19'),(9,2,114,20,'2017-07-29 11:22:19'),(10,3,113,20,'2017-07-29 11:22:19'),(11,3,114,30,'2017-07-29 11:22:19');
/*!40000 ALTER TABLE `batchinfo` ENABLE KEYS */;
UNLOCK TABLES;

--
-- Table structure for table `building`
--

DROP TABLE IF EXISTS `building`;
/*!40101 SET @saved_cs_client     = @@character_set_client */;
/*!40101 SET character_set_client = utf8 */;
CREATE TABLE `building` (
  `building_id` int(11) NOT NULL AUTO_INCREMENT,
  `building_name` varchar(150) DEFAULT NULL,
  `building_code` varchar(10) DEFAULT NULL,
  `time_stamp` timestamp NOT NULL DEFAULT CURRENT_TIMESTAMP ON UPDATE CURRENT_TIMESTAMP,
  PRIMARY KEY (`building_id`)
) ENGINE=MyISAM AUTO_INCREMENT=18 DEFAULT CHARSET=latin1;
/*!40101 SET character_set_client = @saved_cs_client */;

--
-- Dumping data for table `building`
--

LOCK TABLES `building` WRITE;
/*!40000 ALTER TABLE `building` DISABLE KEYS */;
INSERT INTO `building` VALUES (1,'No Building','NB','2017-07-27 12:15:52'),(2,'St. La Salle Hall','LS','2017-07-27 12:15:52'),(3,'Velasco Hall','VL','2017-07-27 12:15:52'),(4,'Br. Gabriel Connon Hall','CH','2017-07-27 12:15:52'),(5,'Gokongwei Hall','GK','2017-07-27 12:15:52'),(6,'Br. Andrew Gonzales Hall','AG','2017-07-27 12:15:52'),(7,'Enrique Razon Sports Center','ER','2017-07-27 12:15:52'),(8,'Br. William Hall','WH','2017-07-27 12:15:52'),(9,'Br. John Hall','JH','2017-07-27 12:15:52'),(10,'Yuchengco Hall','Y','2017-07-27 12:15:52'),(11,'Bloemen Hall','BH','2017-07-27 12:15:52'),(12,'Henry Sy Sr. Hall','HSSH','2017-07-27 12:15:52'),(13,'St. Miguel Hall','SM','2017-07-27 12:15:52'),(14,'St. Joseph Hall','SJ','2017-07-27 12:15:52'),(15,'Mutien Marie Hall','MM','2017-07-27 12:15:52'),(16,'Science And Technology Research Center Hall','STRC','2017-07-27 12:15:52'),(17,'Science And Technology Complex','STC','2017-07-27 12:15:52');
/*!40000 ALTER TABLE `building` ENABLE KEYS */;
UNLOCK TABLES;

--
-- Table structure for table `college`
--

DROP TABLE IF EXISTS `college`;
/*!40101 SET @saved_cs_client     = @@character_set_client */;
/*!40101 SET character_set_client = utf8 */;
CREATE TABLE `college` (
  `college_id` int(11) NOT NULL AUTO_INCREMENT,
  `college_code` varchar(45) DEFAULT NULL,
  `college_name` varchar(100) DEFAULT NULL,
  `is_obsolete` int(11) DEFAULT NULL,
  `time_stamp` timestamp NOT NULL DEFAULT CURRENT_TIMESTAMP ON UPDATE CURRENT_TIMESTAMP,
  PRIMARY KEY (`college_id`)
) ENGINE=MyISAM AUTO_INCREMENT=10 DEFAULT CHARSET=latin1;
/*!40101 SET character_set_client = @saved_cs_client */;

--
-- Dumping data for table `college`
--

LOCK TABLES `college` WRITE;
/*!40000 ALTER TABLE `college` DISABLE KEYS */;
INSERT INTO `college` VALUES (1,'BAGCED','Br. Andrew Gonzalez College of Education',0,'2017-07-13 03:01:27'),(2,'CCS','College of Computer Studies',0,'2017-07-13 03:01:27'),(3,'COL','College of Law',0,'2017-07-13 03:01:27'),(4,'CLA','College of Liberal Arts',0,'2017-07-13 03:01:27'),(5,'COS','College of Science',0,'2017-07-13 03:01:27'),(6,'GCOE','Gokongwei College of Engineering',0,'2017-07-13 03:01:27'),(7,'RVRCOB','Ramon V. del Rosario College of Business',0,'2017-07-13 03:01:27'),(8,'SOE','School of Economics',0,'2017-07-13 03:01:27'),(9,'NC','No College',0,'2017-07-13 03:01:27');
/*!40000 ALTER TABLE `college` ENABLE KEYS */;
UNLOCK TABLES;

--
-- Table structure for table `constraints`
--

DROP TABLE IF EXISTS `constraints`;
/*!40101 SET @saved_cs_client     = @@character_set_client */;
/*!40101 SET character_set_client = utf8 */;
CREATE TABLE `constraints` (
  `constraint_id` int(11) NOT NULL AUTO_INCREMENT,
  `dept_id` int(11) DEFAULT NULL,
  `MAX_HOURS_PER_DAY` float DEFAULT NULL,
  `MAX_CONSECUTIVE_HOURS` float DEFAULT NULL,
  `MAX_PREPARATIONS` int(11) DEFAULT NULL,
  `MIN_PREPARATIONS` int(11) DEFAULT NULL,
  `MAX_LOAD_PARTTIME` float DEFAULT NULL,
  `MIN_LOAD_PARTTIME` float DEFAULT NULL,
  `MAX_LOAD_HALFTIME` float DEFAULT NULL,
  `MIN_LOAD_HALFTIME` float DEFAULT NULL,
  `MAX_LOAD_FULLTIME` float DEFAULT NULL,
  `MIN_LOAD_FULLTIME` float DEFAULT NULL,
  `time_stamp` timestamp NOT NULL DEFAULT CURRENT_TIMESTAMP ON UPDATE CURRENT_TIMESTAMP,
  PRIMARY KEY (`constraint_id`)
) ENGINE=MyISAM AUTO_INCREMENT=5 DEFAULT CHARSET=latin1;
/*!40101 SET character_set_client = @saved_cs_client */;

--
-- Dumping data for table `constraints`
--

LOCK TABLES `constraints` WRITE;
/*!40000 ALTER TABLE `constraints` DISABLE KEYS */;
INSERT INTO `constraints` VALUES (1,1,6,4.5,4,3,6,3,9,3,12,6,'2017-07-13 03:01:27'),(2,2,6,4.5,4,3,6,3,9,3,12,6,'2017-07-13 03:01:27'),(3,3,6,4.5,4,3,6,3,9,3,12,6,'2017-07-13 03:01:27'),(4,4,6,4.5,4,3,6,3,9,3,12,6,'2017-07-13 03:01:27');
/*!40000 ALTER TABLE `constraints` ENABLE KEYS */;
UNLOCK TABLES;

--
-- Table structure for table `course`
--

DROP TABLE IF EXISTS `course`;
/*!40101 SET @saved_cs_client     = @@character_set_client */;
/*!40101 SET character_set_client = utf8 */;
CREATE TABLE `course` (
  `course_id` int(11) NOT NULL AUTO_INCREMENT,
  `college_id` int(11) DEFAULT NULL,
  `dept_id` int(11) DEFAULT NULL,
  `area_id` int(11) DEFAULT NULL,
  `course_code` varchar(100) DEFAULT NULL,
  `course_name` varchar(150) DEFAULT NULL,
  `course_type` varchar(45) DEFAULT NULL,
  `units` float DEFAULT NULL,
  `remarks` varchar(100) DEFAULT NULL,
  `description` varchar(150) DEFAULT NULL,
  `time_stamp` timestamp NOT NULL DEFAULT CURRENT_TIMESTAMP ON UPDATE CURRENT_TIMESTAMP,
  PRIMARY KEY (`course_id`)
) ENGINE=MyISAM AUTO_INCREMENT=1496 DEFAULT CHARSET=latin1;
/*!40101 SET character_set_client = @saved_cs_client */;

--
-- Dumping data for table `course`
--

LOCK TABLES `course` WRITE;
/*!40000 ALTER TABLE `course` DISABLE KEYS */;
INSERT INTO `course` VALUES (1489,4,42,0,'LBYADV1','','TL',3,NULL,'','2017-07-13 03:01:27'),(1488,7,42,0,'LBYAPC1','','TL',3,NULL,'','2017-07-13 03:01:27'),(1487,2,12,0,'CSC792M','','TL',3,'CLOUDCO','','2017-07-28 14:03:14'),(1486,2,12,0,'INTPRG2','','TL',3,NULL,'','2017-07-13 03:01:27'),(1485,2,12,0,'WEBDIST','','TL',3,NULL,'','2017-07-13 03:01:27'),(1484,2,12,0,'CSC511C','','TL',3,'OS','','2017-07-28 14:03:14'),(1482,2,10,0,'CSC723D','','TL',3,NULL,'','2017-07-13 03:01:27'),(1483,2,12,0,'CSC502C','','TL',3,'JAVA','','2017-07-28 14:03:14'),(1481,2,10,0,'CSC713D','','TL',3,NULL,'','2017-07-13 03:01:27'),(1480,2,10,0,'MACLERN','','TL',3,'STELEC4','','2017-07-28 14:16:46'),(1479,2,10,0,'MACLERN','','TL',3,'STELEC1','','2017-07-28 14:16:46'),(1478,2,10,0,'MAC-LRN','','TL',3,'NEELEC2','','2017-07-28 14:18:31'),(1477,2,10,0,'IMAGPRO','','TL',3,'STELEC4','','2017-07-28 14:16:46'),(1475,2,10,0,'CSC612M','','TL',3,'COMARC','','2017-07-28 14:03:14'),(1476,2,10,0,'CSC512C','','TL',3,'COMPORG','','2017-07-28 14:03:14'),(1474,2,10,0,'EMTEC2','','TL',3,NULL,'','2017-07-13 03:01:27'),(1473,2,11,0,'CSC732M','','TL',3,'BUS.INT.','','2017-07-28 14:03:14'),(1472,2,10,0,'MODESTA','Modeling Simulation and Statistics','TL',3,NULL,'','2017-07-13 03:01:27'),(1471,2,12,0,'CSC615M','Automata Theory Formal Languages and Computational Complexity','TL',0,'AUTOMATA','','2017-07-28 14:03:14'),(1470,2,12,0,'CSC615M','Automata Theory Formal Languages and Computational Complexity','TL',3,'AUTOMATA','','2017-07-28 14:03:14'),(1469,2,12,0,'CSC745D','','TL',3,NULL,'','2017-07-13 03:01:27'),(1468,2,12,0,'CSC745M','','TL',3,NULL,'','2017-07-13 03:01:27'),(1467,2,12,0,'DIT571D','','TL',3,NULL,'','2017-07-13 03:01:27'),(1465,2,12,0,'CSC613M','','TL',3,NULL,'','2017-07-13 03:01:27'),(1466,2,12,0,'GRAD','','TL',3,NULL,'','2017-07-13 03:01:27'),(1464,2,12,0,'OPERSYS','Introduction to Operating Systems','TL',3,NULL,'','2017-07-13 03:01:27'),(1463,2,12,0,'INTESYS','Intelligent Systems','TL',3,NULL,'','2017-07-13 03:01:27'),(1462,2,12,0,'PRC-ST1','Practicum Course in ST','TL',1,NULL,'','2017-07-13 03:01:27'),(1460,2,12,0,'GRAPHIX','','TL',3,'STELEC1','','2017-07-28 14:16:46'),(1461,2,12,0,'STMETRE','Software Technology Research Methods','TL',3,NULL,'','2017-07-13 03:01:27'),(1459,2,12,0,'COMMAT1','','TL',3,NULL,'','2017-07-13 03:01:27'),(1458,2,12,0,'CSC741D','','TL',3,NULL,'','2017-07-13 03:01:27'),(1457,2,12,0,'MULTIRE','','TL',3,'STELEC4','','2017-07-28 14:16:46'),(1456,2,12,0,'GRADSCHOOL','','AL',3,NULL,'','2017-07-13 03:01:27'),(1454,2,12,0,'URCO-10 IR U 3TAY12','','RL',3,NULL,'','2017-07-13 03:01:27'),(1455,2,12,0,'CSC714M','','TL',3,'MULTIRE','','2017-07-28 14:03:14'),(1453,2,12,0,'THS-ST1','Thesis in Software Technology 1','TL',2,NULL,'','2017-07-13 03:01:27'),(1452,2,12,0,'URCO','','RL',6,NULL,'','2017-07-13 03:01:27'),(1451,2,12,0,'CSC755M','','TL',3,'XDASALGO','','2017-07-28 14:03:14'),(1450,2,12,0,'COMMAT2','','TL',3,NULL,'','2017-07-13 03:01:27'),(1448,2,12,0,'AVP-ES','','AL',12,NULL,'','2017-07-13 03:01:27'),(1449,2,12,0,'SOFENGG','Professional Software Development','TL',3,NULL,'','2017-07-13 03:01:27'),(1438,2,12,0,'DIT702D','','TL',3,NULL,'','2017-07-13 03:01:27'),(1439,2,12,0,'EA DIRECTOR','','AL',3,NULL,'','2017-07-13 03:01:27'),(1440,2,12,0,'DASTAPP','','TL',3,NULL,'','2017-07-13 03:01:27'),(1441,2,12,0,'LBYECON','','TL',3,NULL,'','2017-07-13 03:01:27'),(1442,2,12,0,'TSG','','AL',3,NULL,'','2017-07-13 03:01:27'),(1443,2,12,0,'NECOR04','','TL',3,NULL,'','2017-07-13 03:01:27'),(1444,2,12,0,'LBYNE04','','TL',2,NULL,'','2017-07-13 03:01:27'),(1445,9,42,0,'MICPRC2','','TL',3,NULL,'','2017-07-13 03:01:27'),(1446,2,12,0,'STADTEC','Development of Mobile Applications','TL',3,NULL,'','2017-07-13 03:01:27'),(1447,2,12,0,'INTROSE','Introduction to Software Engineering','TL',3,NULL,'','2017-07-13 03:01:27'),(1405,2,12,0,'RPW','RPW ','RL',3,NULL,'','2017-07-13 03:01:27'),(1406,2,12,0,'CSC505C','Data Structures and Algorithms','TL',3,'Dastruc','','2017-07-28 14:03:14'),(1407,2,12,0,'ST Vice Chair','Software Technology Vice Chair','AL',3,NULL,'','2017-07-13 03:01:27'),(1408,2,12,0,'IR: ECA','IR: ECA','RL',3,NULL,'','2017-07-13 03:01:27'),(1409,2,12,0,'Knowledge Sources','Knowledge Sources','RL',3,NULL,'','2017-07-13 03:01:27'),(1410,2,12,0,'CSC514C','Database Application Development','TL',3,'DB App Dev','','2017-07-28 14:03:14'),(1411,2,12,0,'ADVANSE','Advanced Software Engineering','TL',3,NULL,'','2017-07-13 03:01:27'),(1412,2,12,0,'MOBIDEV','Development Of Mobile Applications','TL',3,NULL,'','2017-07-13 03:01:27'),(1413,2,12,0,'3DMODEL','3D Modelling','TL',3,NULL,'','2017-07-13 03:01:27'),(1414,2,12,0,'CSC755M','Algorithms and Complexity','TL',3,'Algocom','','2017-07-28 14:03:14'),(1415,2,12,0,'CIS556M','Programming Languages with Advanced Data Structures','TL',3,'ProgLan w/ Adv DaStruct','','2017-07-28 14:03:14'),(1416,2,12,0,'URCO - w/COE','URCO w/ COE','RL',6,NULL,'','2017-07-13 03:01:27'),(1417,2,12,0,'DESPATT','Design Patterns','TL',3,NULL,'','2017-07-13 03:01:27'),(1418,2,12,0,'PAASCU','PAASCU','RL',3,NULL,'','2017-07-13 03:01:27'),(1419,2,12,0,'EMPATHY','Empathic Computing','TL',3,NULL,'','2017-07-13 03:01:27'),(1420,2,12,0,'solo','research','RL',3,NULL,'','2017-07-13 03:01:27'),(1421,2,12,0,'WEBDEVE','Web Development Development','TL',3,NULL,'','2017-07-13 03:01:27'),(1422,2,12,0,'WEBPROG','Web Programming','TL',3,NULL,'','2017-07-13 03:01:27'),(1423,2,12,0,'AN-MODE','SYSTEMS ANALYSIS AND DESIGN PROJECT','TL',1,NULL,'','2017-07-13 03:01:27'),(1424,2,12,0,'COMMAT4','Computer for Mathematics 4','TL',3,NULL,'','2017-07-13 03:01:27'),(1425,2,12,0,'CSC713M','Machine Learning','TL',3,'Machine Learning','','2017-07-28 14:03:14'),(1426,1,5,0,'PERSEF2','Personal Effectiveness 2','TL',2,NULL,'','2017-07-13 03:01:27'),(1427,2,12,0,'CSC511C','Operating Systems','TL',3,NULL,'','2017-07-13 03:01:27'),(1428,2,12,0,'DASTRAP','Applied Data Structures and Algorithms','TL',3,NULL,'','2017-07-13 03:01:27'),(1429,2,12,0,'TECHPRE','Techpreneurship','TL',3,NULL,'','2017-07-13 03:01:27'),(1430,2,12,0,'SOFTMAN','Software Management','TL',3,NULL,'','2017-07-13 03:01:27'),(1431,2,12,0,'COMLAB1','Computer Laboratory 1','TL',3,NULL,'','2017-07-13 03:01:27'),(1432,2,12,0,'COMPRG2','Computer Programming 2','TL',3,NULL,'','2017-07-13 03:01:27'),(1433,2,12,0,'ADVDISC','Advance Discrete Structures','TL',3,NULL,'','2017-07-13 03:01:27'),(1434,2,12,0,'ADVSTAT','Advance Statistics and Probability for ST','TL',3,NULL,'','2017-07-13 03:01:27'),(1435,2,12,0,'EMTEC2','','TL',0,NULL,'','2017-07-13 03:01:27'),(1436,2,12,0,'CSC514C','','TL',0,'DB&SE','','2017-07-28 14:03:14'),(1437,2,12,0,'CIS201M','','TL',3,'ADVANDB','','2017-07-28 14:03:14'),(1404,2,12,0,'IE4QA','IEQ4QA','RL',3,NULL,'','2017-07-13 03:01:27'),(1403,2,12,0,'ST Chair','Software Technology Chair','AL',6,NULL,'','2017-07-13 03:01:27'),(1402,2,12,0,'COMMAT3','Computer for Mathematics 3','TL',3,NULL,'','2017-07-13 03:01:27'),(1401,2,12,0,'Thesis Grant','Thesis Grant','AL',6,NULL,'','2017-07-13 03:01:27'),(1400,2,12,0,'INTRPRG','Introduction to Programming and Logic Formulation','TL',3,NULL,'','2017-07-13 03:01:27'),(1399,2,12,0,'INTRNLP','Introduction To Natural Language Processing','TL',3,NULL,'','2017-07-13 03:01:27'),(1398,2,12,0,'CSC714M','Introduction To Natural Language Processing','TL',3,'Intro NLP','','2017-07-28 14:03:14'),(1397,2,12,0,'Thesis Grant','Thesis Grant','AL',3,NULL,'','2017-07-13 03:01:27'),(1396,2,12,0,'CSC504C','Object Oriented Programming with Java','TL',3,'ObjectP/Java','','2017-07-28 14:03:14'),(1395,2,12,0,'ADVANDB','Advanced Database Systems','TL',3,NULL,'','2017-07-13 03:01:27'),(1394,2,12,0,'CSC615M','Automata Theory and Formal Languages and Computational Complexity','TL',3,'XAUTOMA','','2017-07-28 14:03:14'),(1393,2,12,0,'CIS201M','CIS201M','TL',3,NULL,'','2017-07-13 03:01:27'),(1392,2,12,0,'CIS559M','Advanced Database Systems','TL',3,'ADVANDB','','2017-07-28 14:03:14'),(1391,2,12,0,'THEOCOM','Automata Theory and Formal Languages and Computational Complexity','TL',3,NULL,'','2017-07-13 03:01:27'),(1378,2,12,0,'CSC105M','','TL',3,NULL,'','2017-07-13 03:01:27'),(1379,2,12,0,'ADVPROG','','TL',3,NULL,'','2017-07-13 03:01:27'),(1380,2,12,0,'OBJECTP','Introduction to Object Oriented Programming','TL',3,NULL,'','2017-07-13 03:01:27'),(1381,4,18,0,'JAPALA1','','TL',3,NULL,'','2017-11-15 05:40:58'),(1382,2,12,0,'PRJTMAN','','TL',3,NULL,'','2017-07-13 03:01:27'),(1383,2,12,0,'CSC104M','','TL',3,NULL,'','2017-07-13 03:01:27'),(1384,2,12,0,'CSC721M','Neural Nets','TL',3,'Neural Nets','','2017-07-28 14:03:14'),(1385,2,12,0,'VCR','Vice Chancellor Of Academic','AL',12,NULL,'','2017-07-13 03:01:27'),(1386,2,12,0,'CEC Director ','CEC Director','AL',6,NULL,'','2017-07-13 03:01:27'),(1387,2,12,0,'ALGOCOM','Algorithms and Complexity','TL',3,NULL,'','2017-07-13 03:01:27'),(1388,2,12,0,'CSC617M','Programming Languages','TL',3,'ProgLan','','2017-07-28 14:03:14'),(1389,2,12,0,'COMPILE','Compiler Theory','TL',3,NULL,'','2017-07-13 03:01:27'),(1390,2,12,0,'CSC506C','Discrete Structures','TL',3,'Disctru','','2017-07-28 14:03:14'),(1377,2,12,0,'CSC504C','','TL',3,NULL,'','2017-07-13 03:01:27'),(1376,2,11,0,'DASTAPP','','TL',3,NULL,'','2017-07-13 03:01:27'),(1375,2,12,0,'GAM-DEV','Game Development','TL',3,NULL,'','2017-07-13 03:01:27'),(1374,2,12,0,'DESIPAT','Design Patterns','TL',3,NULL,'','2017-07-13 03:01:27'),(1373,2,12,0,'WEB-PRG','','TL',3,NULL,'','2017-07-13 03:01:27'),(1372,2,12,0,'EMTEC2','','TL',3,NULL,'','2017-07-13 03:01:27'),(1371,2,12,0,'DEV-WEB','Web Applications Development','TL',3,NULL,'','2017-07-13 03:01:27'),(1370,2,12,0,'DIT704D','','TL',3,NULL,'','2017-07-13 03:01:27'),(1369,2,12,0,'Dean','','AL',12,NULL,'','2017-07-13 03:01:27'),(1368,2,12,0,'ROSEN','','RL',6,NULL,'','2017-07-13 03:01:27'),(1367,2,12,0,'PRC-ST1','Practicum Course in ST','TL',1,NULL,'','2017-07-28 14:13:15'),(1366,2,12,0,'CSC701M','','TL',3,NULL,'','2017-07-13 03:01:27'),(1365,2,12,0,'CSC731M','','TL',3,NULL,'','2017-07-13 03:01:27'),(1364,2,12,0,'URCO','','RL',5,NULL,'','2017-07-13 03:01:27'),(1363,2,12,0,'GRAD SCHOOL-MS','','AL',1,NULL,'','2017-07-13 03:01:27'),(1361,2,12,0,'ADRIC DIRECTOR','','AL',6,NULL,'','2017-07-13 03:01:27'),(1362,2,12,0,'CMPHOTO','','TL',3,NULL,'','2017-07-13 03:01:27'),(1360,2,12,0,'URCO','','RL',3,NULL,'','2017-07-13 03:01:27'),(1359,2,12,0,'THESST2','','TL',2,NULL,'','2017-07-13 03:01:27'),(1338,2,12,0,'INOVATE','','TL',3,NULL,'','2017-07-13 03:01:27'),(1339,2,12,0,'SWDESPA','Introduction to Software Design Patterns','TL',3,NULL,'','2017-07-13 03:01:27'),(1340,2,12,0,'CSC505C','','TL',3,NULL,'','2017-07-13 03:01:27'),(1341,2,12,0,'DATSTRU','','TL',3,NULL,'','2017-07-13 03:01:27'),(1342,2,12,0,'VICE CHAIR','','AL',3,NULL,'','2017-07-13 03:01:27'),(1343,2,12,0,'SW-ENGG','','TL',3,NULL,'','2017-07-13 03:01:27'),(1344,9,42,0,'EMPTEC2','','TL',3,NULL,'','2017-07-13 03:01:27'),(1345,2,12,0,'COMPRO1','Introduction to Computer Programming 1','TL',3,NULL,'','2017-07-13 03:01:27'),(1346,2,12,0,'LOGPROG','','TL',3,NULL,'','2017-07-13 03:01:27'),(1347,2,12,0,'FORMDEV','','TL',3,NULL,'','2017-07-13 03:01:27'),(1348,9,42,0,'AVP-ES','','AL',12,NULL,'','2017-07-13 03:01:27'),(1349,2,12,0,'INTRODB','Introduction to Database','TL',3,NULL,'','2017-07-13 03:01:27'),(1350,2,12,0,'PROGLAN','','TL',3,NULL,'','2017-07-13 03:01:27'),(1351,9,42,0,'URCO','','RL',3,NULL,'','2017-07-13 03:01:27'),(1352,9,42,0,'SERVICE LEAVE','','LL',12,NULL,'','2017-07-13 03:01:27'),(1353,2,12,0,'GRAD SCHOOL-PHD','','AL',2,NULL,'','2017-07-13 03:01:27'),(1354,2,12,0,'VICE DEAN','','AL',10,NULL,'','2017-07-13 03:01:27'),(1355,2,12,0,'MOBAPDE','Mobile Applications Development','TL',3,NULL,'','2017-07-13 03:01:27'),(1356,2,12,0,'THS-ST2','Thesis in Software Technology 2','TL',2,NULL,'','2017-07-13 03:01:27'),(1357,2,12,0,'THS-ST3','Thesis in Software Technology 3','TL',2,NULL,'','2017-07-13 03:01:27'),(1358,2,12,0,'THS-ST4','Thesis in Software Technology 4','TL',2,NULL,'','2017-07-13 03:01:27'),(1337,9,42,0,'INFOSCU','','RL',3,NULL,'','2017-07-13 03:01:27'),(1336,9,42,0,'What project?','','RL',1,NULL,'','2017-07-13 03:01:27'),(1335,2,12,0,'LBY-HCK','Laboratory for Ethical Hacking','TL',2,NULL,'','2017-07-13 03:01:27'),(1334,2,12,0,'HCK-LCT','Lecture on Ethical Hacking','TL',3,NULL,'','2017-07-13 03:01:27'),(1333,2,12,0,'CSC611M','','TL',3,NULL,'','2017-07-13 03:01:27'),(1332,9,42,0,'TSG','','AL',3,NULL,'','2017-07-13 03:01:27'),(1331,2,12,0,'EMTECH1','','RL',3,NULL,'','2017-07-13 03:01:27'),(1330,2,12,0,'CTTREND','','TL',3,NULL,'','2017-07-13 03:01:27'),(1329,2,12,0,'COMALGO','Complexity and Algorithm','TL',3,NULL,'','2017-07-13 03:01:27'),(1328,2,12,0,'JUBILEE','','RL',3,NULL,'','2017-07-13 03:01:27'),(1327,2,12,0,'DISCTRU','Introduction to Discrete Structures','TL',3,NULL,'','2017-07-13 03:01:27'),(1326,2,12,0,'PRAC. RESEARCH','','TL',3,NULL,'','2017-07-13 03:01:27'),(1325,9,42,0,'ROSEN','','RL',3,NULL,'','2017-07-13 03:01:27'),(1324,2,12,0,'CSC617M','','TL',3,NULL,'','2017-07-13 03:01:27'),(1323,9,42,0,'EA DIRECTOR','','AL',3,NULL,'','2017-07-13 03:01:27'),(1322,2,12,0,'CSETHIC','','TL',3,NULL,'','2017-07-13 03:01:27'),(1321,2,12,0,'CHAIR','','AL',6,NULL,'','2017-07-13 03:01:27'),(1320,2,12,0,'CSC742M','','TL',3,NULL,'','2017-07-13 03:01:27'),(1319,2,12,0,'INTROOS','Introduction to Operating Systems','TL',3,NULL,'','2017-07-13 03:01:27'),(1318,9,42,0,'SAB LEAVE','Sabbatical Leave','AL',12,NULL,'','2017-07-13 03:01:27'),(1317,2,12,0,'CSC755M','','TL',3,NULL,'','2017-07-13 03:01:27'),(1316,2,12,0,'STC Pioneer Faculty','','AL',9,NULL,'','2017-07-13 03:01:27'),(1315,2,12,0,'COMPRO2','Introduction to Computer Programming 2','TL',3,NULL,'','2017-07-13 03:01:27'),(1314,2,12,0,'WIR-TEC','Wireless Technology','TL',3,NULL,'','2017-07-13 03:01:27'),(1313,2,12,0,'MODESTA','Introduction to Statistics','TL',3,NULL,'','2017-07-13 03:01:27'),(1312,2,12,0,'ST-STAT','Introduction to Statistics','TL',3,NULL,'','2017-07-13 03:01:27'),(1490,2,12,0,'STELEC1',NULL,'TL',3,NULL,NULL,'2017-07-28 14:24:50'),(1491,2,12,0,'STELEC2',NULL,'TL',3,NULL,NULL,'2017-07-28 14:24:50'),(1492,2,12,0,'STELEC3',NULL,'TL',3,NULL,NULL,'2017-07-28 14:24:50'),(1493,2,12,0,'STELEC4',NULL,'TL',3,NULL,NULL,'2017-07-28 14:24:50'),(1494,2,10,0,'NEELEC2',NULL,'TL',3,NULL,NULL,'2017-07-28 14:28:26'),(1495,4,18,0,'FRENCH1','French Language 1','TL',3,NULL,NULL,'2017-11-15 05:40:58');
/*!40000 ALTER TABLE `course` ENABLE KEYS */;
UNLOCK TABLES;

--
-- Table structure for table `days`
--

DROP TABLE IF EXISTS `days`;
/*!40101 SET @saved_cs_client     = @@character_set_client */;
/*!40101 SET character_set_client = utf8 */;
CREATE TABLE `days` (
  `days_id` int(11) NOT NULL AUTO_INCREMENT,
  `offering_id` int(11) DEFAULT NULL,
  `room_id` int(11) DEFAULT NULL,
  `class_day` varchar(4) DEFAULT NULL,
  `begin_time` int(11) DEFAULT NULL,
  `end_time` int(11) DEFAULT NULL,
  `time_stamp` timestamp NOT NULL DEFAULT CURRENT_TIMESTAMP ON UPDATE CURRENT_TIMESTAMP,
  PRIMARY KEY (`days_id`)
) ENGINE=MyISAM AUTO_INCREMENT=1098 DEFAULT CHARSET=latin1;
/*!40101 SET character_set_client = @saved_cs_client */;

--
-- Dumping data for table `days`
--

LOCK TABLES `days` WRITE;
/*!40000 ALTER TABLE `days` DISABLE KEYS */;
INSERT INTO `days` VALUES (539,442,60,'M',1440,1610,'2017-07-27 08:50:11'),(538,439,60,'T',1800,2100,'2017-07-27 08:50:11'),(537,438,60,'F',1800,2100,'2017-07-27 08:50:11'),(536,437,60,'W',915,1045,'2017-07-27 08:50:11'),(535,437,60,'M',915,1045,'2017-07-27 08:50:11'),(534,436,60,'W',915,1230,'2017-07-27 08:50:11'),(533,435,60,'H',915,1045,'2017-07-27 08:50:11'),(532,435,60,'T',915,1045,'2017-07-27 08:50:11'),(531,433,60,'W',915,1045,'2017-07-27 08:50:11'),(530,433,60,'M',915,1045,'2017-07-27 08:50:11'),(529,432,60,'W',1100,1230,'2017-07-27 08:50:11'),(528,432,60,'M',1100,1230,'2017-07-27 08:50:11'),(527,431,60,'H',1100,1230,'2017-07-27 08:50:11'),(526,431,60,'T',1100,1230,'2017-07-27 08:50:11'),(525,430,60,'H',1800,2100,'2017-07-27 08:50:11'),(524,429,60,'H',1800,2100,'2017-07-27 08:50:11'),(523,428,60,'F',915,1230,'2017-07-27 08:50:11'),(522,427,60,'W',730,900,'2017-07-27 08:50:11'),(520,426,60,'H',915,1045,'2017-07-27 08:50:11'),(521,427,60,'M',730,900,'2017-07-27 08:50:11'),(519,426,60,'T',915,1045,'2017-07-27 08:50:11'),(518,425,60,'H',915,1045,'2017-07-27 08:50:11'),(517,425,60,'T',915,1045,'2017-07-27 08:50:11'),(516,424,60,'M',1430,1745,'2017-07-27 08:50:11'),(515,423,60,'H',915,1045,'2017-07-27 08:50:11'),(514,423,60,'T',915,1045,'2017-07-27 08:50:11'),(513,422,60,'H',730,900,'2017-07-27 08:50:11'),(512,422,60,'T',730,900,'2017-07-27 08:50:11'),(511,421,60,'W',900,1030,'2017-07-27 08:50:11'),(510,421,60,'M',900,1030,'2017-07-27 08:50:11'),(509,420,60,'W',1100,1230,'2017-07-27 08:50:11'),(508,420,60,'M',1100,1230,'2017-07-27 08:50:11'),(507,419,60,'W',1245,1415,'2017-07-27 08:50:11'),(506,419,60,'M',1245,1415,'2017-07-27 08:50:11'),(505,418,60,'S',900,1200,'2017-07-27 08:50:11'),(504,414,60,'M',915,1230,'2017-07-27 08:50:11'),(503,409,60,'W',915,1045,'2017-07-27 08:50:11'),(502,409,60,'M',915,1045,'2017-07-27 08:50:11'),(501,408,60,'H',1800,2100,'2017-07-27 08:50:11'),(500,407,60,'H',1430,1600,'2017-07-27 08:50:11'),(499,407,60,'T',1430,1600,'2017-07-27 08:50:11'),(498,406,60,'W',1100,1230,'2017-07-27 08:50:11'),(497,406,60,'M',1100,1230,'2017-07-27 08:50:11'),(496,405,60,'W',915,1045,'2017-07-27 08:50:11'),(495,405,60,'M',915,1045,'2017-07-27 08:50:11'),(494,404,60,'W',1800,2100,'2017-07-27 08:50:11'),(493,401,60,'W',1430,1600,'2017-07-27 08:50:11'),(492,401,60,'M',1430,1600,'2017-07-27 08:50:11'),(491,400,60,'M',915,1230,'2017-07-27 08:50:11'),(490,399,60,'W',1430,1745,'2017-07-27 08:50:11'),(489,398,60,'H',1100,1230,'2017-07-27 08:50:11'),(488,398,60,'T',1100,1230,'2017-07-27 08:50:11'),(487,397,60,'H',915,1045,'2017-07-27 08:50:11'),(486,397,60,'T',915,1045,'2017-07-27 08:50:11'),(485,395,60,'W',730,900,'2017-07-27 08:50:11'),(484,395,60,'M',730,900,'2017-07-27 08:50:11'),(483,394,60,'H',1100,1230,'2017-07-27 08:50:11'),(482,394,60,'T',1100,1230,'2017-07-27 08:50:11'),(481,393,60,'H',915,1045,'2017-07-27 08:50:11'),(480,393,60,'T',915,1045,'2017-07-27 08:50:11'),(479,387,60,'W',1430,1745,'2017-07-27 08:50:11'),(478,386,60,'H',1100,1230,'2017-07-27 08:50:11'),(477,386,60,'T',1100,1230,'2017-07-27 08:50:11'),(476,385,60,'M',1430,1745,'2017-07-27 08:50:11'),(475,380,60,'W',1100,1230,'2017-07-27 08:50:11'),(472,379,60,'M',915,1045,'2017-07-27 08:50:11'),(473,379,60,'W',915,1045,'2017-07-27 08:50:11'),(474,380,60,'M',1100,1230,'2017-07-27 08:50:11'),(471,376,60,'W',1615,1745,'2017-07-27 08:50:11'),(470,376,60,'M',1615,1745,'2017-07-27 08:50:11'),(468,375,60,'M',1100,1230,'2017-07-27 08:50:11'),(469,375,60,'W',1100,1230,'2017-07-27 08:50:11'),(467,374,60,'W',1430,1600,'2017-07-27 08:50:11'),(466,374,60,'M',1430,1600,'2017-07-27 08:50:11'),(465,373,60,'H',1615,1745,'2017-07-27 08:50:11'),(464,373,60,'T',1615,1745,'2017-07-27 08:50:11'),(463,369,60,'H',915,1045,'2017-07-27 08:50:11'),(462,369,60,'T',915,1045,'2017-07-27 08:50:11'),(461,368,60,'H',730,900,'2017-07-27 08:50:11'),(460,368,60,'T',730,900,'2017-07-27 08:50:11'),(459,367,60,'W',1245,1415,'2017-07-27 08:50:11'),(458,367,60,'M',1245,1415,'2017-07-27 08:50:11'),(457,364,60,'T',1800,2100,'2017-07-27 08:50:11'),(456,363,60,'W',1100,1230,'2017-07-27 08:50:11'),(455,363,60,'M',1100,1230,'2017-07-27 08:50:11'),(454,362,60,'W',1430,1600,'2017-07-27 08:50:11'),(453,362,60,'M',1430,1600,'2017-07-27 08:50:11'),(452,361,60,'H',915,1045,'2017-07-27 08:50:11'),(450,360,60,'W',1300,1430,'2017-07-27 08:50:11'),(451,361,60,'T',915,1045,'2017-07-27 08:50:11'),(449,360,60,'M',1300,1430,'2017-07-27 08:50:11'),(448,358,60,'H',1100,1230,'2017-07-27 08:50:11'),(447,358,60,'T',1100,1230,'2017-07-27 08:50:11'),(446,357,60,'H',915,1045,'2017-07-27 08:50:11'),(445,357,60,'T',915,1045,'2017-07-27 08:50:11'),(444,356,60,'H',1800,2100,'2017-07-27 08:50:11'),(443,354,60,'H',1245,1415,'2017-07-27 08:50:11'),(442,354,60,'T',1245,1415,'2017-07-27 08:50:11'),(441,353,60,'H',1100,1230,'2017-07-27 08:50:11'),(440,353,60,'T',1100,1230,'2017-07-27 08:50:11'),(439,352,60,'W',915,1045,'2017-07-27 08:50:11'),(438,352,60,'M',915,1045,'2017-07-27 08:50:11'),(437,351,60,'W',1430,1600,'2017-07-27 08:50:11'),(436,351,60,'M',1430,1600,'2017-07-27 08:50:11'),(435,350,60,'T',735,915,'2017-07-27 08:50:11'),(434,350,60,'T',735,1015,'2017-07-27 08:50:11'),(433,349,60,'W',1100,1230,'2017-07-27 08:50:11'),(432,349,60,'M',1100,1230,'2017-07-27 08:50:11'),(431,348,60,'W',915,1045,'2017-07-27 08:50:11'),(430,348,60,'M',915,1045,'2017-07-27 08:50:11'),(429,347,60,'W',730,900,'2017-07-27 08:50:11'),(428,347,60,'M',730,900,'2017-07-27 08:50:11'),(427,346,60,'W',1530,1700,'2017-07-27 08:50:11'),(425,344,60,'M',1800,2100,'2017-07-27 08:50:11'),(426,346,60,'M',1530,1700,'2017-07-27 08:50:11'),(424,342,60,'M',1430,1745,'2017-07-27 08:50:11'),(423,341,60,'M',915,1230,'2017-07-27 08:50:11'),(422,339,60,'W',1100,1230,'2017-07-27 08:50:11'),(421,339,60,'M',1100,1230,'2017-07-27 08:50:11'),(420,338,60,'W',915,1045,'2017-07-27 08:50:11'),(419,338,60,'M',915,1045,'2017-07-27 08:50:11'),(418,337,60,'T',1800,2100,'2017-07-27 08:50:11'),(417,336,60,'H',1615,1745,'2017-07-27 08:50:11'),(416,336,60,'T',1615,1745,'2017-07-27 08:50:11'),(415,334,60,'T',1800,2100,'2017-07-27 08:50:11'),(414,332,60,'H',1100,1230,'2017-07-27 08:50:11'),(413,332,60,'T',1100,1230,'2017-07-27 08:50:11'),(412,331,60,'W',1245,1415,'2017-07-27 08:50:11'),(411,331,60,'M',1245,1415,'2017-07-27 08:50:11'),(410,330,60,'W',1430,1600,'2017-07-27 08:50:11'),(409,330,60,'M',1430,1600,'2017-07-27 08:50:11'),(408,329,60,'W',1430,1600,'2017-07-27 08:50:11'),(407,329,60,'M',1430,1600,'2017-07-27 08:50:11'),(540,442,60,'W',1440,1610,'2017-07-27 08:50:11'),(541,443,60,'M',1800,2100,'2017-07-27 08:50:11'),(542,445,60,'M',940,1110,'2017-07-27 08:50:11'),(543,445,60,'W',940,1110,'2017-07-27 08:50:11'),(544,446,60,'M',1300,1430,'2017-07-27 08:50:11'),(545,446,60,'W',1300,1430,'2017-07-27 08:50:11'),(546,447,60,'T',1440,1610,'2017-07-27 08:50:11'),(547,447,60,'H',1440,1610,'2017-07-27 08:50:11'),(548,448,60,'H',1800,2100,'2017-07-27 08:50:11'),(549,449,60,'T',940,1110,'2017-07-27 08:50:11'),(550,449,60,'H',940,1110,'2017-07-27 08:50:11'),(551,450,60,'T',1300,1430,'2017-07-27 08:50:11'),(552,450,60,'H',1300,1430,'2017-07-27 08:50:11'),(553,451,60,'T',1440,1610,'2017-07-27 08:50:11'),(554,451,60,'H',1440,1610,'2017-07-27 08:50:11'),(555,452,60,'M',1800,2100,'2017-07-27 08:50:11'),(556,456,60,'T',1120,1250,'2017-07-27 08:50:11'),(557,456,60,'H',1120,1250,'2017-07-27 08:50:11'),(558,457,60,'T',1300,1430,'2017-07-27 08:50:11'),(559,457,60,'H',1300,1430,'2017-07-27 08:50:11'),(560,458,60,'W',1800,2100,'2017-07-27 08:50:11'),(561,460,60,'M',1300,1430,'2017-07-27 08:50:11'),(562,460,60,'W',1300,1430,'2017-07-27 08:50:11'),(563,461,60,'M',1440,1610,'2017-07-27 08:50:11'),(564,461,60,'W',1440,1610,'2017-07-27 08:50:11'),(565,462,60,'T',940,1110,'2017-07-27 08:50:11'),(566,462,60,'H',940,1110,'2017-07-27 08:50:11'),(567,463,60,'T',1300,1430,'2017-07-27 08:50:11'),(568,463,60,'H',1300,1430,'2017-07-27 08:50:11'),(569,464,60,'M',940,1110,'2017-07-27 08:50:11'),(570,464,60,'W',940,1110,'2017-07-27 08:50:11'),(571,465,60,'M',1120,1250,'2017-07-27 08:50:11'),(572,465,60,'W',1120,1250,'2017-07-27 08:50:11'),(573,466,60,'M',1800,2100,'2017-07-27 08:50:11'),(574,467,60,'T',940,1110,'2017-07-27 08:50:11'),(575,467,60,'H',940,1110,'2017-07-27 08:50:11'),(576,469,60,'T',1300,1430,'2017-07-27 08:50:11'),(577,469,60,'H',1300,1430,'2017-07-27 08:50:11'),(578,470,60,'M',940,1110,'2017-07-27 08:50:11'),(579,470,60,'W',940,1110,'2017-07-27 08:50:11'),(580,471,60,'M',1300,1430,'2017-07-27 08:50:11'),(581,471,60,'W',1300,1430,'2017-07-27 08:50:11'),(582,472,60,'T',1120,1250,'2017-07-27 08:50:11'),(583,472,60,'H',1120,1250,'2017-07-27 08:50:11'),(584,473,60,'T',1440,1610,'2017-07-27 08:50:11'),(585,473,60,'H',1440,1610,'2017-07-27 08:50:11'),(586,474,60,'M',1120,1250,'2017-07-27 08:50:11'),(587,474,60,'W',1120,1250,'2017-07-27 08:50:11'),(588,475,60,'T',1300,1430,'2017-07-27 08:50:11'),(589,475,60,'H',1300,1430,'2017-07-27 08:50:11'),(590,481,60,'M',800,930,'2017-07-27 08:50:11'),(591,481,60,'W',800,930,'2017-07-27 08:50:11'),(592,482,60,'M',940,1110,'2017-07-27 08:50:11'),(593,482,60,'W',940,1110,'2017-07-27 08:50:11'),(594,483,60,'M',1300,1430,'2017-07-27 08:50:11'),(595,483,60,'W',1300,1430,'2017-07-27 08:50:11'),(596,484,60,'T',1800,2100,'2017-07-27 08:50:11'),(597,485,60,'M',940,1110,'2017-07-27 08:50:11'),(598,485,60,'W',940,1110,'2017-07-27 08:50:11'),(599,491,60,'T',940,1110,'2017-07-27 08:50:11'),(600,491,60,'H',940,1110,'2017-07-27 08:50:11'),(601,492,60,'T',1120,1250,'2017-07-27 08:50:11'),(602,492,60,'H',1120,1250,'2017-07-27 08:50:11'),(603,495,60,'M',1120,1250,'2017-07-27 08:50:11'),(604,495,60,'W',1120,1250,'2017-07-27 08:50:11'),(605,496,60,'M',1300,1430,'2017-07-27 08:50:11'),(606,496,60,'W',1300,1430,'2017-07-27 08:50:11'),(607,497,60,'T',1300,1430,'2017-07-27 08:50:11'),(608,497,60,'H',1300,1430,'2017-07-27 08:50:11'),(609,498,25,'T',1440,1610,'2017-08-03 05:51:14'),(610,498,25,'H',1440,1610,'2017-08-03 05:51:14'),(611,499,60,'T',1800,2100,'2017-07-27 08:50:11'),(612,500,60,'H',1800,2100,'2017-07-27 08:50:11'),(613,503,60,'M',1300,1430,'2017-07-27 08:50:11'),(614,503,60,'W',1300,1430,'2017-07-27 08:50:11'),(615,504,60,'M',1120,1250,'2017-07-27 08:50:11'),(616,504,60,'W',1120,1250,'2017-07-27 08:50:11'),(617,505,60,'M',1620,1750,'2017-07-27 08:50:11'),(618,505,60,'W',1620,1750,'2017-07-27 08:50:11'),(619,507,60,'M',940,1110,'2017-07-27 08:50:11'),(620,507,60,'W',940,1110,'2017-07-27 08:50:11'),(621,510,60,'M',940,1110,'2017-07-27 08:50:11'),(622,510,60,'W',940,1110,'2017-07-27 08:50:11'),(623,511,60,'M',1120,1250,'2017-07-27 08:50:11'),(624,511,60,'W',1120,1250,'2017-07-27 08:50:11'),(625,512,60,'M',1440,1610,'2017-07-27 08:50:11'),(626,512,60,'W',1440,1610,'2017-07-27 08:50:11'),(627,513,60,'M',1620,1750,'2017-07-27 08:50:11'),(628,513,60,'W',1620,1750,'2017-07-27 08:50:11'),(629,514,60,'T',1120,1220,'2017-07-27 08:50:11'),(630,516,60,'M',1300,1430,'2017-07-27 08:50:11'),(631,516,60,'W',1300,1430,'2017-07-27 08:50:11'),(632,517,60,'M',1440,1610,'2017-07-27 08:50:11'),(633,517,60,'W',1440,1610,'2017-07-27 08:50:11'),(634,518,60,'W',1800,2100,'2017-07-27 08:50:11'),(635,519,60,'F',1120,1320,'2017-07-27 08:50:11'),(636,521,60,'T',940,1110,'2017-07-27 08:50:11'),(637,521,60,'H',940,1110,'2017-07-27 08:50:11'),(638,522,60,'T',1120,1250,'2017-07-27 08:50:11'),(639,522,60,'H',1120,1250,'2017-07-27 08:50:11'),(640,523,60,'M',940,1110,'2017-07-27 08:50:11'),(641,523,60,'W',940,1110,'2017-07-27 08:50:11'),(642,524,60,'M',1300,1430,'2017-07-27 08:50:11'),(643,524,60,'W',1300,1430,'2017-07-27 08:50:11'),(644,525,60,'T',1120,1250,'2017-07-27 08:50:11'),(645,525,60,'H',1120,1250,'2017-07-27 08:50:11'),(646,526,60,'T',1440,1610,'2017-07-27 08:50:11'),(647,526,60,'H',1440,1610,'2017-07-27 08:50:11'),(648,527,60,'T',1620,1750,'2017-07-27 08:50:11'),(649,527,60,'H',1620,1750,'2017-07-27 08:50:11'),(650,528,60,'M',1120,1250,'2017-07-27 08:50:11'),(651,528,60,'W',1120,1250,'2017-07-27 08:50:11'),(652,529,60,'T',800,930,'2017-07-27 08:50:11'),(653,529,60,'H',800,930,'2017-07-27 08:50:11'),(654,530,60,'T',1120,1250,'2017-07-27 08:50:11'),(655,530,60,'H',1120,1250,'2017-07-27 08:50:11'),(656,531,60,'T',800,930,'2017-07-27 08:50:11'),(657,531,60,'H',800,930,'2017-07-27 08:50:11'),(658,532,60,'T',940,1110,'2017-07-27 08:50:11'),(659,532,60,'H',940,1110,'2017-07-27 08:50:11'),(660,533,60,'T',1300,1430,'2017-07-27 08:50:11'),(661,533,60,'H',1300,1430,'2017-07-27 08:50:11'),(662,534,60,'T',1440,1610,'2017-07-27 08:50:11'),(663,534,60,'H',1440,1610,'2017-07-27 08:50:11'),(664,535,60,'M',1120,1250,'2017-07-27 08:50:11'),(665,535,60,'W',1120,1250,'2017-07-27 08:50:11'),(666,536,60,'T',800,930,'2017-07-27 08:50:11'),(667,536,60,'H',800,930,'2017-07-27 08:50:11'),(668,537,60,'T',940,1110,'2017-07-27 08:50:11'),(669,537,60,'H',940,1110,'2017-07-27 08:50:11'),(670,539,60,'F',800,1110,'2017-07-27 08:50:11'),(671,540,60,'M',800,930,'2017-07-27 08:50:11'),(672,540,60,'W',800,930,'2017-07-27 08:50:11'),(673,541,60,'M',940,1110,'2017-07-27 08:50:11'),(674,541,60,'W',940,1110,'2017-07-27 08:50:11'),(675,542,60,'M',915,1045,'2017-07-27 08:50:11'),(676,542,60,'W',915,1045,'2017-07-27 08:50:11'),(677,543,60,'M',1100,1230,'2017-07-27 08:50:11'),(678,543,60,'W',1100,1230,'2017-07-27 08:50:11'),(679,544,60,'T',1000,1300,'2017-07-27 08:50:11'),(680,544,60,'H',1000,1300,'2017-07-27 08:50:11'),(681,545,60,'T',1300,1430,'2017-07-27 08:50:11'),(682,545,60,'H',1300,1430,'2017-07-27 08:50:11'),(683,547,60,'T',1615,1900,'2017-07-27 08:50:11'),(684,550,60,'M',915,1045,'2017-07-27 08:50:11'),(685,550,60,'W',915,1045,'2017-07-27 08:50:11'),(686,551,60,'M',1100,1230,'2017-07-27 08:50:11'),(687,551,60,'W',1100,1230,'2017-07-27 08:50:11'),(688,552,60,'H',1800,2100,'2017-07-27 08:50:11'),(689,553,60,'T',1800,2100,'2017-07-27 08:50:11'),(690,554,60,'W',1800,2100,'2017-07-27 08:50:11'),(691,555,60,'T',1430,1600,'2017-07-27 08:50:11'),(692,555,60,'H',1430,1600,'2017-07-27 08:50:11'),(693,556,60,'T',1615,1745,'2017-07-27 08:50:11'),(694,556,60,'H',1615,1745,'2017-07-27 08:50:11'),(695,559,60,'T',1615,1745,'2017-07-27 08:50:11'),(696,559,60,'H',1615,1745,'2017-07-27 08:50:11'),(697,560,60,'T',1300,1430,'2017-07-27 08:50:11'),(698,560,60,'H',1300,1430,'2017-07-27 08:50:11'),(699,561,60,'T',915,1045,'2017-07-27 08:50:11'),(700,561,60,'H',915,1045,'2017-07-27 08:50:11'),(701,562,60,'T',1100,1230,'2017-07-27 08:50:11'),(702,562,60,'H',1100,1230,'2017-07-27 08:50:11'),(703,563,60,'M',915,1045,'2017-07-27 08:50:11'),(704,563,60,'W',915,1045,'2017-07-27 08:50:11'),(705,564,60,'M',730,900,'2017-07-27 08:50:11'),(706,564,60,'W',730,900,'2017-07-27 08:50:11'),(707,566,60,'M',915,1045,'2017-07-27 08:50:11'),(708,566,60,'W',915,1045,'2017-07-27 08:50:11'),(709,567,60,'M',1100,1230,'2017-07-27 08:50:11'),(710,567,60,'W',1100,1230,'2017-07-27 08:50:11'),(711,570,60,'T',915,1045,'2017-07-27 08:50:11'),(712,570,60,'H',915,1045,'2017-07-27 08:50:11'),(713,571,60,'T',1100,1230,'2017-07-27 08:50:11'),(714,571,60,'H',1100,1230,'2017-07-27 08:50:11'),(715,572,60,'M',1300,1430,'2017-07-27 08:50:11'),(716,572,60,'W',1300,1430,'2017-07-27 08:50:11'),(717,573,60,'M',1000,1130,'2017-07-27 08:50:11'),(718,573,60,'W',1000,1130,'2017-07-27 08:50:11'),(719,574,60,'M',1430,1600,'2017-07-27 08:50:11'),(720,574,60,'W',1430,1600,'2017-07-27 08:50:11'),(721,576,60,'M',1430,1600,'2017-07-27 08:50:11'),(722,576,60,'W',1430,1600,'2017-07-27 08:50:11'),(723,577,60,'T',915,1045,'2017-07-27 08:50:11'),(724,577,60,'H',915,1045,'2017-07-27 08:50:11'),(725,578,60,'M',1100,1230,'2017-07-27 08:50:11'),(726,578,60,'W',1100,1230,'2017-07-27 08:50:11'),(727,579,60,'T',730,900,'2017-07-27 08:50:11'),(728,579,60,'H',730,900,'2017-07-27 08:50:11'),(729,580,60,'T',1100,1230,'2017-07-27 08:50:11'),(730,580,60,'H',1100,1230,'2017-07-27 08:50:11'),(731,581,60,'T',1245,1415,'2017-07-27 08:50:11'),(732,581,60,'H',1245,1415,'2017-07-27 08:50:11'),(733,582,60,'M',1300,1430,'2017-07-27 08:50:11'),(734,582,60,'W',1300,1430,'2017-07-27 08:50:11'),(735,583,60,'M',1000,1130,'2017-07-27 08:50:11'),(736,583,60,'W',1000,1130,'2017-07-27 08:50:11'),(737,584,60,'M',1100,1230,'2017-07-27 08:50:11'),(738,584,60,'W',1100,1230,'2017-07-27 08:50:11'),(739,585,60,'M',915,1045,'2017-07-27 08:50:11'),(740,585,60,'W',915,1045,'2017-07-27 08:50:11'),(741,586,60,'T',915,1045,'2017-07-27 08:50:11'),(742,586,60,'H',915,1045,'2017-07-27 08:50:11'),(743,587,60,'T',730,900,'2017-07-27 08:50:11'),(744,587,60,'H',730,900,'2017-07-27 08:50:11'),(745,588,60,'W',1800,2100,'2017-07-27 08:50:11'),(746,592,60,'M',1245,1415,'2017-07-27 08:50:11'),(747,592,60,'W',1245,1415,'2017-07-27 08:50:11'),(748,593,60,'M',1430,1600,'2017-07-27 08:50:11'),(749,593,60,'W',1430,1600,'2017-07-27 08:50:11'),(750,599,60,'M',1245,1415,'2017-07-27 08:50:11'),(751,599,60,'W',1245,1415,'2017-07-27 08:50:11'),(752,602,60,'W',1800,2100,'2017-07-27 08:50:11'),(753,605,60,'T',1430,1600,'2017-07-27 08:50:11'),(754,605,60,'H',1430,1600,'2017-07-27 08:50:11'),(755,607,60,'M',1430,1600,'2017-07-27 08:50:11'),(756,607,60,'W',1430,1600,'2017-07-27 08:50:11'),(757,608,60,'T',1615,1745,'2017-07-27 08:50:11'),(758,608,60,'H',1615,1745,'2017-07-27 08:50:11'),(759,609,60,'T',1430,1530,'2017-07-27 08:50:11'),(760,609,60,'H',1430,1530,'2017-07-27 08:50:11'),(761,610,60,'M',1100,1230,'2017-07-27 08:50:11'),(762,610,60,'W',1100,1230,'2017-07-27 08:50:11'),(763,611,60,'M',915,1045,'2017-07-27 08:50:11'),(764,611,60,'W',915,1045,'2017-07-27 08:50:11'),(765,612,60,'T',1100,1230,'2017-07-27 08:50:11'),(766,612,60,'H',1100,1230,'2017-07-27 08:50:11'),(767,613,60,'T',915,1045,'2017-07-27 08:50:11'),(768,613,60,'H',915,1045,'2017-07-27 08:50:11'),(769,614,60,'T',1430,1600,'2017-07-27 08:50:11'),(770,614,60,'H',1430,1600,'2017-07-27 08:50:11'),(771,620,60,'M',1100,1230,'2017-07-27 08:50:11'),(772,620,60,'W',1100,1230,'2017-07-27 08:50:11'),(773,621,60,'M',915,1045,'2017-07-27 08:50:11'),(774,621,60,'W',915,1045,'2017-07-27 08:50:11'),(775,622,60,'T',1430,1600,'2017-07-27 08:50:11'),(776,622,60,'H',1430,1600,'2017-07-27 08:50:11'),(777,625,60,'T',1800,2100,'2017-07-27 08:50:11'),(778,627,60,'T',1430,1600,'2017-07-27 08:50:11'),(779,627,60,'H',1430,1600,'2017-07-27 08:50:11'),(780,634,60,'T',915,1045,'2017-07-27 08:50:11'),(781,634,60,'H',915,1045,'2017-07-27 08:50:11'),(782,635,60,'T',1100,1230,'2017-07-27 08:50:11'),(783,635,60,'H',1100,1230,'2017-07-27 08:50:11'),(784,638,60,'T',915,1045,'2017-07-27 08:50:11'),(785,638,60,'H',915,1045,'2017-07-27 08:50:11'),(786,639,60,'T',1100,1230,'2017-07-27 08:50:11'),(787,639,60,'H',1100,1230,'2017-07-27 08:50:11'),(788,640,60,'M',1100,1230,'2017-07-27 08:50:11'),(789,640,60,'W',1100,1230,'2017-07-27 08:50:11'),(790,641,60,'M',900,1030,'2017-07-27 08:50:11'),(791,641,60,'W',900,1030,'2017-07-27 08:50:11'),(792,642,60,'F',1800,2100,'2017-07-27 08:50:11'),(793,643,60,'M',900,1030,'2017-07-27 08:50:11'),(794,643,60,'W',900,1030,'2017-07-27 08:50:11'),(795,644,60,'H',1800,2100,'2017-07-27 08:50:11'),(796,645,60,'T',1800,2100,'2017-07-27 08:50:11'),(797,646,60,'M',1245,1415,'2017-07-27 08:50:11'),(798,646,60,'W',1245,1415,'2017-07-27 08:50:11'),(799,647,60,'M',1245,1415,'2017-07-27 08:50:11'),(800,647,60,'W',1245,1415,'2017-07-27 08:50:11'),(801,648,60,'M',1430,1600,'2017-07-27 08:50:11'),(802,648,60,'W',1430,1600,'2017-07-27 08:50:11'),(803,649,60,'M',915,1045,'2017-07-30 03:40:24'),(804,649,60,'W',915,1045,'2017-07-30 03:40:24'),(805,650,60,'T',1430,1600,'2017-07-27 08:50:11'),(806,650,60,'H',1430,1600,'2017-07-27 08:50:11'),(807,653,60,'M',1100,1230,'2017-07-27 08:50:11'),(808,653,60,'W',1100,1230,'2017-07-27 08:50:11'),(809,654,60,'M',1800,2100,'2017-07-27 08:50:11'),(810,655,60,'W',1800,2100,'2017-07-27 08:50:11'),(811,656,60,'T',915,1045,'2017-07-27 08:50:11'),(812,656,60,'H',915,1045,'2017-07-27 08:50:11'),(813,657,60,'T',1100,1230,'2017-07-27 08:50:11'),(814,657,60,'H',1100,1230,'2017-07-27 08:50:11'),(815,659,60,'M',730,900,'2017-07-27 08:50:11'),(816,659,60,'W',730,900,'2017-07-27 08:50:11'),(817,660,60,'M',915,1045,'2017-07-27 08:50:11'),(818,660,60,'W',915,1045,'2017-07-27 08:50:11'),(819,661,60,'T',1800,2100,'2017-07-27 08:50:11'),(820,662,60,'M',1430,1600,'2017-07-27 08:50:11'),(821,662,60,'W',1430,1600,'2017-07-27 08:50:11'),(822,663,60,'M',1245,1415,'2017-07-27 08:50:11'),(823,663,60,'W',1245,1415,'2017-07-27 08:50:11'),(824,664,60,'M',1430,1600,'2017-07-27 08:50:11'),(825,664,60,'W',1430,1600,'2017-07-27 08:50:11'),(826,665,60,'T',1100,1230,'2017-07-27 08:50:11'),(827,665,60,'H',1100,1230,'2017-07-27 08:50:11'),(828,666,60,'T',915,1045,'2017-07-27 08:50:11'),(829,666,60,'H',915,1045,'2017-07-27 08:50:11'),(830,667,60,'M',1100,1230,'2017-07-27 08:50:11'),(831,667,60,'W',1100,1230,'2017-07-27 08:50:11'),(832,668,60,'M',1615,1745,'2017-07-27 08:50:11'),(833,668,60,'W',1615,1745,'2017-07-27 08:50:11'),(1096,909,58,'W',1000,1200,'2017-11-14 19:32:06'),(1094,907,60,'M',730,900,'2017-11-14 19:32:06'),(1093,907,60,'H',1000,1200,'2017-11-14 19:32:06'),(1092,906,25,'M',730,930,'2017-11-14 19:32:06'),(1091,905,42,'H',1000,1200,'2017-11-14 19:32:06'),(1090,904,58,'S',1300,1500,'2017-11-14 19:32:06'),(1095,908,60,'S',1300,1600,'2017-11-14 19:32:06'),(1097,909,58,'S',1800,1930,'2017-11-14 19:32:06');
/*!40000 ALTER TABLE `days` ENABLE KEYS */;
UNLOCK TABLES;

--
-- Table structure for table `degreeequivalence`
--

DROP TABLE IF EXISTS `degreeequivalence`;
/*!40101 SET @saved_cs_client     = @@character_set_client */;
/*!40101 SET character_set_client = utf8 */;
CREATE TABLE `degreeequivalence` (
  `degreeequivalence_id` int(11) NOT NULL AUTO_INCREMENT,
  `degreeprogram_id` int(11) NOT NULL,
  `equivalence` varchar(45) DEFAULT NULL,
  `time_stamp` timestamp NOT NULL DEFAULT CURRENT_TIMESTAMP ON UPDATE CURRENT_TIMESTAMP,
  PRIMARY KEY (`degreeequivalence_id`)
) ENGINE=InnoDB AUTO_INCREMENT=9 DEFAULT CHARSET=utf8;
/*!40101 SET character_set_client = @saved_cs_client */;

--
-- Dumping data for table `degreeequivalence`
--

LOCK TABLES `degreeequivalence` WRITE;
/*!40000 ALTER TABLE `degreeequivalence` DISABLE KEYS */;
INSERT INTO `degreeequivalence` VALUES (1,1,'3-ST','2017-07-19 15:21:02'),(2,1,'ST-4','2017-07-19 15:21:02'),(3,1,'ST-3','2017-07-19 15:21:02'),(4,1,'ST-2','2017-07-19 15:21:02'),(5,1,'2-ST','2017-07-19 15:21:02'),(6,2,'IT-2','2017-07-19 15:21:02'),(7,2,'IT','2017-07-19 15:21:02'),(8,3,'CT','2017-07-19 15:21:28');
/*!40000 ALTER TABLE `degreeequivalence` ENABLE KEYS */;
UNLOCK TABLES;

--
-- Table structure for table `degreeprogram`
--

DROP TABLE IF EXISTS `degreeprogram`;
/*!40101 SET @saved_cs_client     = @@character_set_client */;
/*!40101 SET character_set_client = utf8 */;
CREATE TABLE `degreeprogram` (
  `degreeprogram_id` int(11) NOT NULL AUTO_INCREMENT,
  `college_id` int(11) NOT NULL,
  `dept_id` int(11) NOT NULL,
  `degreeprogram_code` varchar(45) DEFAULT NULL,
  `degreeprogram_name` varchar(150) DEFAULT NULL,
  `time_stamp` timestamp NOT NULL DEFAULT CURRENT_TIMESTAMP ON UPDATE CURRENT_TIMESTAMP,
  PRIMARY KEY (`degreeprogram_id`)
) ENGINE=InnoDB AUTO_INCREMENT=4 DEFAULT CHARSET=utf8;
/*!40101 SET character_set_client = @saved_cs_client */;

--
-- Dumping data for table `degreeprogram`
--

LOCK TABLES `degreeprogram` WRITE;
/*!40000 ALTER TABLE `degreeprogram` DISABLE KEYS */;
INSERT INTO `degreeprogram` VALUES (1,2,12,'CS-ST','Bachelor of Science in Computer Science with specialization in Software Technology','2017-07-19 15:08:27'),(2,2,11,'CS-IT','Bachelor of Science in Computer Science with specialization in Information Technology','2017-07-19 15:08:27'),(3,2,10,'CS-CT','Bachelor of Science in Computer Science with specialization in Computer Technology','2017-07-19 15:08:27');
/*!40000 ALTER TABLE `degreeprogram` ENABLE KEYS */;
UNLOCK TABLES;

--
-- Table structure for table `deloading`
--

DROP TABLE IF EXISTS `deloading`;
/*!40101 SET @saved_cs_client     = @@character_set_client */;
/*!40101 SET character_set_client = utf8 */;
CREATE TABLE `deloading` (
  `deloading_id` int(11) NOT NULL AUTO_INCREMENT,
  `college_id` int(11) DEFAULT NULL,
  `dept_id` int(11) DEFAULT NULL,
  `deloading_code` varchar(100) DEFAULT NULL,
  `deloading_name` varchar(150) DEFAULT NULL,
  `deloading_type` varchar(20) DEFAULT NULL,
  `units` int(11) DEFAULT NULL,
  `description` varchar(100) DEFAULT NULL,
  `time_stamp` timestamp NOT NULL DEFAULT CURRENT_TIMESTAMP ON UPDATE CURRENT_TIMESTAMP,
  PRIMARY KEY (`deloading_id`)
) ENGINE=InnoDB AUTO_INCREMENT=36 DEFAULT CHARSET=utf8;
/*!40101 SET character_set_client = @saved_cs_client */;

--
-- Dumping data for table `deloading`
--

LOCK TABLES `deloading` WRITE;
/*!40000 ALTER TABLE `deloading` DISABLE KEYS */;
INSERT INTO `deloading` VALUES (1,2,12,'ST CHAIR','Department Chair','AL',6,'Being the Chair of a department','2017-11-14 21:51:52'),(2,2,10,'CT CHAIR','Department Chair','AL',6,NULL,'2017-11-14 21:51:52'),(3,2,11,'IT CHAIR','Department Chair','AL',6,NULL,'2017-11-14 21:51:52'),(4,2,12,'ST VICE CHAIR','Department Vice Chair','AL',3,NULL,'2017-11-14 21:56:12'),(5,2,11,'IT VICE CHAIR','Department Vice Chair','AL',3,NULL,'2017-11-14 21:56:12'),(6,2,10,'CT VICE CHAIR','Department Vice Chair','AL',3,NULL,'2017-11-14 21:56:12'),(7,2,12,'AVP-ES',NULL,'AL',12,NULL,'2017-11-14 21:51:52'),(8,2,12,'EA DIRECTOR',NULL,'AL',3,NULL,'2017-11-14 21:51:52'),(9,2,12,'TSG',NULL,'AL',3,NULL,'2017-11-14 21:51:52'),(10,2,12,'VCR','Vice Chancellor Of Academics','AL',12,NULL,'2017-11-14 21:51:52'),(11,2,12,'THESIS GRANT',NULL,'AL',6,NULL,'2017-11-14 21:56:11'),(12,2,12,'THESIS GRANT',NULL,'AL',3,NULL,'2017-11-14 21:56:11'),(13,2,12,'CEC DIRECTOR',NULL,'AL',6,NULL,'2017-11-14 21:56:11'),(14,2,12,'DEAN',NULL,'AL',12,NULL,'2017-11-14 21:56:12'),(15,2,12,'VICE DEAN',NULL,'AL',10,NULL,'2017-11-14 21:56:12'),(16,2,12,'STC PIONEER','STC Pioneer Faculty','AL',9,NULL,'2017-11-14 21:56:12'),(17,2,12,'PHD GRAD SCHOOL',NULL,'AL',2,NULL,'2017-11-14 21:56:12'),(18,2,12,'MS GRAD SCHOOL',NULL,'AL',1,NULL,'2017-11-14 21:56:12'),(19,2,12,'ADRIC','ADRIC Director','AL',6,NULL,'2017-11-14 21:56:12'),(20,2,12,'THESIS COORDINATOR',NULL,'AL',6,NULL,'2017-11-14 21:56:12'),(21,2,12,'JUBILEE',NULL,'RL',6,NULL,'2017-11-14 22:00:59'),(22,2,12,'RPW',NULL,'RL',3,NULL,'2017-11-14 22:00:59'),(23,2,12,'IR ECA',NULL,'RL',3,NULL,'2017-11-14 22:00:59'),(24,2,12,'KNOWLEDGE SOURCES',NULL,'RL',3,NULL,'2017-11-14 22:00:59'),(25,2,12,'PAASCU',NULL,'RL',3,NULL,'2017-11-14 22:00:59'),(26,2,12,'INFOSCU','','RL',3,NULL,'2017-11-14 22:00:59'),(27,2,12,'SOLO','Research','RL',3,NULL,'2017-11-14 22:00:59'),(28,2,12,'IE4OA',NULL,'RL',3,NULL,'2017-11-14 22:00:59'),(29,2,12,'ROSEN',NULL,'RL',6,NULL,'2017-11-14 22:00:59'),(30,2,12,'URCO',NULL,'RL',6,NULL,'2017-11-14 22:00:59'),(31,2,12,'URCO',NULL,'RL',5,NULL,'2017-11-14 22:00:59'),(32,2,12,'URCO',NULL,'RL',4,NULL,'2017-11-14 22:00:59'),(33,2,12,'URCO',NULL,'RL',3,NULL,'2017-11-14 22:00:59'),(34,2,12,'URCO',NULL,'RL',2,NULL,'2017-11-14 22:00:59'),(35,2,12,'URCO',NULL,'RL',1,NULL,'2017-11-14 22:00:59');
/*!40000 ALTER TABLE `deloading` ENABLE KEYS */;
UNLOCK TABLES;

--
-- Table structure for table `deloadoffer`
--

DROP TABLE IF EXISTS `deloadoffer`;
/*!40101 SET @saved_cs_client     = @@character_set_client */;
/*!40101 SET character_set_client = utf8 */;
CREATE TABLE `deloadoffer` (
  `deloadoffer_id` int(11) NOT NULL AUTO_INCREMENT,
  `deloading_id` int(11) NOT NULL,
  `faculty_id` int(11) NOT NULL,
  `term` int(11) DEFAULT NULL,
  `start_year` int(11) DEFAULT NULL,
  `end_year` int(11) DEFAULT NULL,
  `remarks` varchar(100) DEFAULT NULL,
  `time_stamp` timestamp NOT NULL DEFAULT CURRENT_TIMESTAMP ON UPDATE CURRENT_TIMESTAMP,
  PRIMARY KEY (`deloadoffer_id`)
) ENGINE=InnoDB AUTO_INCREMENT=2 DEFAULT CHARSET=utf8;
/*!40101 SET character_set_client = @saved_cs_client */;

--
-- Dumping data for table `deloadoffer`
--

LOCK TABLES `deloadoffer` WRITE;
/*!40000 ALTER TABLE `deloadoffer` DISABLE KEYS */;
INSERT INTO `deloadoffer` VALUES (1,1,73,2,2016,2017,'N/A','2017-07-13 03:01:27');
/*!40000 ALTER TABLE `deloadoffer` ENABLE KEYS */;
UNLOCK TABLES;

--
-- Table structure for table `department`
--

DROP TABLE IF EXISTS `department`;
/*!40101 SET @saved_cs_client     = @@character_set_client */;
/*!40101 SET character_set_client = utf8 */;
CREATE TABLE `department` (
  `dept_id` int(11) NOT NULL AUTO_INCREMENT,
  `college_id` int(11) DEFAULT NULL,
  `dept_name` varchar(150) DEFAULT NULL,
  `dept_code` varchar(20) DEFAULT NULL,
  `dept_size` int(11) DEFAULT NULL,
  `is_obsolete` int(11) DEFAULT NULL,
  `time_stamp` timestamp NOT NULL DEFAULT CURRENT_TIMESTAMP ON UPDATE CURRENT_TIMESTAMP,
  PRIMARY KEY (`dept_id`)
) ENGINE=MyISAM AUTO_INCREMENT=43 DEFAULT CHARSET=latin1;
/*!40101 SET character_set_client = @saved_cs_client */;

--
-- Dumping data for table `department`
--

LOCK TABLES `department` WRITE;
/*!40000 ALTER TABLE `department` DISABLE KEYS */;
INSERT INTO `department` VALUES (5,1,'Counseling and Educational Psychology Department ','CEPD',50,0,'2017-07-13 03:01:27'),(6,1,'Department of English and Applied Linguistics','DEAL',50,0,'2017-07-13 03:01:27'),(7,1,'Educational Leadership and Management Department','ELMD',50,0,'2017-07-13 03:01:27'),(8,1,'Physical Education Department','PED',50,0,'2017-07-13 03:01:27'),(9,1,'Science Education Department','SED',50,0,'2017-07-13 03:01:27'),(10,2,'Computer Technology','CT',50,0,'2017-07-13 03:01:27'),(11,2,'Information Technology','IT',50,0,'2017-07-13 03:01:27'),(12,2,'Software Technology','ST',50,0,'2017-07-13 03:01:27'),(13,3,'College of Law (Department)','COL',50,0,'2017-07-13 03:01:27'),(14,4,'Behavioral Sciences Department','BSD',50,0,'2017-07-13 03:01:27'),(15,4,'Communication Department','COMM',50,0,'2017-07-13 03:01:27'),(16,4,'Departamento ng Filipino','FIL',50,0,'2017-07-13 03:01:27'),(17,4,'History Department','HIST',50,0,'2017-07-13 03:01:27'),(18,4,'International Studies Department','IS',50,0,'2017-07-13 03:01:27'),(19,4,'Department of Literature','LIT',50,0,'2017-07-13 03:01:27'),(20,4,'Philosophy Department','PHILO',50,0,'2017-07-13 03:01:27'),(21,4,'Political Science Department','POLSCI',50,0,'2017-07-13 03:01:27'),(22,4,'Psychology Department','PSYC',50,0,'2017-07-13 03:01:27'),(23,4,'Theology and Religous Education Department','TRED',50,0,'2017-07-13 03:01:27'),(24,5,'Biology Department','BIO',50,0,'2017-07-13 03:01:27'),(25,5,'Chemistry Department','CHEM',50,0,'2017-07-13 03:01:27'),(26,5,'Mathematics Deparrtment','MATH',50,0,'2017-07-13 03:01:27'),(27,5,'Physics Department','PHY',50,0,'2017-07-13 03:01:27'),(28,6,'Chemical Engineering Department','CHE',50,0,'2017-07-13 03:01:27'),(29,6,'Civil Engineering Department','CE',50,0,'2017-07-13 03:01:27'),(30,6,'Electronics and Communications Engineering Department','ECE',50,0,'2017-07-13 03:01:27'),(31,6,'Industrial Engineering','IE',50,0,'2017-07-13 03:01:27'),(32,6,'Manufacturing Engineering and Management','MEM',50,0,'2017-07-13 03:01:27'),(33,6,'Mechanical Engineering','ME',50,0,'2017-07-13 03:01:27'),(34,7,'Accountancy','ACCTY',50,0,'2017-07-13 03:01:27'),(35,7,'Center for Professional Development in Business','CPDB',50,0,'2017-07-13 03:01:27'),(36,7,'Commercial Law','COMM LAW',50,0,'2017-07-13 03:01:27'),(37,7,'Decision Sciences and Innovation Department','DSI',50,0,'2017-07-13 03:01:27'),(38,7,'Financial Management Department','FMD',50,0,'2017-07-13 03:01:27'),(39,7,'Management and Organization Department','MOD',50,0,'2017-07-13 03:01:27'),(40,7,'Marketing Management','MKTG',50,0,'2017-07-13 03:01:27'),(41,8,'Economics Department','ECON',50,0,'2017-07-13 03:01:27'),(42,9,'No Department','ND',50,0,'2017-07-30 09:45:00');
/*!40000 ALTER TABLE `department` ENABLE KEYS */;
UNLOCK TABLES;

--
-- Table structure for table `elecoffer`
--

DROP TABLE IF EXISTS `elecoffer`;
/*!40101 SET @saved_cs_client     = @@character_set_client */;
/*!40101 SET character_set_client = utf8 */;
CREATE TABLE `elecoffer` (
  `offering_id` int(11) NOT NULL,
  `equivalence_id` int(11) NOT NULL,
  `time_stamp` timestamp NOT NULL DEFAULT CURRENT_TIMESTAMP ON UPDATE CURRENT_TIMESTAMP,
  PRIMARY KEY (`offering_id`,`equivalence_id`)
) ENGINE=InnoDB DEFAULT CHARSET=utf8;
/*!40101 SET character_set_client = @saved_cs_client */;

--
-- Dumping data for table `elecoffer`
--

LOCK TABLES `elecoffer` WRITE;
/*!40000 ALTER TABLE `elecoffer` DISABLE KEYS */;
INSERT INTO `elecoffer` VALUES (605,1493,'2017-07-28 14:29:14'),(608,1490,'2017-07-28 14:29:14'),(646,1493,'2017-07-28 14:29:14'),(647,1494,'2017-07-28 14:29:14'),(648,1490,'2017-07-28 14:29:14'),(649,1493,'2017-07-28 14:29:14'),(650,1490,'2017-07-28 14:29:14');
/*!40000 ALTER TABLE `elecoffer` ENABLE KEYS */;
UNLOCK TABLES;

--
-- Table structure for table `equivalence`
--

DROP TABLE IF EXISTS `equivalence`;
/*!40101 SET @saved_cs_client     = @@character_set_client */;
/*!40101 SET character_set_client = utf8 */;
CREATE TABLE `equivalence` (
  `course_id` int(11) NOT NULL,
  `equivalence_id` int(11) NOT NULL,
  `time_stamp` timestamp NOT NULL DEFAULT CURRENT_TIMESTAMP ON UPDATE CURRENT_TIMESTAMP,
  PRIMARY KEY (`course_id`,`equivalence_id`)
) ENGINE=InnoDB DEFAULT CHARSET=utf8;
/*!40101 SET character_set_client = @saved_cs_client */;

--
-- Dumping data for table `equivalence`
--

LOCK TABLES `equivalence` WRITE;
/*!40000 ALTER TABLE `equivalence` DISABLE KEYS */;
INSERT INTO `equivalence` VALUES (1371,1373,'2017-07-28 14:51:36'),(1371,1421,'2017-07-28 14:51:36'),(1371,1422,'2017-07-28 14:51:36'),(1371,1485,'2017-07-28 14:51:36'),(1373,1371,'2017-07-28 14:51:36'),(1373,1421,'2017-07-28 14:51:36'),(1373,1422,'2017-07-28 14:51:36'),(1373,1485,'2017-07-28 14:51:36'),(1421,1371,'2017-07-28 14:51:36'),(1421,1373,'2017-07-28 14:51:36'),(1421,1422,'2017-07-28 14:51:36'),(1421,1485,'2017-07-28 14:51:36'),(1422,1371,'2017-07-28 14:51:36'),(1422,1373,'2017-07-28 14:51:36'),(1422,1421,'2017-07-28 14:51:36'),(1422,1485,'2017-07-28 14:51:36'),(1485,1371,'2017-07-28 14:51:36'),(1485,1373,'2017-07-28 14:51:36'),(1485,1421,'2017-07-28 14:51:36'),(1485,1422,'2017-07-28 14:51:36');
/*!40000 ALTER TABLE `equivalence` ENABLE KEYS */;
UNLOCK TABLES;

--
-- Table structure for table `faculty`
--

DROP TABLE IF EXISTS `faculty`;
/*!40101 SET @saved_cs_client     = @@character_set_client */;
/*!40101 SET character_set_client = utf8 */;
CREATE TABLE `faculty` (
  `faculty_id` int(11) NOT NULL AUTO_INCREMENT,
  `user_id` int(11) DEFAULT NULL,
  `years_of_service` int(11) DEFAULT NULL,
  `faculty_type` varchar(5) DEFAULT NULL COMMENT 'FT - Full Time, HT - Half Time, PT- Part Time',
  `time_stamp` timestamp NOT NULL DEFAULT CURRENT_TIMESTAMP ON UPDATE CURRENT_TIMESTAMP,
  PRIMARY KEY (`faculty_id`)
) ENGINE=MyISAM AUTO_INCREMENT=100 DEFAULT CHARSET=latin1;
/*!40101 SET character_set_client = @saved_cs_client */;

--
-- Dumping data for table `faculty`
--

LOCK TABLES `faculty` WRITE;
/*!40000 ALTER TABLE `faculty` DISABLE KEYS */;
INSERT INTO `faculty` VALUES (71,22098909,1,'FT','2017-07-13 03:01:27'),(70,22567683,1,'FT','2017-07-13 03:01:27'),(69,22833990,1,'PT','2017-07-13 03:01:27'),(68,22155322,1,'PT','2017-07-13 03:01:27'),(67,22039001,1,'PT','2017-07-13 03:01:27'),(66,22344564,1,'PT','2017-07-13 03:01:27'),(65,22832111,1,'PT','2017-07-13 03:01:27'),(64,22098177,1,'FT','2017-07-13 03:01:27'),(63,22177932,1,'FT','2017-07-13 03:01:27'),(62,22234115,1,'FT','2017-07-13 03:01:27'),(61,22637450,1,'FT','2017-07-13 03:01:27'),(60,22683488,1,'FT','2017-07-13 03:01:27'),(59,22711414,1,'FT','2017-07-13 03:01:27'),(58,22374777,1,'FT','2017-07-13 03:01:27'),(57,22611389,1,'FT','2017-07-13 03:01:27'),(56,22784944,1,'FT','2017-07-13 03:01:27'),(55,22764530,1,'FT','2017-07-13 03:01:27'),(54,22647488,1,'FT','2017-07-13 03:01:27'),(53,22879890,1,'FT','2017-07-13 03:01:27'),(52,22778155,1,'FT','2017-07-13 03:01:27'),(51,22165677,1,'FT','2017-07-13 03:01:27'),(50,22675888,1,'FT','2017-07-13 03:01:27'),(49,22176192,1,'FT','2017-07-13 03:01:27'),(48,22090001,1,'FT','2017-07-13 03:01:27'),(47,22526611,1,'FT','2017-07-13 03:01:27'),(46,22718119,1,'FT','2017-07-13 03:01:27'),(45,22778675,1,'FT','2017-07-13 03:01:27'),(44,22317443,1,'FT','2017-07-13 03:01:27'),(43,22590997,1,'FT','2017-07-13 03:01:27'),(72,99999999,1,'FT','2017-07-13 03:01:27'),(73,22742131,1,'FT','2017-07-13 03:01:27'),(74,22414157,1,'FT','2017-07-13 03:01:27'),(75,22314156,1,'FT','2017-07-13 03:01:27'),(76,22648495,1,'FT','2017-07-13 03:01:27'),(77,22734526,1,'FT','2017-07-13 03:01:27'),(78,22523467,1,'FT','2017-07-13 03:01:27'),(79,22576895,1,'FT','2017-07-13 03:01:27'),(80,22241516,1,'FT','2017-07-13 03:01:27'),(81,22543787,1,'FT','2017-07-13 03:01:27'),(82,22425252,1,'FT','2017-07-13 03:01:27'),(83,22456783,1,'FT','2017-07-13 03:01:27'),(84,22546752,1,'FT','2017-07-13 03:01:27'),(85,22842352,1,'PT','2017-07-13 03:01:27'),(86,22597519,1,'PT','2017-07-13 03:01:27'),(87,22563468,1,'PT','2017-07-13 03:01:27'),(88,22854322,1,'PT','2017-07-13 03:01:27'),(89,22725425,1,'FT','2017-07-13 03:01:27'),(90,22425263,1,'FT','2017-07-13 03:01:27'),(91,22672356,1,'FT','2017-07-13 03:01:27'),(92,22457287,1,'FT','2017-07-13 03:01:27'),(93,22723489,1,'FT','2017-07-13 03:01:27'),(94,22124479,1,'FT','2017-07-13 03:01:27'),(95,22373844,1,'FT','2017-07-13 03:01:27'),(96,22453891,1,'FT','2017-07-13 03:01:27'),(97,22738947,1,'PT','2017-07-13 03:01:27'),(98,22784497,1,'PT','2017-07-13 03:01:27'),(1,11111111,1,'FT','2017-07-30 09:23:38'),(99,29998882,2,'PT','2017-11-15 05:42:36');
/*!40000 ALTER TABLE `faculty` ENABLE KEYS */;
UNLOCK TABLES;

--
-- Table structure for table `flowcharts`
--

DROP TABLE IF EXISTS `flowcharts`;
/*!40101 SET @saved_cs_client     = @@character_set_client */;
/*!40101 SET character_set_client = utf8 */;
CREATE TABLE `flowcharts` (
  `flowchart_id` int(11) NOT NULL AUTO_INCREMENT,
  `degreeprogram_id` int(11) NOT NULL,
  `batch` int(11) DEFAULT NULL,
  `year_level` int(11) DEFAULT NULL,
  `start_year` int(11) DEFAULT NULL,
  `end_year` int(11) DEFAULT NULL,
  `time_stamp` timestamp NOT NULL DEFAULT CURRENT_TIMESTAMP ON UPDATE CURRENT_TIMESTAMP,
  PRIMARY KEY (`flowchart_id`)
) ENGINE=InnoDB AUTO_INCREMENT=5 DEFAULT CHARSET=utf8;
/*!40101 SET character_set_client = @saved_cs_client */;

--
-- Dumping data for table `flowcharts`
--

LOCK TABLES `flowcharts` WRITE;
/*!40000 ALTER TABLE `flowcharts` DISABLE KEYS */;
INSERT INTO `flowcharts` VALUES (1,1,113,1,2014,2015,'2017-07-29 09:31:02'),(2,1,113,2,2015,2016,'2017-07-29 09:31:02'),(3,1,113,3,2016,2017,'2017-07-29 09:31:02'),(4,1,113,4,2017,2018,'2017-07-28 14:06:32');
/*!40000 ALTER TABLE `flowcharts` ENABLE KEYS */;
UNLOCK TABLES;

--
-- Table structure for table `flowcourses`
--

DROP TABLE IF EXISTS `flowcourses`;
/*!40101 SET @saved_cs_client     = @@character_set_client */;
/*!40101 SET character_set_client = utf8 */;
CREATE TABLE `flowcourses` (
  `flowchart_id` int(11) NOT NULL,
  `course_id` int(11) NOT NULL,
  `term` int(11) DEFAULT NULL,
  `time_stamp` timestamp NOT NULL DEFAULT CURRENT_TIMESTAMP ON UPDATE CURRENT_TIMESTAMP,
  PRIMARY KEY (`flowchart_id`,`course_id`)
) ENGINE=InnoDB DEFAULT CHARSET=utf8;
/*!40101 SET character_set_client = @saved_cs_client */;

--
-- Dumping data for table `flowcourses`
--

LOCK TABLES `flowcourses` WRITE;
/*!40000 ALTER TABLE `flowcourses` DISABLE KEYS */;
INSERT INTO `flowcourses` VALUES (1,1379,3,'2017-07-28 14:07:31'),(1,1395,1,'2017-07-19 15:32:45'),(1,1449,1,'2017-07-19 15:32:45'),(1,1453,2,'2017-07-28 14:07:31'),(1,1461,2,'2017-07-28 14:07:31'),(1,1464,3,'2017-07-28 14:07:31'),(2,1338,1,'2017-07-28 14:14:49'),(2,1350,2,'2017-07-28 14:14:49'),(2,1355,2,'2017-07-28 14:14:49'),(2,1356,3,'2017-07-28 14:14:49'),(2,1381,1,'2017-07-28 14:14:49'),(2,1460,3,'2017-07-28 14:14:49'),(3,1346,3,'2017-07-28 14:14:49'),(3,1357,2,'2017-07-28 14:14:49'),(3,1421,1,'2017-07-28 14:14:49'),(3,1462,2,'2017-07-28 14:14:49'),(3,1485,1,'2017-07-28 14:14:49'),(3,1488,3,'2017-07-28 14:14:49'),(4,1322,3,'2017-07-28 14:14:49'),(4,1331,2,'2017-07-28 14:14:49'),(4,1374,2,'2017-07-28 14:14:49'),(4,1380,1,'2017-07-28 14:14:49'),(4,1440,3,'2017-07-28 14:14:49'),(4,1464,1,'2017-07-28 14:14:49');
/*!40000 ALTER TABLE `flowcourses` ENABLE KEYS */;
UNLOCK TABLES;

--
-- Table structure for table `loads`
--

DROP TABLE IF EXISTS `loads`;
/*!40101 SET @saved_cs_client     = @@character_set_client */;
/*!40101 SET character_set_client = utf8 */;
CREATE TABLE `loads` (
  `loads_id` int(11) NOT NULL AUTO_INCREMENT,
  `faculty_id` int(11) DEFAULT NULL,
  `college_id` int(11) DEFAULT NULL,
  `dept_id` int(11) DEFAULT NULL,
  `start_year` int(11) DEFAULT NULL,
  `end_year` int(11) DEFAULT NULL,
  `term` int(11) DEFAULT NULL,
  `admin_load` float DEFAULT NULL,
  `research_load` float DEFAULT NULL,
  `teaching_load` float DEFAULT NULL,
  `non_acad_load` float DEFAULT NULL,
  `deloading` float DEFAULT NULL,
  `total_load` float DEFAULT NULL,
  `preparations` int(11) DEFAULT NULL,
  `has_research_load` int(11) DEFAULT NULL,
  `is_admin` int(11) DEFAULT NULL,
  `is_on_leave` int(11) DEFAULT NULL,
  `leave_type` varchar(45) DEFAULT NULL,
  `time_stamp` timestamp NOT NULL DEFAULT CURRENT_TIMESTAMP ON UPDATE CURRENT_TIMESTAMP,
  PRIMARY KEY (`loads_id`)
) ENGINE=MyISAM AUTO_INCREMENT=372 DEFAULT CHARSET=latin1;
/*!40101 SET character_set_client = @saved_cs_client */;

--
-- Dumping data for table `loads`
--

LOCK TABLES `loads` WRITE;
/*!40000 ALTER TABLE `loads` DISABLE KEYS */;
INSERT INTO `loads` VALUES (177,88,2,12,2016,2017,2,0,0,18,0,0,18,0,0,0,NULL,NULL,'2017-11-07 23:33:17'),(175,86,2,12,2016,2017,2,0,0,15,0,0,15,0,0,0,NULL,NULL,'2017-11-07 23:32:28'),(176,87,2,12,2016,2017,2,0,0,6,0,0,6,0,0,0,NULL,NULL,'2017-07-13 03:01:27'),(173,84,2,12,2016,2017,2,0,0,12,0,0,12,0,0,0,NULL,NULL,'2017-07-13 03:01:27'),(174,85,2,12,2016,2017,2,0,0,3,0,0,3,0,0,0,NULL,NULL,'2017-07-13 03:01:27'),(171,82,2,12,2016,2017,2,1,3,3,0,4,7,0,1,1,NULL,NULL,'2017-11-07 23:32:28'),(172,83,2,12,2016,2017,2,0,6,9,0,6,15,0,1,0,NULL,NULL,'2017-07-13 03:01:27'),(170,81,2,12,2016,2017,2,0,3,17,0,3,20,0,1,0,NULL,NULL,'2017-07-13 03:01:27'),(168,79,2,12,2016,2017,2,0,0,18,0,0,18,0,0,0,NULL,NULL,'2017-07-13 03:01:27'),(169,80,2,12,2016,2017,2,12,0,0,0,12,12,0,0,1,NULL,NULL,'2017-07-13 03:01:27'),(165,76,2,12,2016,2017,2,3,4,8,0,7,15,0,1,1,NULL,NULL,'2017-07-13 03:01:27'),(166,77,2,12,2016,2017,2,0,0,15,0,0,15,0,0,0,NULL,NULL,'2017-07-13 03:01:27'),(167,78,2,12,2016,2017,2,3,0,15,0,3,18,0,0,1,NULL,NULL,'2017-07-13 03:01:27'),(163,74,2,12,2016,2017,2,0,3,9,0,3,12,0,1,0,NULL,NULL,'2017-07-13 03:01:27'),(164,75,2,10,2016,2017,2,0,3,3,0,3,6,0,1,0,NULL,NULL,'2017-11-07 23:33:16'),(161,72,9,42,2016,2017,2,0,0,3,0,0,3,0,0,0,NULL,NULL,'2017-07-13 03:01:27'),(162,73,2,12,2016,2017,2,6,0,6,0,6,12,0,0,1,NULL,NULL,'2017-07-13 03:01:27'),(160,43,2,12,2016,2017,2,9,0,3,0,9,12,0,0,1,NULL,NULL,'2017-07-13 03:01:27'),(159,44,2,12,2016,2017,2,12,0,0,0,12,12,0,0,1,NULL,NULL,'2017-07-13 03:01:27'),(158,45,2,12,2016,2017,2,0,0,0,0,0,0,0,0,0,NULL,NULL,'2017-07-13 03:01:27'),(157,46,2,12,2016,2017,2,0,0,12,0,0,12,0,0,0,NULL,NULL,'2017-07-13 03:01:27'),(155,48,2,12,2016,2017,2,0,0,0,0,0,0,0,0,0,NULL,NULL,'2017-07-13 03:01:27'),(156,47,2,12,2016,2017,2,0,0,0,0,0,0,0,0,0,NULL,NULL,'2017-07-13 03:01:27'),(154,49,2,12,2016,2017,2,3,3,6,0,6,12,0,1,1,NULL,NULL,'2017-07-13 03:01:27'),(153,50,2,12,2016,2017,2,12,0,0,0,12,12,0,0,1,NULL,NULL,'2017-07-13 03:01:27'),(152,51,2,12,2016,2017,2,0,0,0,0,0,0,0,0,0,NULL,NULL,'2017-07-13 03:01:27'),(151,52,2,12,2016,2017,2,0,0,0,0,0,0,0,0,0,NULL,NULL,'2017-07-13 03:01:27'),(150,53,2,12,2016,2017,2,0,3,6,0,3,9,0,1,0,NULL,NULL,'2017-07-13 03:01:27'),(149,54,2,12,2016,2017,2,0,0,0,0,0,0,0,0,0,NULL,NULL,'2017-07-13 03:01:27'),(148,55,2,12,2016,2017,2,6,0,9,0,6,15,0,0,1,NULL,NULL,'2017-07-13 03:01:27'),(147,56,2,12,2016,2017,2,0,0,12,0,0,12,0,0,0,NULL,NULL,'2017-07-13 03:01:27'),(146,57,2,12,2016,2017,2,0,0,0,0,0,0,0,0,0,NULL,NULL,'2017-07-13 03:01:27'),(145,58,2,12,2016,2017,2,0,0,12,0,0,12,0,0,0,NULL,NULL,'2017-07-13 03:01:27'),(144,59,2,12,2016,2017,2,0,0,0,0,0,0,0,0,0,NULL,NULL,'2017-07-13 03:01:27'),(143,60,2,12,2016,2017,2,9,0,3,0,9,12,0,0,1,NULL,NULL,'2017-07-13 03:01:27'),(142,61,2,12,2016,2017,2,21,0,3,0,21,24,0,0,1,NULL,NULL,'2017-07-13 03:01:27'),(141,62,2,12,2016,2017,2,0,0,0,0,0,0,0,0,0,NULL,NULL,'2017-07-13 03:01:27'),(140,63,2,12,2016,2017,2,0,0,0,0,0,0,0,0,0,NULL,NULL,'2017-07-13 03:01:27'),(139,64,2,12,2016,2017,2,0,0,0,0,0,0,0,0,0,NULL,NULL,'2017-07-13 03:01:27'),(138,65,2,12,2016,2017,2,0,0,0,0,0,0,0,0,0,NULL,NULL,'2017-07-13 03:01:27'),(137,66,2,12,2016,2017,2,0,0,0,0,0,0,0,0,0,NULL,NULL,'2017-07-13 03:01:27'),(136,67,2,12,2016,2017,2,0,0,0,0,0,0,0,0,0,NULL,NULL,'2017-07-13 03:01:27'),(135,68,2,12,2016,2017,2,0,0,0,0,0,0,0,0,0,NULL,NULL,'2017-07-13 03:01:27'),(134,69,2,12,2016,2017,2,0,0,0,0,0,0,0,0,0,NULL,NULL,'2017-07-13 03:01:27'),(133,70,2,12,2016,2017,2,0,0,12,0,0,12,0,0,0,NULL,NULL,'2017-07-13 03:01:27'),(132,71,2,12,2016,2017,2,0,0,0,0,0,0,0,0,0,NULL,NULL,'2017-07-13 03:01:27'),(178,89,2,11,2016,2017,2,0,0,3,0,0,3,0,0,0,NULL,NULL,'2017-07-13 03:01:27'),(179,90,2,11,2016,2017,2,0,0,3,0,0,3,0,0,0,NULL,NULL,'2017-07-13 03:01:27'),(180,91,7,40,2016,2017,2,0,0,3,0,0,3,0,0,0,NULL,NULL,'2017-07-13 03:01:27'),(181,92,2,10,2016,2017,2,0,0,3,0,0,3,0,0,0,NULL,NULL,'2017-07-13 03:01:27'),(182,71,2,12,2012,2013,2,0,0,9,0,0,9,0,0,0,NULL,NULL,'2017-07-13 03:01:27'),(183,70,2,12,2012,2013,2,0,0,12,0,0,12,0,0,0,NULL,NULL,'2017-07-13 03:01:27'),(184,69,2,12,2012,2013,2,0,0,3,0,0,3,0,0,0,NULL,NULL,'2017-07-13 03:01:27'),(185,68,2,12,2012,2013,2,0,0,9,0,0,9,0,0,0,NULL,NULL,'2017-07-13 03:01:27'),(186,67,2,12,2012,2013,2,0,0,6,0,0,6,0,0,0,NULL,NULL,'2017-07-13 03:01:27'),(187,66,2,12,2012,2013,2,0,0,3,0,0,3,0,0,0,NULL,NULL,'2017-07-13 03:01:27'),(188,65,2,12,2012,2013,2,0,0,9,0,0,9,0,0,0,NULL,NULL,'2017-07-13 03:01:27'),(189,64,2,12,2012,2013,2,0,0,12,0,0,12,0,0,0,NULL,NULL,'2017-07-13 03:01:27'),(190,63,2,12,2012,2013,2,0,0,14,2,0,14,0,0,0,NULL,NULL,'2017-07-13 03:01:27'),(191,62,2,12,2012,2013,2,0,0,16,0,0,16,0,0,0,NULL,NULL,'2017-07-13 03:01:27'),(192,61,2,12,2012,2013,2,0,6,3,0,6,9,0,1,0,NULL,NULL,'2017-07-13 03:01:27'),(193,60,2,12,2012,2013,2,0,3,9,0,3,12,0,1,0,NULL,NULL,'2017-07-13 03:01:27'),(194,59,2,12,2012,2013,2,0,6,9,0,6,15,0,1,0,NULL,NULL,'2017-07-13 03:01:27'),(195,58,2,12,2012,2013,2,0,0,12,0,0,12,0,0,0,NULL,NULL,'2017-07-13 03:01:27'),(196,57,2,12,2012,2013,2,12,0,0,0,12,12,0,0,1,NULL,NULL,'2017-07-13 03:01:27'),(197,56,2,12,2012,2013,2,3,0,6,0,3,9,0,0,1,NULL,NULL,'2017-07-13 03:01:27'),(198,55,2,12,2012,2013,2,3,6,9,0,9,18,0,1,1,NULL,NULL,'2017-07-13 03:01:27'),(199,54,2,12,2012,2013,2,0,0,12,0,0,12,0,0,0,NULL,NULL,'2017-07-13 03:01:27'),(200,53,2,12,2012,2013,2,6,6,0,0,12,12,0,1,1,NULL,NULL,'2017-07-13 03:01:27'),(201,52,2,12,2012,2013,2,3,0,9,0,3,12,0,0,1,NULL,NULL,'2017-07-13 03:01:27'),(202,51,2,12,2012,2013,2,0,0,12,0,0,12,0,0,0,NULL,NULL,'2017-07-13 03:01:27'),(203,50,2,12,2012,2013,2,10,0,3,0,10,13,0,0,1,NULL,NULL,'2017-07-13 03:01:27'),(204,49,2,12,2012,2013,2,0,0,12,0,0,12,0,0,0,NULL,NULL,'2017-07-13 03:01:27'),(205,48,2,12,2012,2013,2,0,0,9,0,0,9,0,0,0,NULL,NULL,'2017-11-07 18:36:36'),(206,47,2,12,2012,2013,2,3,0,9,0,3,12,0,0,1,NULL,NULL,'2017-07-13 03:01:27'),(207,46,2,12,2012,2013,2,0,0,21,0,0,21,0,0,0,NULL,NULL,'2017-07-13 03:01:27'),(208,45,2,12,2012,2013,2,0,0,12,0,0,12,0,0,0,NULL,NULL,'2017-07-13 03:01:27'),(209,44,2,12,2012,2013,2,6,0,9,0,6,15,0,0,1,NULL,NULL,'2017-07-13 03:01:27'),(210,43,2,12,2012,2013,2,12,0,3,0,12,15,0,0,1,NULL,NULL,'2017-07-13 03:01:27'),(211,72,9,42,2012,2013,2,0,0,0,0,0,0,0,0,0,NULL,NULL,'2017-07-13 03:01:27'),(212,73,2,12,2012,2013,2,0,0,0,0,0,0,0,0,0,NULL,NULL,'2017-07-13 03:01:27'),(213,74,2,12,2012,2013,2,0,0,0,0,0,0,0,0,0,NULL,NULL,'2017-07-13 03:01:27'),(214,75,2,10,2012,2013,2,0,0,0,0,0,0,0,0,0,NULL,NULL,'2017-07-13 03:01:27'),(215,76,2,12,2012,2013,2,0,0,0,0,0,0,0,0,0,NULL,NULL,'2017-07-13 03:01:27'),(216,77,2,12,2012,2013,2,0,0,0,0,0,0,0,0,0,NULL,NULL,'2017-07-13 03:01:27'),(217,78,2,12,2012,2013,2,0,0,0,0,0,0,0,0,0,NULL,NULL,'2017-07-13 03:01:27'),(218,79,2,12,2012,2013,2,0,0,0,0,0,0,0,0,0,NULL,NULL,'2017-07-13 03:01:27'),(219,80,2,12,2012,2013,2,0,0,0,0,0,0,0,0,0,NULL,NULL,'2017-07-13 03:01:27'),(220,81,2,12,2012,2013,2,0,0,0,0,0,0,0,0,0,NULL,NULL,'2017-07-13 03:01:27'),(221,82,2,12,2012,2013,2,0,0,0,0,0,0,0,0,0,NULL,NULL,'2017-07-13 03:01:27'),(222,83,2,12,2012,2013,2,0,0,0,0,0,0,0,0,0,NULL,NULL,'2017-07-13 03:01:27'),(223,84,2,12,2012,2013,2,0,0,0,0,0,0,0,0,0,NULL,NULL,'2017-07-13 03:01:27'),(224,85,2,12,2012,2013,2,0,0,0,0,0,0,0,0,0,NULL,NULL,'2017-07-13 03:01:27'),(225,86,2,12,2012,2013,2,0,0,0,0,0,0,0,0,0,NULL,NULL,'2017-07-13 03:01:27'),(226,87,2,12,2012,2013,2,0,0,0,0,0,0,0,0,0,NULL,NULL,'2017-07-13 03:01:27'),(227,88,2,12,2012,2013,2,0,0,3,0,0,3,0,0,0,NULL,NULL,'2017-11-07 18:36:36'),(228,89,2,11,2012,2013,2,0,0,0,0,0,0,0,0,0,NULL,NULL,'2017-07-13 03:01:27'),(229,90,2,11,2012,2013,2,0,0,0,0,0,0,0,0,0,NULL,NULL,'2017-07-13 03:01:27'),(230,91,7,40,2012,2013,2,0,0,0,0,0,0,0,0,0,NULL,NULL,'2017-07-13 03:01:27'),(231,92,2,10,2012,2013,2,0,0,0,0,0,0,0,0,0,NULL,NULL,'2017-07-13 03:01:27'),(232,71,2,12,2016,2017,1,0,0,0,0,0,0,0,0,0,NULL,NULL,'2017-07-13 03:01:27'),(233,70,2,12,2016,2017,1,0,0,12,0,0,12,0,0,0,NULL,NULL,'2017-07-13 03:01:27'),(234,69,2,12,2016,2017,1,0,0,0,0,0,0,0,0,0,NULL,NULL,'2017-07-13 03:01:27'),(235,68,2,12,2016,2017,1,0,0,0,0,0,0,0,0,0,NULL,NULL,'2017-07-13 03:01:27'),(236,67,2,12,2016,2017,1,0,0,0,0,0,0,0,0,0,NULL,NULL,'2017-07-13 03:01:27'),(237,66,2,12,2016,2017,1,0,0,0,0,0,0,0,0,0,NULL,NULL,'2017-07-13 03:01:27'),(238,65,2,12,2016,2017,1,0,0,0,0,0,0,0,0,0,NULL,NULL,'2017-07-13 03:01:27'),(239,64,2,12,2016,2017,1,0,0,0,0,0,0,0,0,0,NULL,NULL,'2017-07-13 03:01:27'),(240,63,2,12,2016,2017,1,0,0,0,0,0,0,0,0,0,NULL,NULL,'2017-07-13 03:01:27'),(241,62,2,12,2016,2017,1,0,0,0,0,0,0,0,0,0,NULL,NULL,'2017-07-13 03:01:27'),(242,61,2,12,2016,2017,1,21,0,6,0,21,27,0,0,1,NULL,NULL,'2017-07-13 03:01:27'),(243,60,2,12,2016,2017,1,9,0,6,0,9,15,0,0,1,NULL,NULL,'2017-07-13 03:01:27'),(244,59,2,12,2016,2017,1,0,0,18,0,0,18,0,0,0,NULL,NULL,'2017-07-13 03:01:27'),(245,58,2,12,2016,2017,1,0,0,15,0,0,15,0,0,0,NULL,NULL,'2017-07-13 03:01:27'),(246,57,2,12,2016,2017,1,0,0,0,0,0,0,0,0,0,NULL,NULL,'2017-07-13 03:01:27'),(247,56,2,12,2016,2017,1,0,0,0,0,0,0,0,0,0,NULL,NULL,'2017-07-13 03:01:27'),(248,55,2,12,2016,2017,1,6,3,3,0,9,12,0,1,1,NULL,NULL,'2017-07-13 03:01:27'),(249,54,2,12,2016,2017,1,0,0,12,0,0,12,0,0,0,NULL,NULL,'2017-07-13 03:01:27'),(250,53,2,12,2016,2017,1,0,0,12,0,0,12,0,0,0,NULL,NULL,'2017-07-13 03:01:27'),(251,52,2,12,2016,2017,1,0,0,0,0,0,0,0,0,0,NULL,NULL,'2017-07-13 03:01:27'),(252,51,2,12,2016,2017,1,0,0,0,0,0,0,0,0,0,NULL,NULL,'2017-07-13 03:01:27'),(253,50,2,12,2016,2017,1,12,0,0,0,12,12,0,0,1,NULL,NULL,'2017-07-13 03:01:27'),(254,49,2,12,2016,2017,1,3,0,6,0,3,9,0,0,1,NULL,NULL,'2017-07-13 03:01:27'),(255,48,2,12,2016,2017,1,0,0,0,0,0,0,0,0,0,NULL,NULL,'2017-07-13 03:01:27'),(256,47,2,12,2016,2017,1,0,0,0,0,0,0,0,0,0,NULL,NULL,'2017-07-13 03:01:27'),(257,46,2,12,2016,2017,1,0,0,12,0,0,12,0,0,0,NULL,NULL,'2017-07-13 03:01:27'),(258,45,2,12,2016,2017,1,0,0,0,0,0,0,0,0,0,NULL,NULL,'2017-07-13 03:01:27'),(259,44,2,12,2016,2017,1,12,0,0,0,12,12,0,0,1,NULL,NULL,'2017-07-13 03:01:27'),(260,43,2,12,2016,2017,1,9,0,6,0,9,15,0,0,1,NULL,NULL,'2017-07-13 03:01:27'),(261,72,9,42,2016,2017,1,0,0,3,0,0,3,0,0,0,NULL,NULL,'2017-07-13 03:01:27'),(262,73,2,12,2016,2017,1,6,0,6,0,6,12,0,0,1,NULL,NULL,'2017-07-13 03:01:27'),(263,74,2,12,2016,2017,1,0,0,12,0,0,12,0,0,0,NULL,NULL,'2017-07-13 03:01:27'),(264,75,2,10,2016,2017,1,0,0,18,0,0,18,0,0,0,NULL,NULL,'2017-07-13 03:01:27'),(265,76,2,12,2016,2017,1,3,0,11,0,3,14,0,0,1,NULL,NULL,'2017-07-13 03:01:27'),(266,77,2,12,2016,2017,1,0,0,15,0,0,15,0,0,0,NULL,NULL,'2017-07-13 03:01:27'),(267,78,2,12,2016,2017,1,0,0,15,0,0,15,0,0,0,NULL,NULL,'2017-07-13 03:01:27'),(268,79,2,12,2016,2017,1,0,0,12,0,0,12,0,0,0,NULL,NULL,'2017-07-13 03:01:27'),(269,80,2,12,2016,2017,1,10,0,9,0,10,19,0,0,1,NULL,NULL,'2017-07-13 03:01:27'),(270,81,2,12,2016,2017,1,0,3,15,0,3,18,0,1,0,NULL,NULL,'2017-07-13 03:01:27'),(271,82,2,12,2016,2017,1,6,0,9,0,6,15,0,0,1,NULL,NULL,'2017-07-13 03:01:27'),(272,83,2,12,2016,2017,1,0,3,21,0,3,24,0,1,0,NULL,NULL,'2017-07-13 03:01:27'),(273,84,2,12,2016,2017,1,0,0,12,0,0,12,0,0,0,NULL,NULL,'2017-07-13 03:01:27'),(274,85,2,12,2016,2017,1,0,0,0,0,0,0,0,0,0,NULL,NULL,'2017-07-13 03:01:27'),(275,86,2,12,2016,2017,1,0,0,3,0,0,3,0,0,0,NULL,NULL,'2017-07-13 03:01:27'),(276,87,2,12,2016,2017,1,0,0,6,0,0,6,0,0,0,NULL,NULL,'2017-07-13 03:01:27'),(277,88,2,12,2016,2017,1,0,0,15,0,0,15,0,0,0,NULL,NULL,'2017-07-13 03:01:27'),(278,89,2,11,2016,2017,1,0,0,0,0,0,0,0,0,0,NULL,NULL,'2017-07-13 03:01:27'),(279,90,2,11,2016,2017,1,0,0,0,0,0,0,0,0,0,NULL,NULL,'2017-07-13 03:01:27'),(280,91,7,40,2016,2017,1,0,0,0,0,0,0,0,0,0,NULL,NULL,'2017-07-13 03:01:27'),(281,92,2,10,2016,2017,1,0,0,0,0,0,0,0,0,0,NULL,NULL,'2017-07-13 03:01:27'),(282,93,2,12,2016,2017,1,0,3,12,0,3,15,0,1,0,NULL,NULL,'2017-07-13 03:01:27'),(283,94,2,10,2016,2017,1,0,0,3,0,0,3,0,0,0,NULL,NULL,'2017-07-13 03:01:27'),(284,95,2,10,2016,2017,1,0,0,6,0,0,6,0,0,0,NULL,NULL,'2017-07-13 03:01:27'),(285,96,2,10,2016,2017,1,0,0,3,0,0,3,0,0,0,NULL,NULL,'2017-07-13 03:01:27'),(286,97,2,12,2016,2017,1,0,0,6,0,0,6,0,0,0,NULL,NULL,'2017-07-13 03:01:27'),(287,98,2,12,2016,2017,1,0,0,6,0,0,6,0,0,0,NULL,NULL,'2017-07-13 03:01:27'),(322,52,2,12,1,1,1,0,0,0,0,0,0,0,0,0,NULL,NULL,'2017-11-15 04:37:24'),(321,73,2,12,1,1,1,0,0,0,0,0,0,0,0,0,NULL,NULL,'2017-11-15 04:37:24'),(320,88,2,12,1,1,1,0,0,0,0,0,0,0,0,0,NULL,NULL,'2017-11-15 04:37:24'),(316,1,9,42,1,1,1,0,0,0,0,0,0,0,0,0,NULL,NULL,'2017-11-15 04:28:44'),(317,62,2,12,1,1,1,0,0,0,0,0,0,0,0,0,NULL,NULL,'2017-11-15 04:35:14'),(318,84,2,12,1,1,1,0,0,0,0,0,0,0,0,0,NULL,NULL,'2017-11-15 04:35:14'),(319,78,2,12,1,1,1,0,0,0,0,0,0,0,0,0,NULL,NULL,'2017-11-15 04:35:18'),(323,79,2,12,1,1,1,0,0,0,0,0,0,0,0,0,NULL,NULL,'2017-11-15 04:37:25'),(324,81,2,12,1,1,1,0,0,0,0,0,0,0,0,0,NULL,NULL,'2017-11-15 04:38:39'),(325,56,2,12,1,1,1,0,0,0,0,0,0,0,0,0,NULL,NULL,'2017-11-15 04:38:39'),(326,86,2,12,1,1,1,0,0,0,0,0,0,0,0,0,NULL,NULL,'2017-11-15 04:38:39'),(327,70,2,12,1,1,1,0,0,0,0,0,0,0,0,0,NULL,NULL,'2017-11-15 06:03:02'),(328,43,2,12,1,1,1,0,0,0,0,0,0,0,0,0,NULL,NULL,'2017-11-15 06:03:02'),(329,75,2,10,1,1,1,0,0,0,0,0,0,0,0,0,NULL,NULL,'2017-11-15 06:03:02'),(330,85,2,12,1,1,1,0,0,0,0,0,0,0,0,0,NULL,NULL,'2017-11-15 06:03:02'),(331,44,2,12,1,1,1,0,0,0,0,0,0,0,0,0,NULL,NULL,'2017-11-15 06:03:02'),(332,45,2,12,1,1,1,0,0,0,0,0,0,0,0,0,NULL,NULL,'2017-11-15 06:03:03'),(333,46,2,12,1,1,1,0,0,0,0,0,0,0,0,0,NULL,NULL,'2017-11-15 06:03:03'),(334,47,2,12,1,1,1,0,0,0,0,0,0,0,0,0,NULL,NULL,'2017-11-15 06:03:03'),(335,48,2,12,1,1,1,0,0,0,0,0,0,0,0,0,NULL,NULL,'2017-11-15 06:03:03'),(336,49,2,12,1,1,1,0,0,0,0,0,0,0,0,0,NULL,NULL,'2017-11-15 06:03:03'),(337,74,2,12,1,1,1,0,0,0,0,0,0,0,0,0,NULL,NULL,'2017-11-15 06:03:03'),(338,64,2,12,1,1,1,0,0,0,0,0,0,0,0,0,NULL,NULL,'2017-11-15 06:03:03'),(339,76,2,12,1,1,1,0,0,0,0,0,0,0,0,0,NULL,NULL,'2017-11-15 06:03:03'),(340,77,2,12,1,1,1,0,0,0,0,0,0,0,0,0,NULL,NULL,'2017-11-15 06:03:03'),(341,50,2,12,1,1,1,0,0,0,0,0,0,0,0,0,NULL,NULL,'2017-11-15 06:03:03'),(342,92,2,10,1,1,1,0,0,0,0,0,0,0,0,0,NULL,NULL,'2017-11-15 06:03:03'),(343,51,2,12,1,1,1,0,0,0,0,0,0,0,0,0,NULL,NULL,'2017-11-15 06:03:03'),(344,94,2,10,1,1,1,0,0,0,0,0,0,0,0,0,NULL,NULL,'2017-11-15 06:03:03'),(345,65,2,12,1,1,1,0,0,0,0,0,0,0,0,0,NULL,NULL,'2017-11-15 06:03:03'),(346,96,2,10,1,1,1,0,0,0,0,0,0,0,0,0,NULL,NULL,'2017-11-15 06:03:03'),(347,90,2,11,1,1,1,0,0,0,0,0,0,0,0,0,NULL,NULL,'2017-11-15 06:03:03'),(348,53,2,12,1,1,1,0,0,0,0,0,0,0,0,0,NULL,NULL,'2017-11-15 06:03:03'),(349,54,2,12,1,1,1,0,0,0,0,0,0,0,0,0,NULL,NULL,'2017-11-15 06:03:03'),(350,87,2,12,1,1,1,0,0,0,0,0,0,0,0,0,NULL,NULL,'2017-11-15 06:03:03'),(351,80,2,12,1,1,1,0,0,0,0,0,0,0,0,0,NULL,NULL,'2017-11-15 06:03:03'),(352,66,2,12,1,1,1,0,0,0,0,0,0,0,0,0,NULL,NULL,'2017-11-15 06:03:03'),(353,97,2,12,1,1,1,0,0,0,0,0,0,0,0,0,NULL,NULL,'2017-11-15 06:03:03'),(354,71,2,12,1,1,1,0,0,0,0,0,0,0,0,0,NULL,NULL,'2017-11-15 06:03:03'),(355,55,2,12,1,1,1,0,0,0,0,0,0,0,0,0,NULL,NULL,'2017-11-15 06:03:03'),(356,98,2,12,1,1,1,0,0,0,0,0,0,0,0,0,NULL,NULL,'2017-11-15 06:03:03'),(357,57,2,12,1,1,1,0,0,0,0,0,0,0,0,0,NULL,NULL,'2017-11-15 06:03:03'),(358,82,2,12,1,1,1,0,0,0,0,0,0,0,0,0,NULL,NULL,'2017-11-15 06:03:04'),(359,67,2,12,1,1,1,0,0,0,0,0,0,0,0,0,NULL,NULL,'2017-11-15 06:03:04'),(360,58,2,12,1,1,1,0,0,0,0,0,0,0,0,0,NULL,NULL,'2017-11-15 06:03:04'),(361,83,2,12,1,1,1,0,0,0,0,0,0,0,0,0,NULL,NULL,'2017-11-15 06:03:04'),(362,60,2,12,1,1,1,0,0,0,0,0,0,0,0,0,NULL,NULL,'2017-11-15 06:03:04'),(363,59,2,12,1,1,1,0,0,0,0,0,0,0,0,0,NULL,NULL,'2017-11-15 06:03:04'),(364,61,2,12,1,1,1,0,0,0,0,0,0,0,0,0,NULL,NULL,'2017-11-15 06:03:04'),(365,93,2,12,1,1,1,0,0,0,0,0,0,0,0,0,NULL,NULL,'2017-11-15 06:03:04'),(366,89,2,11,1,1,1,0,0,0,0,0,0,0,0,0,NULL,NULL,'2017-11-15 06:03:04'),(367,63,2,12,1,1,1,0,0,0,0,0,0,0,0,0,NULL,NULL,'2017-11-15 06:03:04'),(368,95,2,10,1,1,1,0,0,0,0,0,0,0,0,0,NULL,NULL,'2017-11-15 06:03:04'),(369,68,2,12,1,1,1,0,0,0,0,0,0,0,0,0,NULL,NULL,'2017-11-15 06:03:04'),(370,69,2,12,1,1,1,0,0,0,0,0,0,0,0,0,NULL,NULL,'2017-11-15 06:03:04'),(371,99,4,18,1,1,1,0,0,0,0,0,0,0,0,0,NULL,NULL,'2017-11-15 06:03:34');
/*!40000 ALTER TABLE `loads` ENABLE KEYS */;
UNLOCK TABLES;

--
-- Table structure for table `offering`
--

DROP TABLE IF EXISTS `offering`;
/*!40101 SET @saved_cs_client     = @@character_set_client */;
/*!40101 SET character_set_client = utf8 */;
CREATE TABLE `offering` (
  `offering_id` int(11) NOT NULL AUTO_INCREMENT,
  `course_id` int(11) DEFAULT NULL,
  `faculty_id` int(11) DEFAULT NULL,
  `degree_program` varchar(45) DEFAULT NULL,
  `section` varchar(4) DEFAULT NULL,
  `batch` int(11) DEFAULT NULL,
  `term` int(11) DEFAULT NULL,
  `start_year` int(11) DEFAULT NULL,
  `end_year` int(11) DEFAULT NULL,
  `max_students_enrolled` int(11) DEFAULT NULL,
  `curr_students_enrolled` int(11) DEFAULT NULL,
  `is_non_acad` int(11) DEFAULT NULL,
  `is_shs` int(11) DEFAULT NULL,
  `is_service_course` int(11) DEFAULT NULL,
  `servicedept_id` int(11) DEFAULT NULL,
  `is_masters` int(11) DEFAULT NULL,
  `is_elective` int(11) DEFAULT NULL,
  `elective_type` varchar(7) DEFAULT NULL,
  `remarks` varchar(100) DEFAULT NULL,
  `offering_status` varchar(45) DEFAULT NULL,
  `iteo_eval` float DEFAULT NULL,
  `isPublished` int(11) NOT NULL,
  `time_stamp` timestamp NOT NULL DEFAULT CURRENT_TIMESTAMP ON UPDATE CURRENT_TIMESTAMP,
  PRIMARY KEY (`offering_id`)
) ENGINE=MyISAM AUTO_INCREMENT=910 DEFAULT CHARSET=latin1;
/*!40101 SET character_set_client = @saved_cs_client */;

--
-- Dumping data for table `offering`
--

LOCK TABLES `offering` WRITE;
/*!40000 ALTER TABLE `offering` DISABLE KEYS */;
INSERT INTO `offering` VALUES (443,1388,44,'MSCS','G01',113,2,2012,2013,14,14,0,0,0,0,0,0,'','','Regular',5,1,'2017-10-08 19:30:27'),(442,1387,44,'3-ST','S18',113,2,2012,2013,33,33,0,0,0,0,0,0,'','','Regular',5,1,'2017-10-08 19:30:27'),(440,1385,43,'-ADM','',113,2,2012,2013,0,0,0,0,0,0,0,0,'','','Regular',5,1,'2017-10-08 19:30:27'),(441,1386,44,'-ADM ','',113,2,2012,2013,0,0,0,0,0,0,0,0,'','','Regular',5,1,'2017-10-08 19:30:27'),(439,1384,43,'MSCS','G01',113,2,2012,2013,4,4,0,0,0,0,0,0,'','','Regular',5,1,'2017-10-08 19:30:27'),(438,1383,92,'GRAD','',113,2,2016,2017,5,5,0,0,1,10,0,0,'','','Regular',5,1,'2017-09-03 15:40:58'),(437,1375,91,'ST-4','S18',113,2,2016,2017,20,20,0,0,1,40,0,1,'SPELEC2','','Regular',5,1,'2017-09-03 15:40:58'),(436,1322,90,'ST-3','S16',113,2,2016,2017,19,19,0,0,1,11,0,0,'','','Regular',5,1,'2017-09-03 15:40:58'),(435,1382,89,'CSS4','X22',113,2,2016,2017,10,10,0,0,1,11,0,1,'SPELEC2','','Regular',5,1,'2017-09-03 15:40:58'),(434,1381,72,'ST-4','S17',113,2,2016,2017,0,0,0,0,1,0,0,1,'SPELEC2','','Regular',5,1,'2017-09-03 15:40:58'),(431,1345,88,'1-IRR','S18',113,2,2016,2017,21,21,0,0,0,0,0,0,'','','Regular',5,1,'2017-09-03 15:40:58'),(432,1379,88,'IRR','S14',113,2,2016,2017,17,17,0,0,0,0,0,0,'','','Regular',5,1,'2017-09-03 15:40:58'),(433,1380,88,'IRR','S11',113,2,2016,2017,20,20,0,0,0,0,0,0,'','','Regular',5,1,'2017-09-03 15:40:58'),(430,1378,88,'MSIT','G1',113,2,2016,2017,16,16,0,0,0,0,0,0,'','','Regular',5,1,'2017-09-03 15:40:58'),(427,1375,87,'ST-4','S20',113,2,2016,2017,20,20,0,0,0,0,0,1,'SPELEC2','','Regular',5,1,'2017-09-03 15:40:59'),(428,1376,87,'IRR','S14',113,2,2016,2017,22,22,0,0,0,0,0,0,'','','Regular',5,1,'2017-09-03 15:40:59'),(429,1377,88,'GRAD','G1',113,2,2016,2017,5,5,0,0,0,0,0,0,'','','Regular',5,1,'2017-09-03 15:40:59'),(426,1374,86,'CSS2','X22',113,2,2016,2017,31,31,0,0,0,0,0,0,'','','Regular',5,1,'2017-09-03 15:40:59'),(425,1339,86,'CSS2','X22',113,2,2016,2017,31,31,0,0,0,0,0,0,'','','Regular',5,1,'2017-09-03 15:40:59'),(424,1355,86,'CSS3','X22',113,2,2016,2017,16,16,0,0,0,0,0,0,'','','Regular',5,1,'2017-09-03 15:40:59'),(423,1373,85,'CSE-3','S11',113,2,2016,2017,31,31,0,0,0,0,0,0,'','','Regular',5,1,'2017-09-03 15:40:59'),(422,1372,84,'SHS','11-Q',113,2,2016,2017,0,0,0,1,0,0,0,0,'','','Regular',5,1,'2017-09-03 15:40:59'),(421,1372,84,'SHS','11-S',113,2,2016,2017,0,0,0,1,0,0,0,0,'','','Regular',5,1,'2017-09-03 15:40:59'),(420,1371,84,'IS-2','S14',113,2,2016,2017,11,11,0,0,0,0,0,0,'','','Regular',5,1,'2017-09-03 15:40:59'),(419,1371,84,'IS-2','S15',113,2,2016,2017,26,26,0,0,0,0,0,0,'','','Regular',5,1,'2017-09-03 15:40:59'),(418,1370,61,'DIT','G1',113,2,2016,2017,12,12,0,0,0,0,0,0,'','','Regular',5,1,'2017-09-03 15:40:59'),(417,1316,61,'ADMIN','',113,2,2016,2017,0,0,0,0,0,0,0,0,'','','Regular',5,1,'2017-09-03 15:40:59'),(416,1369,61,'ADMIN','',113,2,2016,2017,0,0,0,0,0,0,0,0,'','','Regular',5,1,'2017-09-03 15:40:59'),(415,1316,60,'ADMIN','',113,2,2016,2017,0,0,0,0,0,0,0,0,'','','Regular',5,1,'2017-09-03 15:40:59'),(413,1325,83,'EA','',113,2,2016,2017,0,0,0,0,0,0,0,0,'','','Regular',5,1,'2017-09-03 15:40:59'),(414,1322,60,'CSS3 CS','X22',113,2,2016,2017,23,23,0,0,0,0,0,0,'','','Regular',5,1,'2017-09-03 15:40:59'),(412,1351,83,'','',113,2,2016,2017,0,0,0,0,0,0,0,0,'','','Regular',5,1,'2017-09-03 15:40:59'),(411,1367,83,'ST-3','S18',113,2,2016,2017,0,0,0,0,0,0,0,0,'','','Regular',5,1,'2017-09-03 15:40:59'),(410,1367,83,'ST-3','S17',113,2,2016,2017,0,0,0,0,0,0,0,0,'','','Regular',5,1,'2017-09-03 15:40:59'),(408,1366,58,'GRAD','G1',113,2,2016,2017,9,9,0,0,0,0,0,0,'','','Regular',5,1,'2017-09-03 15:40:59'),(409,1339,83,'ST-2','S18',113,2,2016,2017,33,33,0,0,0,0,0,0,'','','Regular',5,1,'2017-09-03 15:40:59'),(407,1315,58,'2-IRR','S19',113,2,2016,2017,20,20,0,0,0,0,0,0,'','','Regular',5,1,'2017-09-03 15:40:59'),(406,1315,58,'1-CS','S18A',113,2,2016,2017,22,22,0,0,0,0,0,0,'','','Regular',5,1,'2017-09-03 15:40:59'),(405,1315,58,'1-CS','S17B',113,2,2016,2017,22,22,0,0,0,0,0,0,'','','Regular',5,1,'2017-09-03 15:40:59'),(404,1365,82,'GRAD','G1',113,2,2016,2017,15,15,0,0,0,0,0,0,'','','Regular',5,1,'2017-09-03 15:40:59'),(403,1351,82,'URCO','',113,2,2016,2017,0,0,0,0,0,0,0,0,'','','Regular',5,1,'2017-09-03 15:40:59'),(402,1363,82,'ADMIN','',113,2,2016,2017,0,0,0,0,0,0,0,0,'','','Regular',5,1,'2017-09-03 15:40:59'),(401,1362,86,'ST-4','S19',113,2,2016,2017,16,16,0,0,0,0,0,1,'SPELEC2','','Regular',5,1,'2017-11-07 23:32:28'),(400,1355,56,'ST-3','S19',113,2,2016,2017,17,17,0,0,0,0,0,0,'','','Regular',5,1,'2017-09-03 15:40:59'),(399,1338,56,'ST-4','S17',113,2,2016,2017,42,42,0,0,0,0,0,0,'','','Regular',5,1,'2017-09-03 15:40:59'),(398,1338,56,'ST-4','S18',113,2,2016,2017,44,44,0,0,0,0,0,0,'','','Regular',5,1,'2017-09-03 15:40:59'),(397,1338,56,'ST-4','S19',113,2,2016,2017,7,7,0,0,0,0,0,0,'','','Regular',5,1,'2017-09-03 15:40:59'),(396,1361,55,'ADMIN','',113,2,2016,2017,0,0,0,0,0,0,0,0,'','','Regular',5,1,'2017-09-03 15:40:59'),(395,1326,55,'SHS','11-C',113,2,2016,2017,43,43,0,0,0,0,0,0,'','','Regular',5,1,'2017-09-03 15:40:59'),(394,1322,55,'ST-4','S19',113,2,2016,2017,35,35,0,0,0,0,0,0,'','','Regular',5,1,'2017-09-03 15:40:59'),(393,1322,55,'ST-4','S18',113,2,2016,2017,37,37,0,0,0,0,0,0,'','','Regular',5,1,'2017-09-03 15:40:59'),(392,1351,81,'URCO','',113,2,2016,2017,0,0,0,0,0,0,0,0,'','','Regular',5,1,'2017-09-03 15:40:59'),(391,1359,81,'CSS4','X22',113,2,2016,2017,0,0,0,0,0,0,0,0,'','','Regular',5,1,'2017-09-03 15:40:59'),(390,1358,81,'ST-4','S19',113,2,2016,2017,0,0,0,0,0,0,0,0,'','','Regular',5,1,'2017-09-03 15:40:59'),(388,1356,81,'ST-4','S17',113,2,2016,2017,0,0,0,0,0,0,0,0,'','','Regular',5,1,'2017-09-03 15:40:59'),(389,1357,81,'ST-4','S18',113,2,2016,2017,0,0,0,0,0,0,0,0,'','','Regular',5,1,'2017-09-03 15:40:59'),(386,1314,81,'IT-3','S15',113,2,2016,2017,24,24,0,0,0,0,0,0,'','','Regular',5,1,'2017-09-03 15:40:59'),(387,1355,81,'ST-3','S18',113,2,2016,2017,20,20,0,0,0,0,0,0,'','','Regular',5,1,'2017-09-03 15:40:59'),(385,1355,81,'ST-3','S17',113,2,2016,2017,28,28,0,0,0,0,0,0,'','','Regular',5,1,'2017-09-03 15:40:59'),(383,1353,80,'ADMIN','',113,2,2016,2017,0,0,0,0,0,0,0,0,'','','Regular',5,1,'2017-09-03 15:40:59'),(384,1354,80,'ADMIN','',113,2,2016,2017,0,0,0,0,0,0,0,0,'','','Regular',5,1,'2017-09-03 15:40:59'),(381,1351,53,'URCO','',113,2,2016,2017,0,0,0,0,0,0,0,0,'','','Regular',5,1,'2017-09-03 15:40:59'),(382,1352,54,'ADMIN','',113,2,2016,2017,0,0,0,0,0,0,0,0,'','','Regular',5,1,'2017-09-03 15:40:59'),(380,1315,53,'1-CS','S18B',113,2,2016,2017,18,18,0,0,0,0,0,0,'','','Regular',5,1,'2017-09-03 15:40:59'),(379,1315,53,'1-CS','S17A',113,2,2016,2017,19,19,0,0,0,0,0,0,'','','Regular',5,1,'2017-09-03 15:40:59'),(378,1324,79,'GRAD','',113,2,2016,2017,3,3,0,0,0,0,0,0,'','','Special',5,1,'2017-09-03 15:40:59'),(377,1350,79,'','',113,2,2016,2017,0,0,0,0,0,0,0,0,'','','Special',5,1,'2017-09-03 15:40:59'),(376,1349,79,'CSE-2','S11',113,2,2016,2017,44,44,0,0,0,0,0,0,'','','Regular',5,1,'2017-09-03 15:40:59'),(375,1349,79,'NE-2','S13',113,2,2016,2017,26,26,0,0,0,0,0,0,'','','Regular',5,1,'2017-09-03 15:40:59'),(374,1349,79,'NE-2','S12',113,2,2016,2017,16,16,0,0,0,0,0,0,'','','Regular',5,1,'2017-09-03 15:40:59'),(373,1327,79,'CSS2-IR','X22',113,2,2016,2017,14,14,0,0,0,0,0,0,'','','Regular',5,1,'2017-09-03 15:40:59'),(372,1348,50,'ADMIN','',113,2,2016,2017,0,0,0,0,0,0,0,0,'','','Regular',5,1,'2017-09-03 15:40:59'),(371,1347,78,'','',113,2,2016,2017,1,1,0,0,0,0,0,0,'','','Special',5,1,'2017-09-03 15:40:59'),(369,1345,78,'1-IRR','S19',113,2,2016,2017,14,14,0,0,0,0,0,0,'','','Regular',5,1,'2017-09-03 15:40:59'),(370,1346,78,'','',113,2,2016,2017,6,6,0,0,0,0,0,0,'','','Special',5,1,'2017-09-03 15:40:59'),(368,1344,78,'SHS','11-R',113,2,2016,2017,0,0,0,1,0,0,0,0,'','','Regular',5,1,'2017-09-03 15:40:59'),(367,1343,78,'IRR','S15',113,2,2016,2017,29,29,0,0,0,0,0,0,'','','Regular',5,1,'2017-09-03 15:40:59'),(366,1342,78,'ADMIN','',113,2,2016,2017,0,0,0,0,0,0,0,0,'','','Regular',5,1,'2017-09-03 15:40:59'),(365,1341,77,'','',113,2,2016,2017,0,0,0,0,0,0,0,0,'','','Special',5,1,'2017-09-03 15:40:59'),(364,1340,77,'GRAD','G1',113,2,2016,2017,6,6,0,0,0,0,0,0,'','','Regular',5,1,'2017-09-03 15:40:59'),(363,1339,77,'ST-2','S19',113,2,2016,2017,44,44,0,0,0,0,0,0,'','','Regular',5,1,'2017-09-03 15:40:59'),(362,1339,77,'ST-2','S17',113,2,2016,2017,15,15,0,0,0,0,0,0,'','','Regular',5,1,'2017-09-03 15:40:59'),(361,1338,77,'CSS4','X22',113,2,2016,2017,12,12,0,0,0,0,0,0,'','','Regular',5,1,'2017-09-03 15:40:59'),(360,1337,76,'','',113,2,2016,2017,2,2,0,0,0,0,0,0,'','','Special',5,1,'2017-09-03 15:40:59'),(359,1336,76,'URCO','',113,2,2016,2017,0,0,0,0,0,0,0,0,'','','Regular',5,1,'2017-09-03 15:40:59'),(356,1333,76,'GRAD','G1',113,2,2016,2017,15,15,0,0,0,0,0,0,'','','Regular',5,1,'2017-09-03 15:40:59'),(358,1335,76,'NE-2','S12B',113,2,2016,2017,22,22,0,0,0,0,0,0,'','','Regular',5,1,'2017-09-03 15:40:59'),(357,1334,76,'NE-2','S12B',113,2,2016,2017,22,22,0,0,0,0,0,0,'','','Regular',5,1,'2017-09-03 15:40:59'),(354,1329,88,'NE-2','S13',113,2,2016,2017,30,30,0,0,0,0,0,0,'','','Regular',5,1,'2017-11-07 23:33:17'),(355,1332,76,'ADMIN','',113,2,2016,2017,0,0,0,0,0,0,0,0,'','','Regular',5,1,'2017-09-03 15:40:59'),(353,1331,75,'SHS','11-P',113,2,2016,2017,0,0,0,1,0,0,0,0,'','','Regular',5,1,'2017-09-03 15:40:59'),(352,1330,86,'CSE-4','S11',113,2,2016,2017,24,24,0,0,0,0,0,1,'SPELEC2','','Regular',5,1,'2017-11-07 23:32:16'),(351,1329,75,'CSE-2','S11',113,2,2016,2017,26,26,0,0,0,0,0,0,'','','Regular',5,1,'2017-09-03 15:40:59'),(350,1328,74,'SHS','',113,2,2016,2017,0,0,0,1,0,0,0,0,'','','Regular',5,1,'2017-09-03 15:40:59'),(349,1327,74,'1-CS','S17',113,2,2016,2017,45,45,0,0,0,0,0,0,'','','Regular',5,1,'2017-09-03 15:40:59'),(347,1327,74,'IRR','S19',113,2,2016,2017,45,45,0,0,0,0,0,0,'','','Regular',5,1,'2017-09-03 15:40:59'),(348,1327,74,'1-CS','S18',113,2,2016,2017,40,40,0,0,0,0,0,0,'','','Regular',5,1,'2017-09-03 15:40:59'),(346,1326,49,'SHS','11-F',113,2,2016,2017,0,0,0,1,0,0,0,0,'','','Regular',5,1,'2017-09-03 15:40:59'),(345,1325,49,'','',113,2,2016,2017,0,0,0,0,0,0,0,0,'','','Regular',5,1,'2017-09-03 15:40:59'),(343,1323,49,'ADMIN','',113,2,2016,2017,0,0,0,0,0,0,0,0,'','','Regular',5,1,'2017-09-03 15:40:59'),(344,1324,49,'GRAD','G1',113,2,2016,2017,15,15,0,0,0,0,0,0,'','','Regular',5,1,'2017-09-03 15:40:59'),(342,1322,73,'ST-4','S17',113,2,2016,2017,44,44,0,0,0,0,0,0,'','','Regular',5,1,'2017-09-03 15:40:59'),(341,1322,73,'ST-3','S15',113,2,2016,2017,30,30,0,0,0,0,0,0,'','','Regular',5,1,'2017-09-03 15:40:59'),(340,1321,73,'ADMIN','',113,2,2016,2017,0,0,0,0,0,0,0,0,'','','Regular',5,1,'2017-09-03 15:40:59'),(339,1312,46,'ST-2','S18',113,2,2016,2017,34,34,0,0,0,0,0,0,'','','Regular',5,1,'2017-09-03 15:40:59'),(338,1312,46,'ST-2','S17',113,2,2016,2017,17,17,0,0,0,0,0,0,'','','Regular',5,1,'2017-09-03 15:40:59'),(337,1320,46,'GRAD','G1',113,2,2016,2017,14,14,0,0,0,0,0,0,'','','Regular',5,1,'2017-09-03 15:40:59'),(336,1319,46,'NE-3','S12',113,2,2016,2017,19,19,0,0,0,0,0,0,'','','Regular',5,1,'2017-09-03 15:40:59'),(335,1318,44,'ADMIN','',113,2,2016,2017,0,0,0,0,0,0,0,0,'','','Regular',5,1,'2017-09-03 15:40:59'),(334,1317,43,'GRAD','G1',113,2,2016,2017,11,11,0,0,0,0,0,0,'','','Regular',5,1,'2017-09-03 15:40:59'),(333,1316,43,'ADMIN','',113,2,2016,2017,0,0,0,0,0,0,0,0,'','','Regular',5,1,'2017-09-03 15:40:59'),(332,1315,70,'CSS-IRR','X22',113,2,2016,2017,7,7,0,0,0,0,0,0,'','','Regular',5,1,'2017-09-03 15:40:59'),(331,1314,70,'IT-3','S14',113,2,2016,2017,15,15,0,0,0,0,0,0,'','','Regular',5,1,'2017-09-03 15:40:59'),(330,1313,70,'IS-2','S21',113,2,2016,2017,22,22,0,0,0,0,0,0,'','','Regular',5,1,'2017-09-03 15:40:59'),(329,1312,70,'ST-2','S19',113,2,2016,2017,22,22,0,0,0,0,0,0,'','','Regular',5,1,'2017-09-03 15:40:59'),(444,1389,44,'SC','SS1',113,2,2012,2013,2,2,0,0,0,0,0,0,'','','Regular',5,1,'2017-10-08 19:30:27'),(445,1327,45,'1-CS','S14',113,2,2012,2013,43,43,0,0,0,0,0,0,'','','Regular',5,1,'2017-10-08 19:30:27'),(446,1327,45,'1-CS','S17',113,2,2012,2013,43,43,0,0,0,0,0,0,'','','Regular',5,1,'2017-10-08 19:30:27'),(447,1327,45,'1-CSE','S12',113,2,2012,2013,38,38,0,0,0,0,0,0,'','','Regular',5,1,'2017-10-08 19:30:27'),(448,1390,45,'DipCS','G01',113,2,2012,2013,12,12,0,0,0,0,0,0,'','','Regular',5,1,'2017-10-08 19:30:27'),(449,1391,46,'2-ST','S19',113,2,2012,2013,43,43,0,0,0,0,0,0,'','','Regular',5,1,'2017-10-08 19:30:27'),(450,1391,46,'2-ST','S17',113,2,2012,2013,28,28,0,0,0,0,0,0,'','','Regular',5,1,'2017-10-08 19:30:27'),(451,1391,46,'2-ST','S18',113,2,2012,2013,34,34,0,0,0,0,0,0,'','','Regular',5,1,'2017-10-08 19:30:27'),(452,1392,46,'SC','G01',113,2,2012,2013,7,7,0,0,0,0,0,0,'','','Regular',5,1,'2017-10-08 19:30:27'),(453,1393,46,'SC','GS1',113,2,2012,2013,0,0,0,0,0,0,0,0,'','','Regular',5,1,'2017-10-08 19:30:27'),(454,1394,46,'SC','GS1',113,2,2012,2013,0,0,0,0,0,0,0,0,'','','Regular',5,1,'2017-10-08 19:30:27'),(455,1395,46,'SC','SS1',113,2,2012,2013,0,0,0,0,0,0,0,0,'','','Regular',5,1,'2017-10-08 19:30:27'),(456,1315,47,'1-CS','S14A',113,2,2012,2013,20,20,0,0,0,0,0,0,'','','Regular',5,1,'2017-10-08 19:30:27'),(457,1315,47,'1-CS','S12B',113,2,2012,2013,20,20,0,0,0,0,0,0,'','','Regular',5,1,'2017-10-08 19:30:27'),(458,1396,47,'DipCS','G01',113,2,2012,2013,19,19,0,0,0,0,0,0,'','','Regular',5,1,'2017-10-08 19:30:27'),(459,1397,47,'-VCA','',113,2,2012,2013,0,0,0,0,0,0,0,0,'','','Regular',5,1,'2017-10-08 19:30:27'),(460,1349,48,'2-NE','S22',113,2,2012,2013,43,43,0,0,0,0,0,0,'','','Regular',5,1,'2017-10-08 19:30:27'),(461,1349,48,'2-IST','S20',113,2,2012,2013,24,24,0,0,0,0,0,0,'','','Regular',5,1,'2017-10-08 19:30:27'),(462,1379,88,'IRR','S13A',113,2,2012,2013,0,0,0,0,0,0,0,0,'','','Regular',5,1,'2017-11-07 18:36:36'),(463,1349,48,'2-NE','S23',113,2,2012,2013,31,31,0,0,0,0,0,0,'','','Regular',5,1,'2017-10-08 19:30:27'),(464,1315,49,'1-CSE','S11B',113,2,2012,2013,20,20,0,0,0,0,0,0,'','','Regular',5,1,'2017-10-08 19:30:27'),(465,1315,49,'1-CS','S17B',113,2,2012,2013,20,20,0,0,0,0,0,0,'','','Regular',5,1,'2017-10-08 19:30:27'),(466,1398,49,'MSCS','M',113,2,2012,2013,13,13,0,0,0,0,0,0,'','','Regular',5,1,'2017-10-08 19:30:27'),(467,1315,49,'1-CS','S16A',113,2,2012,2013,21,21,0,0,0,0,0,0,'','','Regular',5,1,'2017-10-08 19:30:27'),(468,1354,50,'-ADM','',113,2,2012,2013,0,0,0,0,0,0,0,0,'','','Regular',5,1,'2017-10-08 19:30:27'),(469,1319,50,'3-CSE','S11 ',113,2,2012,2013,25,25,0,0,0,0,0,0,'','','Regular',5,1,'2017-10-08 19:30:27'),(470,1329,51,'2-CSE','S12',113,2,2012,2013,43,43,0,0,0,0,0,0,'','','Regular',5,1,'2017-10-08 19:30:27'),(471,1399,51,'3-ST','S19',113,2,2012,2013,28,28,0,0,0,0,0,0,'','','Regular',5,1,'2017-10-08 19:30:27'),(472,1338,51,'3-ST','S19',113,2,2012,2013,45,45,0,0,0,0,0,0,'','','Regular',5,1,'2017-10-08 19:30:27'),(473,1329,51,'2-NE','S23',113,2,2012,2013,15,15,0,0,0,0,0,0,'','','Regular',5,1,'2017-10-08 19:30:27'),(474,1380,52,'IRR','S11',113,2,2012,2013,15,15,0,0,0,0,0,0,'','','Regular',5,1,'2017-10-08 19:30:27'),(475,1400,52,'IRR','S13 ',113,2,2012,2013,22,22,0,0,0,0,0,0,'','','Regular',5,1,'2017-10-08 19:30:27'),(476,1397,52,'VCA','',113,2,2012,2013,0,0,0,0,0,0,0,0,'','','Regular',5,1,'2017-10-08 19:30:27'),(477,1402,52,'SC','NS1',113,2,2012,2013,5,5,0,0,0,0,0,0,'','','Regular',5,1,'2017-10-08 19:30:27'),(478,1403,53,'-ADM','',113,2,2012,2013,0,0,0,0,0,0,0,0,'','','Regular',5,1,'2017-10-08 19:30:27'),(479,1404,53,'-URCO','',113,2,2012,2013,0,0,0,0,0,0,0,0,'','','Regular',5,1,'2017-10-08 19:30:27'),(480,1405,53,'-URCO','',113,2,2012,2013,0,0,0,0,0,0,0,0,'','','Regular',5,1,'2017-10-08 19:30:27'),(481,1329,54,'2-CSE','S11',113,2,2012,2013,15,15,0,0,0,0,0,0,'','','Regular',5,1,'2017-10-08 19:30:27'),(482,1387,54,'3-ST','S19',113,2,2012,2013,30,30,0,0,0,0,0,0,'','','Regular',5,1,'2017-10-08 19:30:27'),(483,1387,54,'3-ST','S17',113,2,2012,2013,42,42,0,0,0,0,0,0,'','','Regular',5,1,'2017-10-08 19:30:27'),(484,1406,54,'DipCS','G01',113,2,2012,2013,9,9,0,0,0,0,0,0,'','','Regular',5,1,'2017-10-08 19:30:27'),(485,1349,55,'2-CSE','S11',113,2,2012,2013,0,0,0,0,0,0,0,0,'','','Regular',5,1,'2017-10-08 19:30:27'),(486,1407,55,'-ADM','',113,2,2012,2013,0,0,0,0,0,0,0,0,'','','Regular',5,1,'2017-10-08 19:30:27'),(487,1408,55,'-URCO','',113,2,2012,2013,0,0,0,0,0,0,0,0,'','','Regular',5,1,'2017-10-08 19:30:27'),(488,1409,55,'-URCO','',113,2,2012,2013,0,0,0,0,0,0,0,0,'','','Regular',5,1,'2017-10-08 19:30:27'),(489,1410,55,'SC','GS1',113,2,2012,2013,1,1,0,0,0,0,0,0,'','','Regular',5,1,'2017-10-08 19:30:27'),(490,1411,55,'SC','SS1',113,2,2012,2013,2,2,0,0,0,0,0,0,'','','Regular',5,1,'2017-10-08 19:30:27'),(491,1412,56,'NEW','S13',113,2,2012,2013,26,26,0,0,0,0,0,0,'','','Regular',5,1,'2017-10-08 19:30:27'),(492,1412,56,'NEW','S14',113,2,2012,2013,25,25,0,0,0,0,0,0,'','','Regular',5,1,'2017-10-08 19:30:27'),(493,1397,56,'-VCA','',113,2,2012,2013,0,0,0,0,0,0,0,0,'','','Regular',5,1,'2017-10-08 19:30:27'),(494,1369,57,'-ADM','',113,2,2012,2013,0,0,0,0,0,0,0,0,'','','Regular',5,1,'2017-10-08 19:30:27'),(495,1315,58,'1-CS','S17A',113,2,2012,2013,20,20,0,0,0,0,0,0,'','','Regular',5,1,'2017-10-08 19:30:27'),(496,1315,58,'1-CS','S15A',113,2,2012,2013,20,20,0,0,0,0,0,0,'','','Regular',5,1,'2017-10-08 19:30:27'),(497,1315,58,'1-CS','S12A',113,2,2012,2013,20,20,0,0,0,0,0,0,'','','Regular',5,1,'2017-10-08 19:30:27'),(498,1413,58,'3-ST','S17',113,2,2012,2013,43,43,0,0,0,0,0,0,'','','Regular',5,1,'2017-10-08 19:30:27'),(499,1414,59,'MSCS','G01',113,2,2012,2013,9,9,0,0,0,0,0,0,'','','Regular',5,1,'2017-10-08 19:30:27'),(500,1415,59,'MSIT','G01',113,2,2012,2013,16,16,0,0,0,0,0,0,'','','Regular',5,1,'2017-10-08 19:30:27'),(501,1416,59,'-URCO','',113,2,2012,2013,0,0,0,0,0,0,0,0,'','','Regular',5,1,'2017-10-08 19:30:27'),(502,1417,59,'SC','NS1',113,2,2012,2013,2,2,0,0,0,0,0,0,'','','Regular',5,1,'2017-10-08 19:30:27'),(503,1345,60,'IRR','S11',113,2,2012,2013,17,17,0,0,0,0,0,0,'','','Regular',5,1,'2017-10-08 19:30:27'),(504,1345,60,'IRR','S17',113,2,2012,2013,17,17,0,0,0,0,0,0,'','','Regular',5,1,'2017-10-08 19:30:27'),(505,1345,60,'IRR','S16 ',113,2,2012,2013,17,17,0,0,0,0,0,0,'','','Regular',5,1,'2017-10-08 19:30:27'),(506,1418,60,'-ADM','',113,2,2012,2013,0,0,0,0,0,0,0,0,'','','Regular',5,1,'2017-10-08 19:30:27'),(507,1419,61,'3-ST','S18',113,2,2012,2013,35,35,0,0,0,0,0,0,'','','Regular',5,1,'2017-10-08 19:30:27'),(508,1420,61,'-URCO','',113,2,2012,2013,0,0,0,0,0,0,0,0,'','','Regular',5,1,'2017-10-08 19:30:27'),(509,1408,61,'-URCO','',113,2,2012,2013,0,0,0,0,0,0,0,0,'','','Regular',5,1,'2017-10-08 19:30:27'),(510,1421,62,'4-CSE','S11',113,2,2012,2013,28,28,0,0,0,0,0,0,'','','Regular',5,1,'2017-10-08 19:30:27'),(511,1422,62,'NEW','S11',113,2,2012,2013,25,25,0,0,0,0,0,0,'','','Regular',5,1,'2017-10-08 19:30:27'),(512,1371,62,'2-IS ','S15 ',113,2,2012,2013,28,28,0,0,0,0,0,0,'','','Regular',5,1,'2017-10-08 19:30:27'),(513,1371,62,'2-IS','S16',113,2,2012,2013,28,28,0,0,0,0,0,0,'','','Regular',5,1,'2017-10-08 19:30:27'),(514,1423,62,'2-IS','S13',113,2,2012,2013,28,28,0,0,0,0,0,0,'','','Regular',5,1,'2017-10-08 19:30:27'),(515,1424,62,'SC','NS1',113,2,2012,2013,1,1,0,0,0,0,0,0,'','','Regular',5,1,'2017-10-08 19:30:27'),(516,1319,63,'3-NE','S12',113,2,2012,2013,23,23,0,0,0,0,0,0,'','','Regular',5,1,'2017-10-08 19:30:27'),(517,1319,63,'3-NE','S23',113,2,2012,2013,37,37,0,0,0,0,0,0,'','','Regular',5,1,'2017-10-08 19:30:27'),(518,1425,63,'MSCS','G01',113,2,2012,2013,20,20,0,0,0,0,0,0,'','','Regular',5,1,'2017-10-08 19:30:27'),(519,1426,63,'','NO4',113,2,2012,2013,0,0,1,0,0,0,0,0,'','','Regular',5,1,'2017-10-08 19:30:27'),(520,1427,63,'','SS1',113,2,2012,2013,1,1,0,0,0,0,0,0,'','','Regular',5,1,'2017-10-08 19:30:27'),(521,1428,64,'1-IS','S13',113,2,2012,2013,38,38,0,0,0,0,0,0,'','','Regular',5,1,'2017-10-08 19:30:27'),(522,1428,64,'1-IS','S18',113,2,2012,2013,34,34,0,0,0,0,0,0,'','','Regular',5,1,'2017-10-08 19:30:27'),(523,1428,64,'1-IS','S19',113,2,2012,2013,41,41,0,0,0,0,0,0,'','','Regular',5,1,'2017-10-08 19:30:27'),(524,1428,64,'NEW','S14',113,2,2012,2013,22,22,0,0,0,0,0,0,'','','Regular',5,1,'2017-10-08 19:30:27'),(525,1338,65,'3-ST','S18',113,2,2012,2013,44,44,0,0,0,0,0,0,'','','Regular',5,1,'2017-10-08 19:30:27'),(526,1429,65,'3-CSE','S11',113,2,2012,2013,35,35,0,0,0,0,0,0,'','','Regular',5,1,'2017-10-08 19:30:27'),(527,1338,65,'3-ST','S17',113,2,2012,2013,19,19,0,0,0,0,0,0,'','','Regular',5,1,'2017-10-08 19:30:27'),(528,1313,66,'3-ST','S18',113,2,2012,2013,43,43,0,0,0,0,0,0,'','','Regular',5,1,'2017-10-08 19:30:27'),(529,1313,67,'3-ST','S19',113,2,2012,2013,35,35,0,0,0,0,0,0,'','','Regular',5,1,'2017-10-08 19:30:27'),(530,1313,67,'3-ST','S17',113,2,2012,2013,42,42,0,0,0,0,0,0,'','','Regular',5,1,'2017-10-08 19:30:27'),(531,1327,68,'1-CSE','S11',113,2,2012,2013,40,40,0,0,0,0,0,0,'','','Regular',5,1,'2017-10-08 19:30:27'),(532,1327,68,'1-CS','S15',113,2,2012,2013,43,43,0,0,0,0,0,0,'','','Regular',5,1,'2017-10-08 19:30:27'),(533,1327,68,'1-CS','S16',113,2,2012,2013,43,43,0,0,0,0,0,0,'','','Regular',5,1,'2017-10-08 19:30:27'),(534,1315,69,'IRR','S12',113,2,2012,2013,0,0,0,0,0,0,0,0,'','','Regular',5,1,'2017-10-08 19:30:27'),(535,1327,70,'1-CS','STC',113,2,2012,2013,0,0,0,0,0,0,0,0,'','','Regular',5,1,'2017-10-08 19:30:27'),(536,1428,70,'1-IS','STC',113,2,2012,2013,0,0,0,0,0,0,0,0,'','','Regular',5,1,'2017-10-08 19:30:27'),(537,1391,70,'2-ST','STC',113,2,2012,2013,0,0,0,0,0,0,0,0,'','','Regular',5,1,'2017-10-08 19:30:27'),(538,1430,70,'','STC',113,2,2012,2013,0,0,0,0,0,0,0,0,'','','Regular',5,1,'2017-10-08 19:30:27'),(539,1431,71,'IRR','STC',113,2,2012,2013,0,0,0,0,0,0,0,0,'','','Regular',5,1,'2017-10-08 19:30:27'),(540,1432,71,'1-CS','STC',113,2,2012,2013,0,0,0,0,0,0,0,0,'','','Regular',5,1,'2017-10-08 19:30:27'),(541,1345,71,'IRR','STC',113,2,2012,2013,0,0,0,0,0,0,0,0,'','','Regular',5,1,'2017-10-08 19:30:27'),(542,1433,70,'CSS-3','X22',113,1,2016,2017,14,14,0,0,0,0,0,0,'','','Regular',5,1,'2017-09-03 15:40:58'),(543,1434,70,'CSS-4','X22',113,1,2016,2017,7,7,0,0,0,0,0,0,'','','Regular',5,1,'2017-09-03 15:40:58'),(544,1372,70,'SHS','11-A',113,1,2016,2017,0,0,0,1,0,0,0,0,'','','Regular',5,1,'2017-09-03 15:40:58'),(545,1372,70,'SHS','11-D',113,1,2016,2017,0,0,0,1,0,0,0,0,'','','Regular',5,1,'2017-09-03 15:40:58'),(546,1316,43,'ADMIN','',113,1,2016,2017,0,0,0,0,0,0,0,0,'','','Regular',5,1,'2017-09-03 15:40:58'),(547,1470,43,'GRAD','G2',113,1,2016,2017,13,13,0,0,0,0,0,0,'','','Regular',5,1,'2017-09-03 15:40:58'),(548,1470,43,'STC-MS','',113,1,2016,2017,0,0,0,0,0,0,0,0,'','','Special',5,1,'2017-09-03 15:40:58'),(549,1318,44,'ADMIN','',113,1,2016,2017,0,0,0,0,0,0,0,0,'','','Regular',5,1,'2017-09-03 15:40:58'),(550,1395,46,'ST-3','S17',113,1,2016,2017,17,17,0,0,0,0,0,0,'','','Regular',5,1,'2017-09-03 15:40:58'),(551,1395,46,'ST-3','S18',113,1,2016,2017,42,42,0,0,0,0,0,0,'','','Regular',5,1,'2017-09-03 15:40:58'),(552,1436,46,'GRAD','',113,1,2016,2017,5,5,0,0,0,0,0,0,'','','Special',5,1,'2017-09-03 15:40:58'),(553,1437,46,'GRAD','G1',113,1,2016,2017,11,11,0,0,0,0,0,0,'','','Regular',5,1,'2017-09-03 15:40:58'),(554,1438,46,'','',113,1,2016,2017,12,12,0,0,0,0,0,0,'','','Regular',5,1,'2017-09-03 15:40:58'),(555,1380,73,'IRR','S18',113,1,2016,2017,7,7,0,0,0,0,0,0,'','','Regular',5,1,'2017-09-03 15:40:58'),(556,1380,73,'IRR','S19',113,1,2016,2017,22,22,0,0,0,0,0,0,'','','Regular',5,1,'2017-09-03 15:40:58'),(557,1321,73,'ADMIN','',113,1,2016,2017,0,0,0,0,0,0,0,0,'','','Regular',5,1,'2017-09-03 15:40:58'),(558,1323,49,'ADMIN','',113,1,2016,2017,0,0,0,0,0,0,0,0,'','','Regular',5,1,'2017-09-03 15:40:58'),(559,1349,49,'ST-2','S19',113,1,2016,2017,26,26,0,0,0,0,0,0,'','','Regular',5,1,'2017-09-03 15:40:58'),(560,1372,49,'SHS','11-D',113,1,2016,2017,0,0,0,0,0,0,0,0,'','','Regular',5,1,'2017-09-03 15:40:58'),(561,1376,74,'IT-2','S15A',113,1,2016,2017,10,10,0,0,0,0,0,0,'','','Regular',5,1,'2017-09-03 15:40:58'),(562,1376,74,'IT-2','S16A',113,1,2016,2017,22,22,0,0,0,0,0,0,'','','Regular',5,1,'2017-09-03 15:40:58'),(563,1441,74,'SOE','V24',113,1,2016,2017,33,33,0,0,0,0,0,0,'','','Regular',5,1,'2017-09-03 15:40:58'),(564,1441,74,'SOE','V25',113,1,2016,2017,30,30,0,0,0,0,0,0,'','','Regular',5,1,'2017-09-03 15:40:58'),(565,1332,76,'ADMIN','',113,1,2016,2017,0,0,0,0,0,0,0,0,'','','Regular',5,1,'2017-09-03 15:40:58'),(566,1443,76,'CT','S12A',113,1,2016,2017,21,21,0,0,0,0,0,0,'','','Regular',5,1,'2017-09-03 15:40:58'),(567,1444,76,'CT','S12A',113,1,2016,2017,21,21,0,0,0,0,0,0,'','','Regular',5,1,'2017-09-03 15:40:58'),(568,1445,76,'','',113,1,2016,2017,0,0,0,0,0,0,0,0,'','','Special',5,1,'2017-09-03 15:40:58'),(569,1446,76,'IRR','',113,1,2016,2017,0,0,0,0,0,0,0,0,'','','Special',5,1,'2017-09-03 15:40:58'),(570,1447,78,'CSE-3','S11',113,1,2016,2017,14,14,0,0,0,0,0,0,'','','Regular',5,1,'2017-09-03 15:40:59'),(571,1447,78,'NE-3','S12',113,1,2016,2017,19,19,0,0,0,0,0,0,'','','Regular',5,1,'2017-09-03 15:40:59'),(572,1372,78,'SHS','11-G',113,1,2016,2017,0,0,0,1,0,0,0,0,'','','Regular',5,1,'2017-09-03 15:40:59'),(573,1372,78,'SHS','11-H',113,1,2016,2017,0,0,0,1,0,0,0,0,'','','Regular',5,1,'2017-09-03 15:40:59'),(574,1428,78,'IRR','S15',113,1,2016,2017,21,21,0,0,0,0,0,0,'','','Regular',5,1,'2017-09-03 15:40:59'),(575,1348,50,'ADMIN','',113,1,2016,2017,0,0,0,0,0,0,0,0,'','','Regular',5,1,'2017-09-03 15:40:59'),(576,1349,79,'CSS-2','X22',113,1,2016,2017,32,32,0,0,0,0,0,0,'','','Regular',5,1,'2017-09-03 15:40:59'),(577,1395,79,'CSS-3','X22',113,1,2016,2017,11,11,0,0,0,0,0,0,'','','Regular',5,1,'2017-09-03 15:40:59'),(578,1449,79,'CSS-3','X22',113,1,2016,2017,12,12,0,0,0,0,0,0,'','','Regular',5,1,'2017-09-03 15:40:59'),(579,1380,79,'CSS-IRR','X22',113,1,2016,2017,9,9,0,0,0,0,0,0,'','','Regular',5,1,'2017-09-03 15:40:59'),(580,1345,53,'IRR','S19',113,1,2016,2017,22,22,0,0,0,0,0,0,'','','Regular',5,1,'2017-09-03 15:40:59'),(581,1345,53,'IRR','S20',113,1,2016,2017,22,22,0,0,0,0,0,0,'','','Regular',5,1,'2017-09-03 15:40:59'),(582,1372,53,'SHS','11-B',113,1,2016,2017,0,0,0,1,0,0,0,0,'','','Regular',5,1,'2017-09-03 15:40:59'),(583,1372,53,'SHS','11-C',113,1,2016,2017,0,0,0,1,0,0,0,0,'','','Regular',5,1,'2017-09-03 15:40:59'),(584,1345,54,'CS-1','S17A',113,1,2016,2017,21,21,0,0,0,0,0,0,'','','Regular',5,1,'2017-09-03 15:40:59'),(585,1345,54,'CS-1','S18A',113,1,2016,2017,20,20,0,0,0,0,0,0,'','','Regular',5,1,'2017-09-03 15:40:59'),(586,1315,54,'IRR','S',113,1,2016,2017,18,18,0,0,0,0,0,0,'','','Regular',5,1,'2017-09-03 15:40:59'),(587,1450,54,'COS','N1',113,1,2016,2017,11,11,0,0,0,0,0,0,'','','Regular',5,1,'2017-09-03 15:40:59'),(588,1451,80,'GRAD','G1',113,1,2016,2017,7,7,0,0,0,0,0,0,'','','Regular',5,1,'2017-09-03 15:40:59'),(589,1354,80,'ADMIN','',113,1,2016,2017,0,0,0,0,0,0,0,0,'','','Regular',5,1,'2017-09-03 15:40:59'),(590,1366,80,'GRAD','',113,1,2016,2017,0,0,0,0,0,0,0,0,'','','Special',5,1,'2017-09-03 15:40:59'),(591,1387,80,'IRR','',113,1,2016,2017,0,0,0,0,0,0,0,0,'','','Special',5,1,'2017-09-03 15:40:59'),(592,1412,81,'IS-3','S14A',113,1,2016,2017,27,27,0,0,0,0,0,0,'','','Regular',5,1,'2017-09-03 15:40:59'),(593,1412,81,'IS-3','S14B',113,1,2016,2017,23,23,0,0,0,0,0,0,'','','Regular',5,1,'2017-09-03 15:40:59'),(594,1355,81,'IRR','',113,1,2016,2017,0,0,0,0,0,0,0,0,'','','Special',5,1,'2017-09-03 15:40:59'),(595,1351,81,'URCO','',113,1,2016,2017,0,0,0,0,0,0,0,0,'','','Regular',5,1,'2017-09-03 15:40:59'),(596,1453,81,'ST-4','S17',113,1,2016,2017,0,0,0,0,0,0,0,0,'','','Regular',5,1,'2017-09-03 15:40:59'),(597,1453,81,'ST-4','S18',113,1,2016,2017,0,0,0,0,0,0,0,0,'','','Regular',5,1,'2017-09-03 15:40:59'),(598,1453,81,'ST-4','S19',113,1,2016,2017,0,0,0,0,0,0,0,0,'','','Regular',5,1,'2017-09-03 15:40:59'),(599,1349,55,'ST-2','S17',113,1,2016,2017,0,0,0,0,0,0,0,0,'','','Regular',5,1,'2017-09-03 15:40:59'),(600,1454,55,'URCO','',113,1,2016,2017,0,0,0,0,0,0,0,0,'','','Regular',5,1,'2017-09-03 15:40:59'),(601,1361,55,'ADMIN','',113,1,2016,2017,0,0,0,0,0,0,0,0,'','','Regular',5,1,'2017-09-03 15:40:59'),(602,1455,82,'GRAD','G1',113,1,2016,2017,9,9,0,0,0,0,0,0,'','','Regular',5,1,'2017-09-03 15:40:59'),(603,1456,82,'ADMIN','',113,1,2016,2017,0,0,0,0,0,0,0,0,'','','Regular',5,1,'2017-09-03 15:40:59'),(604,1342,82,'ADMIN','',113,1,2016,2017,0,0,0,0,0,0,0,0,'','','Regular',5,1,'2017-09-03 15:40:59'),(605,1457,82,'ST-4','S17',113,1,2016,2017,0,0,0,0,0,0,0,1,'STELEC','','Regular',5,1,'2017-09-03 15:40:59'),(606,1458,82,'GRAD','',113,1,2016,2017,0,0,0,0,0,0,0,0,'','','Special',5,1,'2017-09-03 15:40:59'),(607,1459,58,'COS','',113,1,2016,2017,5,5,0,0,0,0,0,0,'','','Special',5,1,'2017-09-03 15:40:59'),(608,1460,58,'ST-3','S18',113,1,2016,2017,40,40,0,0,0,0,0,1,'STELEC','','Regular',5,1,'2017-09-03 15:40:59'),(609,1461,58,'IRR','S17',113,1,2016,2017,24,24,0,0,0,0,0,0,'','','Regular',5,1,'2017-09-03 15:40:59'),(610,1345,58,'CS-1','S17B',113,1,2016,2017,20,20,0,0,0,0,0,0,'','','Regular',5,1,'2017-09-03 15:40:59'),(611,1345,58,'CS-1','S18B',113,1,2016,2017,20,20,0,0,0,0,0,0,'','','Regular',5,1,'2017-09-03 15:40:59'),(612,1449,83,'ST-3','S17',113,1,2016,2017,20,20,0,0,0,0,0,0,'','','Regular',5,1,'2017-09-03 15:40:59'),(613,1449,83,'ST-3','S18A',113,1,2016,2017,18,18,0,0,0,0,0,0,'','','Regular',5,1,'2017-09-03 15:40:59'),(614,1449,83,'ST-3','S18B',113,1,2016,2017,20,20,0,0,0,0,0,0,'','','Regular',5,1,'2017-09-03 15:40:59'),(615,1351,83,'URCO','',113,1,2016,2017,0,0,0,0,0,0,0,0,'','','Regular',5,1,'2017-09-03 15:40:59'),(616,1417,83,'COS','',113,1,2016,2017,0,0,0,0,0,0,0,0,'','','Special',5,1,'2017-09-03 15:40:59'),(617,1367,83,'ST-4','S17',113,1,2016,2017,0,0,0,0,0,0,0,0,'','','Regular',5,1,'2017-09-03 15:40:59'),(618,1367,83,'ST-4','S18',113,1,2016,2017,0,0,0,0,0,0,0,0,'','','Regular',5,1,'2017-09-03 15:40:59'),(619,1367,83,'ST-4','S19',113,1,2016,2017,0,0,0,0,0,0,0,0,'','','Regular',5,1,'2017-09-03 15:40:59'),(620,1463,59,'ST-2','S17',113,1,2016,2017,32,32,0,0,0,0,0,0,'','','Regular',5,1,'2017-09-03 15:40:59'),(621,1463,59,'ST-2','S18',113,1,2016,2017,22,22,0,0,0,0,0,0,'','','Regular',5,1,'2017-09-03 15:40:59'),(622,1463,59,'ST-2','S19',113,1,2016,2017,41,41,0,0,0,0,0,0,'','','Regular',5,1,'2017-09-03 15:40:59'),(623,1464,59,'IRR','',113,1,2016,2017,0,0,0,0,0,0,0,0,'','','Special',5,1,'2017-09-03 15:40:59'),(624,1465,59,'GRAD','',113,1,2016,2017,0,0,0,0,0,0,0,0,'','','Special',5,1,'2017-09-03 15:40:59'),(625,1466,59,'GRAD','G1',113,1,2016,2017,12,12,0,0,0,0,0,0,'','','Regular',5,1,'2017-09-03 15:40:59'),(626,1316,60,'ADMIN','',113,1,2016,2017,0,0,0,0,0,0,0,0,'','','Regular',5,1,'2017-09-03 15:40:59'),(627,1463,60,'CSS-2','X22',113,1,2016,2017,20,20,0,0,0,0,0,0,'','','Regular',5,1,'2017-09-03 15:40:59'),(628,1467,60,'DIT','G1',113,1,2016,2017,12,12,0,0,0,0,0,0,'','','Regular',5,1,'2017-09-03 15:40:59'),(629,1369,61,'ADMIN','',113,1,2016,2017,0,0,0,0,0,0,0,0,'','','Regular',5,1,'2017-09-03 15:40:59'),(630,1316,61,'ADMIN','',113,1,2016,2017,0,0,0,0,0,0,0,0,'','','Regular',5,1,'2017-09-03 15:40:59'),(631,1468,61,'GRAD','',113,1,2016,2017,0,0,0,0,0,0,0,0,'','','Special',5,1,'2017-09-03 15:40:59'),(632,1469,61,'GRAD','',113,1,2016,2017,0,0,0,0,0,0,0,0,'','','Special',5,1,'2017-09-03 15:40:59'),(633,1351,93,'URCO','',113,1,2016,2017,0,0,0,0,0,0,0,0,'','','Regular',5,1,'2017-09-03 15:40:59'),(634,1434,93,'ST-4','S17',113,1,2016,2017,32,32,0,0,0,0,0,0,'','','Regular',5,1,'2017-09-03 15:40:59'),(635,1434,93,'ST-4','S18',113,1,2016,2017,45,45,0,0,0,0,0,0,'','','Regular',5,1,'2017-09-03 15:40:59'),(636,1313,93,'','',113,1,2016,2017,2,2,0,0,0,0,0,0,'','','Regular',5,1,'2017-09-03 15:40:59'),(637,1312,93,'','',113,1,2016,2017,2,2,0,0,0,0,0,0,'','','Regular',5,1,'2017-09-03 15:40:59'),(638,1376,84,'IT-2','S15B',113,1,2016,2017,16,16,0,0,0,0,0,0,'','','Regular',5,1,'2017-09-03 15:40:59'),(639,1376,84,'IT-2','S16B',113,1,2016,2017,22,22,0,0,0,0,0,0,'','','Regular',5,1,'2017-09-03 15:40:59'),(640,1372,84,'SHS','11-F',113,1,2016,2017,0,0,0,1,0,0,0,0,'','','Regular',5,1,'2017-09-03 15:40:59'),(641,1372,84,'SHS','11-J',113,1,2016,2017,0,0,0,1,0,0,0,0,'','','Regular',5,1,'2017-09-03 15:40:59'),(642,1473,72,'GRAD','G1',113,1,2016,2017,1,1,0,0,0,0,0,0,'','','Regular',5,1,'2017-09-03 15:40:59'),(643,1372,94,'SHS','11-E',113,1,2016,2017,0,0,0,1,0,0,0,0,'','','Regular',5,1,'2017-09-03 15:40:59'),(644,1475,95,'GRAD','G1',113,1,2016,2017,21,21,0,0,0,0,0,0,'','','Regular',5,1,'2017-09-03 15:40:59'),(645,1476,95,'GRAD','G1',113,1,2016,2017,6,6,0,0,0,0,0,0,'','','Regular',5,1,'2017-09-03 15:40:59'),(646,1477,96,'CSS-4','X22',113,1,2016,2017,6,6,0,0,0,0,0,1,'STELEC','','Regular',5,1,'2017-09-03 15:40:59'),(647,1478,75,'NE-4','S12',113,1,2016,2017,20,20,0,0,0,0,0,1,'NEELEC','','Regular',5,1,'2017-09-03 15:40:59'),(648,1479,75,'ST-3','S17',113,1,2016,2017,33,33,0,0,0,0,0,1,'STELEC','','Regular',5,1,'2017-09-03 15:40:59'),(649,1480,75,'ST-4','S19',113,1,2016,2017,23,23,0,0,0,0,0,1,'STELEC','','Regular',5,1,'2017-09-03 15:40:59'),(650,1479,75,'CSS-3','X22',113,1,2016,2017,14,14,0,0,0,0,0,1,'STELEC','','Regular',5,1,'2017-09-03 15:40:59'),(651,1481,75,'GRAD','',113,1,2016,2017,0,0,0,0,0,0,0,0,'','','Special',5,1,'2017-09-03 15:40:59'),(652,1482,75,'GRAD','',113,1,2016,2017,0,0,0,0,0,0,0,0,'','','Special',5,1,'2017-09-03 15:40:59'),(653,1412,86,'IS-3','X22',113,1,2016,2017,6,6,0,0,0,0,0,0,'','','Regular',5,1,'2017-09-03 15:40:59'),(654,1483,77,'GRAD','G1',113,1,2016,2017,4,4,0,0,0,0,0,0,'','','Regular',5,1,'2017-09-03 15:40:59'),(655,1484,77,'GRAD','G1',113,1,2016,2017,9,9,0,0,0,0,0,0,'','','Regular',5,1,'2017-09-03 15:40:59'),(656,1343,77,'IT','S15A',113,1,2016,2017,0,0,0,0,0,0,0,0,'','','Regular',5,1,'2017-09-03 15:40:59'),(657,1343,77,'IT','S15B',113,1,2016,2017,0,0,0,0,0,0,0,0,'','','Regular',5,1,'2017-09-03 15:40:59'),(658,1379,77,'','XS2',113,1,2016,2017,0,0,0,0,0,0,0,0,'','','Regular',5,1,'2017-09-03 15:40:59'),(659,1485,87,'IT','S21',113,1,2016,2017,24,24,0,0,0,0,0,0,'','','Regular',5,1,'2017-09-03 15:40:59'),(660,1486,87,'IRR','S15',113,1,2016,2017,23,23,0,0,0,0,0,0,'','','Regular',5,1,'2017-09-03 15:40:59'),(661,1487,97,'GRAD','',113,1,2016,2017,6,6,0,0,0,0,0,0,'','','Special',5,1,'2017-09-03 15:40:59'),(662,1349,97,'ST-2','S18',113,1,2016,2017,39,39,0,0,0,0,0,0,'','','Regular',5,1,'2017-09-03 15:40:59'),(663,1433,98,'ST-3','S17',113,1,2016,2017,35,35,0,0,0,0,0,0,'','','Regular',5,1,'2017-09-03 15:40:59'),(664,1433,98,'ST-3','S18',113,1,2016,2017,43,43,0,0,0,0,0,0,'','','Regular',5,1,'2017-09-03 15:40:59'),(665,1488,88,'RCOB','C31',113,1,2016,2017,20,20,0,0,0,0,0,0,'','','Regular',5,1,'2017-09-03 15:40:59'),(666,1489,88,'RCOB','A51',113,1,2016,2017,24,24,0,0,0,0,0,0,'','','Regular',5,1,'2017-09-03 15:40:59'),(667,1380,88,'IRR','S17',113,1,2016,2017,22,22,0,0,0,0,0,0,'','','Regular',5,1,'2017-09-03 15:40:59'),(668,1380,88,'IRR','S20',113,1,2016,2017,22,22,0,0,0,0,0,0,'','','Regular',5,1,'2017-09-03 15:40:59'),(669,1379,88,'','',113,1,2016,2017,0,0,0,0,0,0,0,0,'','','Special',5,1,'2017-09-03 15:40:59'),(909,1380,1,'','',0,1,1,1,45,0,0,0,0,42,0,0,' ','','Regular',5,0,'2017-11-14 19:32:06'),(907,1381,1,'','',0,1,1,1,45,0,0,0,0,42,0,0,' ','','Regular',5,0,'2017-11-14 19:32:06'),(908,1355,1,'','',0,1,1,1,45,0,0,0,0,42,0,0,' ','','Regular',5,0,'2017-11-14 19:32:06'),(906,1463,1,'','',0,1,1,1,45,0,0,0,0,42,0,0,' ','','Regular',5,0,'2017-11-14 19:32:06'),(905,1347,1,'','S17',0,1,1,1,45,0,0,0,0,42,0,0,' ','','Regular',5,0,'2017-11-14 19:32:06'),(904,1371,1,'','',0,1,1,1,45,0,0,0,0,42,0,0,' ','','Regular',5,0,'2017-11-14 19:32:06');
/*!40000 ALTER TABLE `offering` ENABLE KEYS */;
UNLOCK TABLES;

--
-- Table structure for table `preference`
--

DROP TABLE IF EXISTS `preference`;
/*!40101 SET @saved_cs_client     = @@character_set_client */;
/*!40101 SET character_set_client = utf8 */;
CREATE TABLE `preference` (
  `pref_id` int(11) NOT NULL AUTO_INCREMENT,
  `faculty_id` int(11) DEFAULT NULL,
  `hours_to_teach` varchar(100) DEFAULT NULL,
  `days_to_teach` varchar(5) DEFAULT NULL,
  `courses_to_teach` varchar(100) DEFAULT NULL,
  `other_remark` varchar(100) DEFAULT NULL,
  `time_stamp` timestamp NOT NULL DEFAULT CURRENT_TIMESTAMP ON UPDATE CURRENT_TIMESTAMP,
  PRIMARY KEY (`pref_id`)
) ENGINE=MyISAM DEFAULT CHARSET=latin1;
/*!40101 SET character_set_client = @saved_cs_client */;

--
-- Dumping data for table `preference`
--

LOCK TABLES `preference` WRITE;
/*!40000 ALTER TABLE `preference` DISABLE KEYS */;
/*!40000 ALTER TABLE `preference` ENABLE KEYS */;
UNLOCK TABLES;

--
-- Table structure for table `requisite`
--

DROP TABLE IF EXISTS `requisite`;
/*!40101 SET @saved_cs_client     = @@character_set_client */;
/*!40101 SET character_set_client = utf8 */;
CREATE TABLE `requisite` (
  `requisite_id` int(11) NOT NULL AUTO_INCREMENT,
  `course_id` int(11) DEFAULT NULL,
  `req_course_id` int(11) DEFAULT NULL,
  `req_type` int(11) DEFAULT NULL COMMENT '1 - prerequisite, 2 - soft prerequisite, 3 - co requisite',
  `time_stamp` timestamp NOT NULL DEFAULT CURRENT_TIMESTAMP ON UPDATE CURRENT_TIMESTAMP,
  PRIMARY KEY (`requisite_id`)
) ENGINE=MyISAM DEFAULT CHARSET=latin1;
/*!40101 SET character_set_client = @saved_cs_client */;

--
-- Dumping data for table `requisite`
--

LOCK TABLES `requisite` WRITE;
/*!40000 ALTER TABLE `requisite` DISABLE KEYS */;
/*!40000 ALTER TABLE `requisite` ENABLE KEYS */;
UNLOCK TABLES;

--
-- Table structure for table `room`
--

DROP TABLE IF EXISTS `room`;
/*!40101 SET @saved_cs_client     = @@character_set_client */;
/*!40101 SET character_set_client = utf8 */;
CREATE TABLE `room` (
  `room_id` int(11) NOT NULL AUTO_INCREMENT,
  `room_code` varchar(45) DEFAULT NULL,
  `room_location` varchar(45) DEFAULT NULL,
  `room_type` varchar(50) DEFAULT NULL,
  `room_capacity` int(11) DEFAULT NULL,
  `building_id` int(11) DEFAULT NULL,
  `time_stamp` timestamp NOT NULL DEFAULT CURRENT_TIMESTAMP ON UPDATE CURRENT_TIMESTAMP,
  PRIMARY KEY (`room_id`)
) ENGINE=InnoDB AUTO_INCREMENT=61 DEFAULT CHARSET=utf8;
/*!40101 SET character_set_client = @saved_cs_client */;

--
-- Dumping data for table `room`
--

LOCK TABLES `room` WRITE;
/*!40000 ALTER TABLE `room` DISABLE KEYS */;
INSERT INTO `room` VALUES (1,'G201','Taft','Lecture',45,5,'2017-07-27 07:55:45'),(2,'G202','Taft','Lecture',45,5,'2017-07-27 07:55:45'),(3,'G203','Taft','Lecture',45,5,'2017-07-27 07:55:45'),(4,'G204','Taft','Lecture',45,5,'2017-07-27 07:55:45'),(5,'G205','Taft','Lecture',45,5,'2017-07-27 07:55:45'),(6,'G206','Taft','Lecture',45,5,'2017-07-27 07:55:45'),(7,'G207','Taft','Lecture',45,5,'2017-07-27 07:55:45'),(8,'G208','Taft','Lecture',45,5,'2017-07-27 07:55:45'),(9,'G209','Taft','Lecture',45,5,'2017-07-27 07:55:45'),(10,'G210','Taft','Lecture',45,5,'2017-07-27 07:55:45'),(11,'G211','Taft','Lecture',45,5,'2017-07-27 07:55:45'),(12,'G212','Taft','Lecture',45,5,'2017-07-27 07:55:45'),(13,'G213','Taft','Lecture',45,5,'2017-07-27 07:55:45'),(14,'G301','Taft','Computer Laboratory',45,5,'2017-07-27 07:55:45'),(15,'G302','Taft','Computer Laboratory',45,5,'2017-07-27 07:55:45'),(16,'G302A','Taft','Computer Laboratory',20,5,'2017-07-27 07:55:45'),(17,'G302B','Taft','Computer Laboratory',20,5,'2017-07-27 07:55:45'),(18,'G304A','Taft','Computer Laboratory',20,5,'2017-07-27 07:55:45'),(19,'G304B','Taft','Computer Laboratory',20,5,'2017-07-27 07:55:45'),(20,'G306A','Taft','Computer Laboratory',20,5,'2017-07-27 07:55:45'),(21,'G306B','Taft','Computer Laboratory',20,5,'2017-07-27 07:55:45'),(22,'G401','Taft','Lecture',45,5,'2017-07-27 07:55:45'),(23,'G403','Taft','Lecture',45,5,'2017-07-27 07:55:45'),(24,'G405','Taft','Lecture',45,5,'2017-07-27 07:55:45'),(25,'AG1205','Taft','Lecture',45,6,'2017-07-27 07:55:45'),(26,'AG1706','Taft','Lecture',45,6,'2017-07-27 07:55:45'),(27,'LS228','Taft','Lecture',45,2,'2017-07-27 07:55:45'),(28,'LS229','Taft','Lecture',45,2,'2017-07-27 07:55:45'),(29,'LS302','Taft','Lecture',45,2,'2017-07-27 07:55:45'),(30,'LS303','Taft','Lecture',45,2,'2017-07-27 07:55:45'),(31,'LS304','Taft','Lecture',45,2,'2017-07-27 07:55:45'),(32,'LS308','Taft','Lecture',45,2,'2017-07-27 07:55:45'),(33,'LS310','Taft','Lecture',45,2,'2017-07-27 07:55:45'),(34,'LS316','Taft','Lecture',45,2,'2017-07-27 07:55:45'),(35,'LS320','Taft','Lecture',45,2,'2017-07-27 07:55:45'),(36,'LS332','Taft','Lecture',45,2,'2017-07-27 07:55:45'),(37,'LS333','Taft','Lecture',45,2,'2017-07-27 07:55:45'),(38,'LS335','Taft','Lecture',45,2,'2017-07-27 07:55:45'),(39,'SM308','Taft','Lecture',45,13,'2017-07-27 07:55:45'),(40,'SM310','Taft','Lecture',45,13,'2017-07-27 07:55:45'),(41,'SM311','Taft','Lecture',45,13,'2017-07-27 07:55:45'),(42,'SM312','Taft','Lecture',45,13,'2017-07-27 07:55:45'),(43,'SM313','Taft','Lecture',45,13,'2017-07-27 07:55:45'),(44,'SM314','Taft','Lecture',45,13,'2017-07-27 07:55:45'),(45,'SJ212','Taft','Lecture',45,14,'2017-07-27 07:55:45'),(46,'SJ314','Taft','Lecture',45,14,'2017-07-27 07:55:45'),(47,'V301','Taft','Lecture',45,3,'2017-07-27 07:55:45'),(48,'MRE014','STC','Lecture',45,17,'2017-07-27 07:55:45'),(49,'MRE313','STC','Lecture',45,17,'2017-07-27 07:55:45'),(50,'MRE412','STC','Lecture',45,17,'2017-07-27 07:55:45'),(51,'MRELAB','STC','Computer Laboratory',45,17,'2017-07-27 07:55:45'),(52,'MRW204','STC','Lecture',45,17,'2017-07-27 07:55:45'),(53,'MRW403','STC','Lecture',45,17,'2017-07-27 07:55:45'),(54,'MRW404','STC','Lecture',45,17,'2017-07-27 07:55:45'),(55,'MRW411','STC','Lecture',45,17,'2017-07-27 07:55:45'),(56,'MRW414','STC','Lecture',45,17,'2017-07-27 07:55:45'),(58,'ER701','Taft','Lecture',45,7,'2017-07-27 08:32:08'),(59,'Y503','Taft','Lecture',45,10,'2017-07-27 08:32:08'),(60,'No Room','None','None',0,1,'2017-10-08 18:12:31');
/*!40000 ALTER TABLE `room` ENABLE KEYS */;
UNLOCK TABLES;

--
-- Table structure for table `specialization`
--

DROP TABLE IF EXISTS `specialization`;
/*!40101 SET @saved_cs_client     = @@character_set_client */;
/*!40101 SET character_set_client = utf8 */;
CREATE TABLE `specialization` (
  `spec_id` int(11) NOT NULL AUTO_INCREMENT,
  `faculty_id` int(11) DEFAULT NULL,
  `area_id` int(11) DEFAULT NULL,
  `time_stamp` timestamp NOT NULL DEFAULT CURRENT_TIMESTAMP ON UPDATE CURRENT_TIMESTAMP,
  PRIMARY KEY (`spec_id`)
) ENGINE=MyISAM DEFAULT CHARSET=latin1;
/*!40101 SET character_set_client = @saved_cs_client */;

--
-- Dumping data for table `specialization`
--

LOCK TABLES `specialization` WRITE;
/*!40000 ALTER TABLE `specialization` DISABLE KEYS */;
/*!40000 ALTER TABLE `specialization` ENABLE KEYS */;
UNLOCK TABLES;

--
-- Table structure for table `users`
--

DROP TABLE IF EXISTS `users`;
/*!40101 SET @saved_cs_client     = @@character_set_client */;
/*!40101 SET character_set_client = utf8 */;
CREATE TABLE `users` (
  `user_id` int(11) NOT NULL,
  `college_id` int(11) DEFAULT NULL,
  `dept_id` int(11) DEFAULT NULL,
  `first_name` varchar(70) DEFAULT NULL,
  `middle_name` varchar(70) DEFAULT NULL,
  `last_name` varchar(70) DEFAULT NULL,
  `user_type` varchar(70) DEFAULT NULL,
  `user_password` varchar(200) DEFAULT NULL,
  `time_stamp` timestamp NOT NULL DEFAULT CURRENT_TIMESTAMP ON UPDATE CURRENT_TIMESTAMP,
  PRIMARY KEY (`user_id`)
) ENGINE=MyISAM DEFAULT CHARSET=latin1;
/*!40101 SET character_set_client = @saved_cs_client */;

--
-- Dumping data for table `users`
--

LOCK TABLES `users` WRITE;
/*!40000 ALTER TABLE `users` DISABLE KEYS */;
INSERT INTO `users` VALUES (22590997,2,12,'Arnulfo','','Azcarraga','Faculty','iLoveCCS','2017-07-13 03:01:27'),(22317443,2,12,'Allan','','Borra','Faculty','iLoveCCS','2017-07-13 03:01:27'),(22778675,2,12,'Neil','','Bretana','Faculty','iLoveCCS','2017-07-13 03:01:27'),(22718119,2,12,'Remedios','','Bulos','Faculty','iLoveCCS','2017-07-13 03:01:27'),(22526611,2,12,'Miguel','','Cabral','Faculty','iLoveCCS','2017-07-13 03:01:27'),(22090001,2,12,'Chelsea','','Celestino','Faculty','iLoveCCS','2017-07-13 03:01:27'),(22176192,2,12,'Charibeth','','Cheng','Faculty','iLoveCCS','2017-07-13 03:01:27'),(22675888,2,12,'Kai Shan','','Fernandez','Faculty','iLoveCCS','2017-07-13 03:01:27'),(22165677,2,12,'Gian','','Fontanilla','Faculty','iLoveCCS','2017-07-13 03:01:27'),(22778155,2,12,'Juan Lorenzo','','Hagad','Faculty','iLoveCCS','2017-07-13 03:01:27'),(22879890,2,12,'Nathalie','','Lim-Cheng','Faculty','iLoveCCS','2017-07-13 03:01:27'),(22647488,2,12,'Teresita','','Limoanco','Faculty','iLoveCCS','2017-07-13 03:01:27'),(22764530,2,12,'Ethel','','Ong','Faculty','iLoveCCS','2017-07-13 03:01:27'),(22784944,2,12,'Ralph','','Regalado','Faculty','iLoveCCS','2017-07-13 03:01:27'),(22611389,2,12,'Rachel','','Roxas','Faculty','iLoveCCS','2017-07-13 03:01:27'),(22374777,2,12,'Florante','','Salvador','Faculty','iLoveCCS','2017-07-13 03:01:27'),(22711414,2,12,'See','','Solomon','Faculty','iLoveCCS','2017-07-13 03:01:27'),(22683488,2,12,'Raymund','','Sison','Faculty','iLoveCCS','2017-07-13 03:01:27'),(22637450,2,12,'Merlin','','Suarez','Faculty','iLoveCCS','2017-07-13 03:01:27'),(22234115,2,12,'Leif','','Syliongka','Faculty','iLoveCCS','2017-07-13 03:01:27'),(22177932,2,12,'Rhia','','Trogo','Faculty','iLoveCCS','2017-07-13 03:01:27'),(22098177,2,12,'Marjorie','','Chuacokiong','Faculty','iLoveCCS','2017-07-13 03:01:27'),(22832111,2,12,'Federico','','Gonzales','Faculty','iLoveCCS','2017-07-13 03:01:27'),(22344564,2,12,'Keone','','Medina','Faculty','iLoveCCS','2017-07-13 03:01:27'),(22039001,2,12,'Rose Ann','','Sale','Faculty','iLoveCCS','2017-07-13 03:01:27'),(22155322,2,12,'Joanne','','Vilda','Faculty','iLoveCCS','2017-07-13 03:01:27'),(22833990,2,12,'Jason','','Wong','Faculty','iLoveCCS','2017-07-13 03:01:27'),(22567683,2,12,'Emerico','','Aguilar','Faculty','iLoveCCS','2017-07-13 03:01:27'),(22098909,2,12,'Eric','','Navarro','Faculty','iLoveCCS','2017-07-13 03:01:27'),(11111111,9,42,'No',NULL,'Prof','Faculty','iLoveCCS','2017-10-05 20:33:48'),(22742131,2,12,'Rafael','','Cabredo','Chair','iLoveCCS','2017-08-02 18:24:21'),(22414157,2,12,'Shirley','','Chu','Faculty','iLoveCCS','2017-07-13 03:01:27'),(22314156,2,10,'Judith','','Azcarraga','Faculty','iLoveCCS','2017-07-13 03:01:27'),(22648495,2,12,'Gregory','','Cu','Faculty','iLoveCCS','2017-07-13 03:01:27'),(22734526,2,12,'Jordan','','Deja','Faculty','iLoveCCS','2017-07-13 03:01:27'),(22523467,2,12,'Ryan','','Dimaunahan','Vice Chair','iLoveCCS','2017-08-02 18:25:00'),(22576895,2,12,'Christine','','Gendrano','Faculty','iLoveCCS','2017-07-13 03:01:27'),(22241516,2,12,'Nelson','','Marcos','Faculty','iLoveCCS','2017-07-13 03:01:27'),(22543787,2,12,'Courtney','','Ngo','Faculty','iLoveCCS','2017-07-13 03:01:27'),(22425252,2,12,'Conrado','','Ruiz','Faculty','iLoveCCS','2017-07-13 03:01:27'),(22456783,2,12,'Briane','','Samson','Faculty','iLoveCCS','2017-07-13 03:01:27'),(22546752,2,12,'Thomas','','Tiam-Lee','Faculty','iLoveCCS','2017-07-13 03:01:27'),(22842352,2,12,'Jolo','','Balbin','Faculty','iLoveCCS','2017-07-13 03:01:27'),(22597519,2,12,'Arturo','','Caronogan','Faculty','iLoveCCS','2017-07-13 03:01:27'),(22563468,2,12,'Pat','','Lu','Faculty','iLoveCCS','2017-07-13 03:01:27'),(22854322,2,12,'John','','Santillana','Faculty','iLoveCCS','2017-07-13 03:01:27'),(22725425,2,11,'Geneva','','Timonera','Faculty','iLoveCCS','2017-07-13 03:01:27'),(22425263,2,11,'Christine Diane','','Lim','Faculty','iLoveCCS','2017-07-13 03:01:27'),(22457287,2,10,'Fritz Kevin','','Flores','Faculty','iLoveCCS','2017-07-13 03:01:27'),(22672356,7,40,'Joie','','Sales','Faculty','iLoveCCS','2017-07-13 03:01:27'),(22723489,2,12,'Stanley','','Tan','Faculty','iLoveCCS','2017-07-13 03:01:27'),(22124479,2,10,'Geanne','','Franco','Faculty','iLoveCCS','2017-07-13 03:01:27'),(22373844,2,10,'Roger','','Uy','Faculty','iLoveCCS','2017-07-13 03:01:27'),(22453891,2,10,'Francesca','','Laguna','Faculty','iLoveCCS','2017-07-13 03:01:27'),(22738947,2,12,'Emilio','','Moghareh','Faculty','iLoveCCS','2017-07-13 03:01:27'),(22784497,2,12,'Jemie','','Que','Faculty','iLoveCCS','2017-07-13 03:01:27'),(22131451,2,42,'Hazel',NULL,'Ventura','Academic Programming Officer','iLoveCCS','2017-07-29 11:29:14'),(29998882,4,18,'Jen',NULL,'Hieida','Faculty','iLoveJAPALA','2017-11-15 05:42:14');
/*!40000 ALTER TABLE `users` ENABLE KEYS */;
UNLOCK TABLES;
/*!40103 SET TIME_ZONE=@OLD_TIME_ZONE */;

/*!40101 SET SQL_MODE=@OLD_SQL_MODE */;
/*!40014 SET FOREIGN_KEY_CHECKS=@OLD_FOREIGN_KEY_CHECKS */;
/*!40014 SET UNIQUE_CHECKS=@OLD_UNIQUE_CHECKS */;
/*!40101 SET CHARACTER_SET_CLIENT=@OLD_CHARACTER_SET_CLIENT */;
/*!40101 SET CHARACTER_SET_RESULTS=@OLD_CHARACTER_SET_RESULTS */;
/*!40101 SET COLLATION_CONNECTION=@OLD_COLLATION_CONNECTION */;
/*!40111 SET SQL_NOTES=@OLD_SQL_NOTES */;

-- Dump completed on 2017-11-15 14:30:53
